time,Mag1_X,Mag1_Y,Mag1_Z,EnvMag1_X,EnvMag1_Y,EnvMag1_Z,Car_Status1,Mag2_X,Mag2_Y,Mag2_Z,EnvMag2_X,EnvMag2_Y,EnvMag2_Z,Car_Status2,Mag3_X,Mag3_Y,Mag3_Z,EnvMag3_X,EnvMag3_Y,EnvMag3_Z,Car_Status3,Mag4_X,Mag4_Y,Mag4_Z,EnvMag4_X,EnvMag4_Y,EnvMag4_Z,Car_Status4
27:29.3,190,-88,-164,190,-88,-164,0,206,-61,-253,206,-61,-253,0,314,-48,-227,314,-48,-227,0,324,-130,-133,324,-130,-133,0
27:30.2,188,-85,-161,189,-86.5,-162.5,0,206,-65,-254,206,-63,-253.5,0,317,-47,-222,315.5,-47.5,-224.5,0,322,-126,-133,323,-128,-133,0
27:31.1,189,-91,-163,189,-88.75,-162.75,0,209,-64,-256,207.5,-63.5,-254.75,0,315,-44,-225,315.25,-45.75,-224.75,0,321,-131,-132,322,-129.5,-132.5,0
27:34.1,188,-86,-161,189,-88.75,-162.75,2,204,-63,-250,207.5,-63.5,-254.75,2,313,-49,-221,315.25,-45.75,-224.75,2,321,-125,-133,322,-129.5,-132.5,2
27:34.5,188,-88,-164,189,-88.75,-162.75,2,208,-66,-254,207.5,-63.5,-254.75,2,318,-45,-225,315.25,-45.75,-224.75,2,321,-127,-136,322,-129.5,-132.5,2
27:34.9,191,-90,-158,189,-88.75,-162.75,2,208,-61,-253,207.5,-63.5,-254.75,2,314,-46,-225,315.25,-45.75,-224.75,2,324,-131,-137,322,-129.5,-132.5,2
27:35.3,190,-84,-164,189,-88.75,-162.75,2,205,-66,-253,207.5,-63.5,-254.75,2,317,-50,-223,315.25,-45.75,-224.75,2,323,-126,-134,322,-129.5,-132.5,2
27:35.8,189,-89,-159,189,-88.75,-162.75,2,209,-64,-255,207.5,-63.5,-254.75,2,315,-44,-228,315.25,-45.75,-224.75,2,322,-129,-132,322,-129.5,-132.5,2
27:36.2,190,-87,-164,189,-88.75,-162.75,2,207,-61,-255,207.5,-63.5,-254.75,2,313,-48,-216,315.25,-45.75,-224.75,2,322,-128,-128,322,-129.5,-132.5,2
27:36.6,187,-85,-159,189,-88.75,-162.75,2,206,-65,-252,207.5,-63.5,-254.75,2,317,-45,-221,315.25,-45.75,-224.75,2,321,-126,-132,322,-129.5,-132.5,2
27:37.0,191,-91,-158,189,-88.75,-162.75,2,210,-62,-253,207.5,-63.5,-254.75,2,315,-46,-223,315.25,-45.75,-224.75,2,325,-133,-134,322,-129.5,-132.5,2
27:37.4,192,-86,-161,189,-88.75,-162.75,0,208,-64,-257,207.5,-63.5,-254.75,0,318,-50,-224,315.25,-45.75,-224.75,0,326,-127,-134,322,-129.5,-132.5,0
27:38.4,190,-90,-160,189,-88.75,-162.75,0,209,-66,-254,207.5,-63.5,-254.75,0,318,-46,-224,315.25,-45.75,-224.75,0,323,-130,-134,322,-129.5,-132.5,0
27:39.3,192,-88,-165,189,-88.75,-162.75,0,207,-63,-255,207.5,-63.5,-254.75,0,315,-50,-224,315.25,-45.75,-224.75,0,326,-130,-134,322,-129.5,-132.5,0
27:40.2,188,-86,-162,189,-88.75,-162.75,0,209,-65,-255,207.5,-63.5,-254.75,0,318,-48,-226,315.25,-45.75,-224.75,0,322,-127,-136,322,-129.5,-132.5,0
27:41.1,192,-91,-164,189,-88.75,-162.75,0,209,-62,-256,207.5,-63.5,-254.75,0,315,-47,-225,315.25,-45.75,-224.75,0,323,-132,-135,322,-129.5,-132.5,0
27:42.1,190,-85,-163,189.05,-88.5625,-162.7625,0,207,-66,-253,207.475,-63.625,-254.6625,0,318,-49,-222,315.3875,-45.9125,-224.6125,0,324,-125,-135,322.1,-129.275,-132.625,0
27:45.0,190,-88,-160,189.0975,-88.534375,-162.624375,0,207,-61,-250,207.45125,-63.49375,-254.429375,0,312,-49,-222,315.218125,-46.066875,-224.481875,0,322,-130,-132,322.095,-129.31125,-132.59375,0
27:47.9,187,-86,-161,188.992625,-88.40765625,-162.5431563,0,207,-66,-250,207.4286875,-63.6190625,-254.2079063,0,315,-47,-224,315.2072188,-46.11353125,-224.4577813,0,319,-125,-131,321.94025,-129.0956875,-132.5140625,0
27:50.8,190,-88,-159,189.0429938,-88.38727344,-162.3659984,0,205,-62,-251,207.3072531,-63.53810938,-254.0475109,0,313,-51,-222,315.0968578,-46.35785469,-224.3348922,0,322,-127,-133,321.9432375,-128.9909031,-132.5383594,0
27:53.8,189,-89,-163,189.0408441,-88.41790977,-162.3976985,0,208,-63,-252,207.3418905,-63.51120391,-253.9451354,0,311,-45,-225,314.8920149,-46.28996195,-224.3681476,0,321,-131,-134,321.8960756,-129.091358,-132.6114414,0
27:56.7,186,-97,-159,188.8888019,-88.84701428,-162.2278136,0,207,-76,-249,207.3418905,-63.51120391,-253.9451354,2,314,-57,-222,314.8474142,-46.82546386,-224.2497402,0,320,-140,-136,321.8012718,-129.6367901,-132.7808693,0
27:59.6,196,-98,-168,189.2443618,-89.30466356,-162.5164229,0,211,-75,-258,207.5247959,-64.08564371,-254.1478786,0,321,-62,-227,314.8474142,-46.82546386,-224.2497402,2,328,-136,-142,322.1112083,-129.9549506,-133.2418259,0
28:02.5,196,-101,-168,189.2443618,-89.30466356,-162.5164229,2,214,-73,-259,207.8485561,-64.53136153,-254.3904847,0,318,-59,-232,314.8474142,-46.82546386,-224.2497402,2,327,-143,-141,322.1112083,-129.9549506,-133.2418259,2
28:03.5,196,-98,-171,189.2443618,-89.30466356,-162.5164229,2,213,-77,-261,207.8485561,-64.53136153,-254.3904847,2,324,-59,-233,314.8474142,-46.82546386,-224.2497402,2,329,-137,-141,322.4556478,-130.307203,-133.6297346,0
28:04.4,197,-103,-169,189.2443618,-89.30466356,-162.5164229,2,216,-74,-260,207.8485561,-64.53136153,-254.3904847,2,321,-55,-235,314.8474142,-46.82546386,-224.2497402,2,329,-143,-144,322.4556478,-130.307203,-133.6297346,2
28:05.3,197,-98,-170,189.2443618,-89.30466356,-162.5164229,2,212,-76,-261,207.8485561,-64.53136153,-254.3904847,2,324,-61,-231,314.8474142,-46.82546386,-224.2497402,2,330,-139,-140,322.8328654,-130.7418429,-133.9482478,0
28:06.2,195,-102,-171,189.2443618,-89.30466356,-162.5164229,2,215,-76,-259,207.8485561,-64.53136153,-254.3904847,2,324,-56,-230,314.8474142,-46.82546386,-224.2497402,2,328,-143,-141,322.8328654,-130.7418429,-133.9482478,2
28:07.1,198,-99,-169,189.2443618,-89.30466356,-162.5164229,2,213,-74,-262,208.1061283,-65.00479345,-254.7709605,0,322,-61,-232,314.8474142,-46.82546386,-224.2497402,2,332,-140,-143,322.8328654,-130.7418429,-133.9482478,2
28:08.1,194,-99,-173,189.2443618,-89.30466356,-162.5164229,2,215,-78,-261,208.1061283,-65.00479345,-254.7709605,2,324,-57,-236,314.8474142,-46.82546386,-224.2497402,2,328,-139,-143,323.0912222,-131.1547507,-134.4008355,0
28:09.0,198,-102,-167,189.2443618,-89.30466356,-162.5164229,2,214,-72,-261,208.4008219,-65.35455378,-255.0824124,0,320,-59,-231,314.8474142,-46.82546386,-224.2497402,2,330,-142,-141,323.0912222,-131.1547507,-134.4008355,2
28:09.9,195,-98,-173,189.2443618,-89.30466356,-162.5164229,2,213,-76,-263,208.4008219,-65.35455378,-255.0824124,2,323,-60,-235,314.8474142,-46.82546386,-224.2497402,2,328,-137,-144,323.3366611,-131.4470132,-134.8807937,0
28:10.8,197,-102,-170,189.2443618,-89.30466356,-162.5164229,2,215,-73,-263,208.7307808,-65.73682609,-255.4782918,0,321,-57,-233,314.8474142,-46.82546386,-224.2497402,2,328,-142,-144,323.3366611,-131.4470132,-134.8807937,2
28:11.8,197,-96,-173,189.2443618,-89.30466356,-162.5164229,2,212,-74,-265,208.8942418,-66.14998478,-255.9543772,0,323,-62,-230,314.8474142,-46.82546386,-224.2497402,2,330,-137,-145,323.669828,-131.7246625,-135.386754,0
28:12.7,194,-101,-170,189.2443618,-89.30466356,-162.5164229,2,215,-77,-260,209.1995297,-66.69248554,-256.1566584,0,323,-56,-234,314.8474142,-46.82546386,-224.2497402,2,327,-139,-144,323.8363366,-132.0884294,-135.8174163,0
28:13.6,198,-99,-169,189.2443618,-89.30466356,-162.5164229,2,213,-73,-264,209.3895532,-67.00786127,-256.5488254,0,321,-61,-233,314.8474142,-46.82546386,-224.2497402,2,330,-141,-141,324.1445198,-132.5340079,-136.0765455,0
28:14.5,195,-96,-173,189.2443618,-89.30466356,-162.5164229,2,214,-78,-263,209.3895532,-67.00786127,-256.5488254,2,324,-58,-233,314.8474142,-46.82546386,-224.2497402,2,329,-137,-141,324.3872938,-132.7573075,-136.3227182,0
28:15.5,197,-101,-169,189.2443618,-89.30466356,-162.5164229,2,216,-73,-262,209.7200756,-67.3074682,-256.8213842,0,322,-57,-234,314.8474142,-46.82546386,-224.2497402,2,329,-143,-140,324.6179291,-133.2694422,-136.5065823,0
28:16.4,197,-97,-172,189.2443618,-89.30466356,-162.5164229,2,212,-75,-263,209.8340718,-67.69209479,-257.130315,0,324,-62,-232,314.8474142,-46.82546386,-224.2497402,2,330,-137,-142,324.8870326,-133.4559701,-136.7812532,0
28:17.3,196,-100,-169,189.2443618,-89.30466356,-162.5164229,2,216,-77,-262,210.1423682,-68.15749005,-257.3737992,0,325,-55,-229,314.8474142,-46.82546386,-224.2497402,2,328,-138,-143,325.042681,-133.6831716,-137.0921905,0
28:18.2,199,-100,-169,189.2443618,-89.30466356,-162.5164229,2,215,-72,-263,210.3852498,-68.34961555,-257.6551093,0,322,-59,-232,314.8474142,-46.82546386,-224.2497402,2,331,-142,-139,325.340547,-134.099013,-137.187581,0
28:19.1,196,-96,-171,189.5821437,-89.63943039,-162.9406018,0,213,-75,-263,210.5159873,-68.68213477,-257.9223538,0,325,-58,-231,314.8474142,-46.82546386,-224.2497402,2,331,-136,-142,325.6235196,-134.1940623,-137.4282019,0
28:22.1,195,-100,-167,189.8530365,-90.15745887,-163.1435717,0,215,-73,-260,210.7401879,-68.89802803,-258.0262361,0,320,-54,-231,315.1050435,-47.18419066,-224.5872532,0,326,-141,-140,325.6423436,-134.5343592,-137.5567919,0
28:25.0,196,-98,-167,190.1603847,-90.54958592,-163.3363931,0,211,-71,-261,210.7531785,-69.00312663,-258.1749243,0,318,-59,-230,315.2497913,-47.77498113,-224.8578905,0,328,-140,-140,325.7602265,-134.8076413,-137.6789523,0
28:27.9,193,-97,-166,190.3023654,-90.87210663,-163.4695734,0,212,-77,-262,210.8155196,-69.4029703,-258.3661781,0,321,-59,-230,315.2497913,-47.77498113,-224.8578905,2,327,-136,-140,325.8222151,-134.8672592,-137.7950046,0
28:30.9,195,-99,-169,190.5372472,-91.2785013,-163.7460948,0,214,-73,-260,210.9747436,-69.58282179,-258.4478692,0,319,-55,-232,315.4373017,-48.13623207,-225.214996,0,326,-140,-138,325.8311044,-135.1238962,-137.8052544,0
28:33.8,195,-96,-169,190.7603848,-91.51457623,-164.00879,0,210,-70,-261,210.9260064,-69.6036807,-258.5754757,0,317,-57,-230,315.5154366,-48.57942047,-225.4542462,0,327,-138,-140,325.8895492,-135.2677014,-137.9149917,0
28:36.7,193,-96,-169,190.8723656,-91.73884742,-164.2583505,0,210,-73,-260,210.8797061,-69.77349666,-258.6467019,0,319,-61,-230,315.5154366,-48.57942047,-225.4542462,2,327,-135,-143,325.9450717,-135.2543164,-138.1692421,0
28:39.6,192,-98,-171,190.9287473,-92.05190505,-164.595433,0,212,-77,-261,210.9357208,-70.13482183,-258.7643668,0,320,-56,-234,315.7396648,-48.95044945,-225.8815339,0,324,-135,-144,325.8478181,-135.2416005,-138.46078,0
28:42.5,194,-100,-170,191.0823099,-92.4493098,-164.8656614,0,212,-73,-262,210.9889348,-70.27808074,-258.9261485,0,318,-54,-233,315.8526816,-49.20292697,-226.2374572,0,325,-143,-142,325.8054272,-135.6295205,-138.637741,0
28:45.5,191,-97,-170,191.0781944,-92.67684431,-165.1223783,0,206,-72,-261,210.739488,-70.3641767,-259.0298411,0,312,-60,-231,315.6600475,-49.74278063,-226.4755843,0,320,-138,-140,325.5151558,-135.7480445,-138.705854,0
28:48.4,236,-92,-202,191.0781944,-92.67684431,-165.1223783,2,241,-67,-302,210.739488,-70.3641767,-259.0298411,2,343,-56,-286,315.6600475,-49.74278063,-226.4755843,2,346,-133,-208,325.5151558,-135.7480445,-138.705854,2
28:48.8,219,-102,-240,191.0781944,-92.67684431,-165.1223783,2,241,-72,-334,210.739488,-70.3641767,-259.0298411,2,346,-62,-309,315.6600475,-49.74278063,-226.4755843,2,353,-140,-216,325.5151558,-135.7480445,-138.705854,2
28:49.2,221,-97,-242,191.0781944,-92.67684431,-165.1223783,2,237,-75,-336,210.739488,-70.3641767,-259.0298411,2,349,-64,-303,315.6600475,-49.74278063,-226.4755843,2,355,-136,-214,325.5151558,-135.7480445,-138.705854,2
28:49.7,219,-100,-241,191.0781944,-92.67684431,-165.1223783,2,240,-75,-335,210.739488,-70.3641767,-259.0298411,2,349,-60,-306,315.6600475,-49.74278063,-226.4755843,2,352,-136,-216,325.5151558,-135.7480445,-138.705854,2
28:50.1,222,-100,-240,191.0781944,-92.67684431,-165.1223783,2,238,-73,-335,210.739488,-70.3641767,-259.0298411,2,346,-62,-306,315.6600475,-49.74278063,-226.4755843,2,355,-139,-215,325.5151558,-135.7480445,-138.705854,2
28:50.5,220,-97,-240,191.0781944,-92.67684431,-165.1223783,2,237,-77,-337,210.739488,-70.3641767,-259.0298411,2,348,-61,-317,315.6600475,-49.74278063,-226.4755843,2,354,-132,-224,325.5151558,-135.7480445,-138.705854,2
28:50.9,221,-97,-241,191.0781944,-92.67684431,-165.1223783,2,237,-73,-336,210.739488,-70.3641767,-259.0298411,2,349,-63,-305,315.6600475,-49.74278063,-226.4755843,2,355,-133,-214,325.5151558,-135.7480445,-138.705854,2
28:51.4,219,-100,-239,191.0781944,-92.67684431,-165.1223783,2,239,-75,-337,210.739488,-70.3641767,-259.0298411,2,348,-61,-307,315.6600475,-49.74278063,-226.4755843,2,350,-139,-218,325.5151558,-135.7480445,-138.705854,2
28:51.8,221,-102,-242,191.0781944,-92.67684431,-165.1223783,2,238,-74,-335,210.739488,-70.3641767,-259.0298411,2,346,-65,-308,315.6600475,-49.74278063,-226.4755843,2,354,-140,-217,325.5151558,-135.7480445,-138.705854,2
28:52.2,219,-98,-241,191.0781944,-92.67684431,-165.1223783,2,236,-76,-337,210.739488,-70.3641767,-259.0298411,2,348,-66,-307,315.6600475,-49.74278063,-226.4755843,2,352,-137,-210,325.5151558,-135.7480445,-138.705854,2
28:52.6,216,-103,-237,191.0781944,-92.67684431,-165.1223783,2,238,-78,-329,210.739488,-70.3641767,-259.0298411,2,345,-63,-301,315.6600475,-49.74278063,-226.4755843,2,349,-139,-211,325.5151558,-135.7480445,-138.705854,2
28:53.1,219,-102,-233,191.0781944,-92.67684431,-165.1223783,2,236,-73,-331,210.739488,-70.3641767,-259.0298411,2,343,-66,-301,315.6600475,-49.74278063,-226.4755843,2,352,-141,-207,325.5151558,-135.7480445,-138.705854,2
28:53.5,217,-100,-237,191.0781944,-92.67684431,-165.1223783,1,235,-81,-331,210.739488,-70.3641767,-259.0298411,2,347,-64,-298,315.6600475,-49.74278063,-226.4755843,2,350,-138,-208,325.5151558,-135.7480445,-138.705854,2
28:54.4,219,-104,-235,191.0781944,-92.67684431,-165.1223783,1,238,-76,-329,210.739488,-70.3641767,-259.0298411,2,343,-64,-300,315.6600475,-49.74278063,-226.4755843,2,352,-143,-213,325.5151558,-135.7480445,-138.705854,2
28:55.3,219,-101,-234,191.0781944,-92.67684431,-165.1223783,1,234,-78,-330,210.739488,-70.3641767,-259.0298411,1,346,-67,-300,315.6600475,-49.74278063,-226.4755843,2,352,-138,-208,325.5151558,-135.7480445,-138.705854,2
28:56.2,216,-106,-236,191.0781944,-92.67684431,-165.1223783,1,237,-78,-328,210.739488,-70.3641767,-259.0298411,1,344,-63,-299,315.6600475,-49.74278063,-226.4755843,2,349,-142,-207,325.5151558,-135.7480445,-138.705854,2
28:57.2,219,-103,-232,191.0781944,-92.67684431,-165.1223783,1,235,-76,-328,210.739488,-70.3641767,-259.0298411,1,344,-67,-300,315.6600475,-49.74278063,-226.4755843,2,352,-142,-205,325.5151558,-135.7480445,-138.705854,2
28:58.1,215,-102,-233,191.0781944,-92.67684431,-165.1223783,1,236,-79,-326,210.739488,-70.3641767,-259.0298411,1,345,-64,-297,315.6600475,-49.74278063,-226.4755843,2,348,-138,-208,325.5151558,-135.7480445,-138.705854,2
29:01.0,217,-100,-232,191.0781944,-92.67684431,-165.1223783,1,232,-77,-328,210.739488,-70.3641767,-259.0298411,1,340,-66,-300,315.6600475,-49.74278063,-226.4755843,1,349,-139,-207,325.5151558,-135.7480445,-138.705854,1
29:03.9,214,-102,-234,191.0781944,-92.67684431,-165.1223783,1,235,-77,-323,210.739488,-70.3641767,-259.0298411,1,341,-64,-294,315.6600475,-49.74278063,-226.4755843,1,346,-142,-208,325.5151558,-135.7480445,-138.705854,1
29:06.9,213,-103,-235,191.0781944,-92.67684431,-165.1223783,1,232,-82,-332,210.739488,-70.3641767,-259.0298411,1,343,-67,-297,315.6600475,-49.74278063,-226.4755843,1,346,-140,-212,325.5151558,-135.7480445,-138.705854,1
29:09.8,218,-98,-240,191.0781944,-92.67684431,-165.1223783,1,233,-74,-335,210.739488,-70.3641767,-259.0298411,1,343,-65,-307,315.6600475,-49.74278063,-226.4755843,1,350,-138,-217,325.5151558,-135.7480445,-138.705854,1
29:12.7,258,-98,-300,191.0781944,-92.67684431,-165.1223783,1,262,-68,-406,210.739488,-70.3641767,-259.0298411,1,356,-62,-382,315.6600475,-49.74278063,-226.4755843,1,352,-144,-283,325.5151558,-135.7480445,-138.705854,1
29:15.6,133,-111,-192,191.0781944,-92.67684431,-165.1223783,1,162,-84,-280,210.739488,-70.3641767,-259.0298411,1,273,-63,-246,315.6600475,-49.74278063,-226.4755843,2,285,-145,-148,325.5151558,-135.7480445,-138.705854,1
29:16.6,180,-99,-170,191.0781944,-92.67684431,-165.1223783,2,196,-74,-266,210.739488,-70.3641767,-259.0298411,2,307,-63,-231,315.6600475,-49.74278063,-226.4755843,2,318,-138,-140,325.5151558,-135.7480445,-138.705854,2
29:17.5,186,-98,-167,191.0781944,-92.67684431,-165.1223783,0,207,-77,-263,210.739488,-70.3641767,-259.0298411,2,316,-55,-231,315.6600475,-49.74278063,-226.4755843,2,320,-138,-144,325.5151558,-135.7480445,-138.705854,2
29:18.4,193,-99,-170,191.0781944,-92.67684431,-165.1223783,0,209,-70,-264,210.739488,-70.3641767,-259.0298411,0,317,-58,-233,315.6600475,-49.74278063,-226.4755843,2,327,-139,-141,325.5151558,-135.7480445,-138.705854,2
29:19.3,191,-97,-171,191.0742847,-92.89300209,-165.4162594,0,212,-77,-261,210.739488,-70.3641767,-259.0298411,0,322,-55,-232,315.6600475,-49.74278063,-226.4755843,2,326,-136,-143,325.5151558,-135.7480445,-138.705854,2
29:22.2,194,-94,-169,191.2205705,-92.94835199,-165.5954464,0,210,-71,-261,210.739488,-70.3641767,-259.0298411,0,317,-59,-231,315.6600475,-49.74278063,-226.4755843,0,326,-138,-141,325.5151558,-135.7480445,-138.705854,2
29:25.2,194,-100,-168,191.3595419,-93.30093439,-165.7156741,0,214,-73,-260,210.739488,-70.3641767,-259.0298411,0,319,-54,-228,315.6600475,-49.74278063,-226.4755843,0,326,-139,-140,325.5151558,-135.7480445,-138.705854,2
29:28.1,194,-94,-170,191.4915648,-93.33588767,-165.9298904,0,210,-75,-261,210.739488,-70.3641767,-259.0298411,0,321,-60,-229,315.6600475,-49.74278063,-226.4755843,0,327,-135,-141,325.5151558,-135.7480445,-138.705854,2
29:31.0,195,-101,-169,191.6669866,-93.71909328,-166.0833959,0,213,-71,-261,210.8525136,-70.39596787,-259.128349,0,317,-57,-233,315.6600475,-49.74278063,-226.4755843,0,327,-141,-141,325.5151558,-135.7480445,-138.705854,2
29:33.9,193,-97,-169,191.7336373,-93.88313862,-166.2292261,0,213,-76,-260,210.9598879,-70.67616947,-259.1719316,0,321,-57,-231,315.6600475,-49.74278063,-226.4755843,0,325,-136,-141,325.5151558,-135.7480445,-138.705854,2
29:36.9,195,-99,-167,191.8969554,-94.13898169,-166.2677648,0,210,-73,-258,210.9118936,-70.792361,-259.113335,0,318,-62,-229,315.7770451,-50.35564159,-226.6018051,0,328,-141,-138,325.5151558,-135.7480445,-138.705854,2
29:39.8,191,-102,-165,191.8521076,-94.5320326,-166.2043765,0,211,-76,-250,210.9162989,-71.05274295,-258.6576682,0,316,-56,-225,315.7770451,-50.35564159,-226.6018051,0,323,-142,-133,325.5151558,-135.7480445,-138.705854,2
29:42.7,188,-94,-162,191.6595023,-94.50543097,-165.9941577,0,204,-74,-252,210.5704839,-71.2001058,-258.3247848,0,314,-59,-222,315.7770451,-50.35564159,-226.6018051,0,320,-136,-129,325.5151558,-135.7480445,-138.705854,0
29:45.6,189,-97,-156,191.5265271,-94.63015943,-165.4944498,0,205,-68,-253,210.2919597,-71.04010051,-258.0585456,0,311,-53,-220,315.7770451,-50.35564159,-226.6018051,0,320,-138,-131,325.5151558,-135.7480445,-138.705854,0
29:48.6,187,-87,-159,191.3002008,-94.24865145,-165.1697273,0,206,-66,-251,210.0773617,-70.78809549,-257.7056183,0,315,-47,-222,315.7381929,-50.18785951,-226.3717149,0,320,-125,-133,325.5151558,-135.7480445,-138.705854,2
29:51.5,190,-89,-159,191.2351908,-93.98621888,-164.861241,0,206,-60,-250,210.0773617,-70.78809549,-257.7056183,2,312,-49,-218,315.5512832,-50.12846654,-225.9531291,0,322,-130,-130,325.5151558,-135.7480445,-138.705854,0
29:54.4,187,-85,-161,191.0234312,-93.53690794,-164.6681789,0,205,-66,-253,209.8234937,-70.54869071,-257.4703374,0,315,-47,-220,315.5237191,-49.97204321,-225.6554727,0,319,-126,-132,325.5151558,-135.7480445,-138.705854,2
29:57.3,189,-91,-159,190.9222597,-93.41006254,-164.38477,0,207,-63,-253,209.682319,-70.17125618,-257.2468205,0,313,-47,-220,315.3975331,-49.82344105,-225.372699,0,320,-131,-133,325.2393981,-135.5106423,-138.4205613,0
30:00.3,189,-84,-160,190.8261467,-92.93955941,-164.1655315,0,204,-63,-251,209.398203,-69.81269337,-256.9344795,0,315,-48,-219,315.3776564,-49.732269,-225.0540641,0,321,-125,-131,325.2393981,-135.5106423,-138.4205613,2
30:03.2,187,-88,-161,190.6348393,-92.69258144,-164.0072549,0,207,-67,-253,209.2782929,-69.6720587,-256.7377555,0,314,-45,-221,315.3087736,-49.49565555,-224.8513609,0,322,-131,-133,325.0774282,-135.2851101,-138.1495332,0
30:06.1,187,-85,-161,190.4530974,-92.30795237,-163.8568921,0,207,-66,-251,209.1643782,-69.48845576,-256.4508677,0,315,-46,-221,315.2933349,-49.32087277,-224.6587928,0,319,-127,-133,324.7735567,-134.8708546,-137.8920565,0
30:09.0,189,-90,-159,190.3804425,-92.19255475,-163.6140475,0,208,-62,-253,209.1061593,-69.11403298,-256.2783244,0,312,-47,-222,315.1286682,-49.20482913,-224.5258532,0,320,-132,-130,324.5348789,-134.7273119,-137.4974537,0
30:12.0,189,-86,-159,190.3114204,-91.88292701,-163.3833452,0,204,-62,-253,208.8508514,-68.75833133,-256.1144081,0,313,-49,-219,315.0222348,-49.19458768,-224.2495605,0,321,-127,-134,324.358135,-134.3409463,-137.322581,0
30:14.9,187,-85,-159,190.1458494,-91.53878066,-163.1641779,0,204,-64,-250,208.6083088,-68.52041476,-255.8086877,0,314,-47,-222,314.971123,-49.08485829,-224.1370825,0,320,-125,-131,324.1402282,-133.873899,-137.006452,0
30:17.8,186,-89,-161,189.9385569,-91.41184163,-163.055969,0,207,-66,-251,208.5278933,-68.39439402,-255.5682533,0,314,-46,-220,314.9225669,-48.93061538,-223.9302284,0,318,-127,-132,323.8332168,-133.530204,-136.7561294,0
30:20.7,189,-90,-160,189.891629,-91.34124955,-162.9031706,0,206,-63,-253,208.4014987,-68.12467432,-255.4398407,0,310,-45,-226,314.6764386,-48.73408461,-224.033717,0,320,-130,-132,323.641556,-133.3536938,-136.5183229,0
30:23.7,189,-84,-162,189.8470476,-90.97418707,-162.858012,0,204,-63,-253,208.1814237,-67.86844061,-255.3178486,0,314,-50,-221,314.6426166,-48.79738038,-223.8820311,0,321,-127,-132,323.5094782,-133.0360092,-136.2924068,0
30:26.6,186,-89,-164,189.6546952,-90.87547772,-162.9151114,0,206,-64,-250,208.0723526,-67.67501858,-255.0519562,0,313,-43,-220,314.5604858,-48.50751136,-223.6879296,0,319,-129,-131,323.2840043,-132.8342087,-136.0277864,0
30:29.5,189,-85,-158,189.6219605,-90.58170383,-162.6693559,0,204,-62,-255,207.8687349,-67.39126765,-255.0493584,0,312,-49,-222,314.4324615,-48.53213579,-223.6035331,0,321,-127,-135,323.169804,-132.5424983,-135.9763971,0
30:32.4,188,-87,-162,189.5408624,-90.40261864,-162.6358881,0,207,-64,-249,207.8252982,-67.22170426,-254.7468905,0,312,-45,-220,314.3108384,-48.355529,-223.4233564,0,319,-129,-131,322.9613138,-132.3653733,-135.7275772,0
30:35.4,187,-84,-161,189.4138193,-90.08248771,-162.5540937,0,206,-66,-249,207.7340333,-67.16061905,-254.459546,0,314,-46,-221,314.2952965,-48.23775255,-223.3021886,0,319,-125,-134,322.7632481,-131.9971047,-135.6411984,0
30:38.3,190,-88,-156,189.4431283,-89.97836332,-162.226389,0,204,-62,-251,207.5473316,-66.9025881,-254.2865687,0,311,-49,-223,314.1305317,-48.27586492,-223.2870792,0,321,-129,-131,322.6750857,-131.8472494,-135.4091385,0
30:41.2,187,-89,-160,189.3209719,-89.92944516,-162.1150695,0,207,-64,-249,207.519965,-66.75745869,-254.0222402,0,313,-45,-224,314.0740051,-48.11207168,-223.3227252,0,319,-130,-131,322.4913315,-131.754887,-135.1886815,0
30:44.1,188,-84,-163,189.2549233,-89.6329729,-162.1593161,0,203,-63,-251,207.2939668,-66.56958576,-253.8711282,0,314,-49,-220,314.0703048,-48.15646809,-223.156589,0,320,-125,-131,322.3667649,-131.4171426,-134.9792475,0
30:47.1,189,-89,-160,189.2421772,-89.60132425,-162.0513503,0,206,-63,-251,207.2292684,-66.39110647,-253.7275718,0,311,-46,-224,313.9167896,-48.04864469,-223.1987595,0,320,-130,-132,322.2484266,-131.3462855,-134.8302851,0
30:50.0,186,-86,-163,189.0800683,-89.42125804,-162.0987827,0,207,-65,-248,207.217805,-66.32155115,-253.4411932,0,314,-45,-222,313.9209501,-47.89621245,-223.1388215,0,318,-125,-134,322.0360053,-131.0289712,-134.7887708,0
30:52.9,189,-84,-162,189.0760649,-89.15019514,-162.0938436,0,203,-63,-252,207.0069148,-66.15547359,-253.3691336,0,313,-51,-222,313.8749026,-48.05140183,-223.0818805,0,321,-125,-135,321.984205,-130.7275227,-134.7993323,0
30:55.8,188,-90,-160,189.0222616,-89.19268538,-161.9891514,0,207,-61,-253,207.006569,-65.89769991,-253.3506769,0,311,-45,-223,313.7311575,-47.89883174,-223.0777864,0,320,-129,-134,321.8849948,-130.6411465,-134.7593657,0
30:58.8,186,-84,-161,188.8711486,-88.93305111,-161.9396939,0,205,-66,-251,206.9062406,-65.90281491,-253.233143,0,315,-47,-220,313.7945996,-47.85389015,-222.9238971,0,318,-125,-133,321.690745,-130.3590892,-134.6713974,0
31:01.7,189,-88,-161,188.8775911,-88.88639856,-161.8927092,0,204,-61,-250,206.7609285,-65.65767417,-253.0714859,0,311,-50,-222,313.6548696,-47.96119565,-222.8777023,0,322,-129,-130,321.7062078,-130.2911347,-134.4378275,0
31:04.6,186,-86,-162,188.7337116,-88.74207863,-161.8980737,0,206,-66,-249,206.7228821,-65.67479046,-252.8679116,0,314,-46,-223,313.6721261,-47.86313586,-222.8838171,0,318,-125,-132,321.5208974,-130.026578,-134.3159361,0
31:07.6,189,-86,-160,188.747026,-88.6049747,-161.80317,0,204,-62,-252,206.586738,-65.49105094,-252.824516,0,312,-50,-220,313.5885198,-47.96997907,-222.7396263,0,321,-128,-135,321.4948525,-129.9252491,-134.3501393,0
31:10.5,188,-89,-156,188.7096747,-88.62472596,-161.5130115,0,206,-63,-250,206.5574011,-65.36649839,-252.6832902,0,311,-43,-224,313.4590938,-47.72148012,-222.802645,0,319,-130,-132,321.3701099,-129.9289866,-134.2326324,0
31:13.4,188,-84,-162,188.674191,-88.39348967,-161.5373609,0,204,-64,-249,206.4295311,-65.29817347,-252.4991257,0,315,-49,-219,313.5361392,-47.78540611,-222.6125127,0,320,-125,-133,321.3016044,-129.6825373,-134.1710008,0
31:16.3,188,-90,-158,188.6404814,-88.47381518,-161.3604929,0,207,-62,-254,206.4580545,-65.1332648,-252.5741694,0,311,-44,-222,313.4093322,-47.59613581,-222.5818871,0,319,-132,-131,321.1865242,-129.7984104,-134.0124507,0
31:19.3,186,-86,-159,188.5084573,-88.35012442,-161.2424682,0,206,-66,-253,206.4351518,-65.17660156,-252.5954609,0,313,-44,-222,313.3888656,-47.41632902,-222.5527927,0,318,-128,-133,321.027198,-129.7084899,-133.9618282,0
31:22.2,188,-85,-160,188.4830345,-88.1826182,-161.1803448,0,203,-61,-253,206.2633942,-64.96777148,-252.6156879,0,312,-49,-220,313.3194223,-47.49551256,-222.4251531,0,321,-127,-134,321.0258381,-129.5730654,-133.9637368,0
31:25.1,186,-89,-161,188.3588828,-88.22348729,-161.1713276,0,207,-65,-249,206.3002245,-64.96938291,-252.4349035,0,312,-43,-224,313.2534512,-47.27073694,-222.5038954,0,318,-128,-132,320.8745462,-129.4944122,-133.8655499,0
31:28.0,186,-84,-160,188.2409386,-88.01231293,-161.1127612,0,203,-64,-251,206.1352133,-64.92091376,-252.3631583,0,316,-49,-218,313.3907786,-47.35720009,-222.2787007,0,319,-124,-135,320.7808189,-129.2196916,-133.9222724,0
31:31.0,189,-88,-160,188.2788917,-88.01169728,-161.0571232,0,205,-60,-251,206.0784526,-64.67486807,-252.2950004,0,311,-48,-221,313.2712397,-47.38934008,-222.2147656,0,321,-129,-136,320.7917779,-129.208707,-134.0261588,0
31:33.9,187,-89,-158,188.2149471,-88.06111242,-160.904267,0,207,-62,-255,206.12453,-64.54112467,-252.4302504,0,310,-44,-224,313.1076777,-47.21987308,-222.3040274,0,319,-129,-134,320.702189,-129.1982716,-134.0248509,0
31:36.8,186,-86,-161,188.1041997,-87.9580568,-160.9090536,0,205,-67,-250,206.0683035,-64.66406844,-252.3087379,0,312,-46,-225,313.0522938,-47.15887943,-222.438826,0,318,-127,-134,320.5670796,-129.088358,-134.0236083,0
31:39.7,187,-83,-160,188.0489898,-87.71015396,-160.863601,0,203,-65,-247,205.9148883,-64.68086501,-252.043301,0,313,-48,-223,313.0496791,-47.20093546,-222.4668847,0,319,-125,-134,320.4887256,-128.8839401,-134.0224279,0
31:42.7,189,-86,-162,188.0965403,-87.62464626,-160.9204209,0,204,-61,-253,205.8191439,-64.49682176,-252.0911359,0,310,-50,-222,312.8971952,-47.34088868,-222.4435405,0,321,-128,-132,320.5142893,-128.8397431,-133.9213065,0
31:45.6,188,-89,-162,188.0917133,-87.69341395,-160.9743999,0,206,-63,-250,205.8281867,-64.42198067,-251.9865791,0,311,-44,-223,312.8023354,-47.17384425,-222.4713634,0,320,-131,-133,320.4885749,-128.947756,-133.8752412,0
31:48.5,186,-88,-161,187.9871276,-87.70874325,-160.9756799,0,206,-65,-252,205.8367774,-64.45088164,-251.9872502,0,314,-45,-222,312.8622187,-47.06515204,-222.4477953,0,318,-128,-132,320.3641461,-128.9003682,-133.7814791,0
31:51.4,188,-84,-159,187.9877712,-87.52330609,-160.8768959,0,204,-64,-250,205.7449385,-64.42833756,-251.8878877,0,313,-49,-220,312.8691077,-47.16189443,-222.3254055,0,321,-125,-132,320.3959388,-128.7053498,-133.6924052,0
31:54.4,188,-86,-159,187.9883827,-87.44714078,-160.7830511,0,204,-62,-252,205.6576916,-64.30692068,-251.8934933,0,313,-50,-220,312.8756523,-47.30379971,-222.2091352,0,321,-127,-132,320.4261419,-128.6200823,-133.6077849,0
31:57.3,187,-87,-160,187.9389635,-87.42478374,-160.7438985,0,207,-66,-247,205.724807,-64.39157465,-251.6488186,0,313,-46,-221,312.8818697,-47.23860973,-222.1486785,0,319,-128,-133,320.3548348,-128.5890782,-133.5773957,0
32:00.2,187,-85,-163,187.8920153,-87.30354456,-160.8567036,0,204,-65,-249,205.6385666,-64.42199591,-251.5163777,0,314,-48,-223,312.9377762,-47.27667924,-222.1912445,0,319,-126,-135,320.287093,-128.4596243,-133.6485259,0
32:03.1,188,-88,-158,187.8974146,-87.33836733,-160.7138684,0,206,-61,-254,205.6566383,-64.25089612,-251.6405588,0,312,-45,-220,312.8908874,-47.16284528,-222.0816823,0,319,-131,-131,320.2227384,-128.586643,-133.5160996,0
32:06.1,189,-85,-160,187.9525438,-87.22144896,-160.678175,0,204,-61,-252,205.5738064,-64.08835131,-251.6585309,0,312,-50,-220,312.846343,-47.30470301,-221.9775982,0,321,-127,-132,320.2616015,-128.5073109,-133.4402946,0
32:09.0,187,-86,-160,187.9049167,-87.16037651,-160.6442663,0,205,-67,-251,205.5451161,-64.23393375,-251.6256043,0,315,-47,-222,312.9540259,-47.28946786,-221.9787183,0,319,-125,-136,320.1985214,-128.3319453,-133.5682799,0
32:11.9,188,-89,-158,187.9096708,-87.25235769,-160.5120529,0,206,-64,-251,205.5678603,-64.22223706,-251.5943241,0,312,-45,-222,312.9063246,-47.17499447,-221.9797824,0,319,-129,-132,320.1385953,-128.3653481,-133.4898659,0
32:14.8,188,-84,-160,187.9141873,-87.0897398,-160.4864503,0,204,-62,-252,205.4894673,-64.11112521,-251.6146079,0,313,-49,-222,312.9110084,-47.26624475,-221.9807933,0,321,-127,-132,320.1816656,-128.2970807,-133.4153726,0
32:17.8,186,-86,-162,187.8184779,-87.03525281,-160.5621278,0,204,-65,-252,205.4149939,-64.15556895,-251.6338775,0,314,-47,-223,312.965458,-47.25293251,-222.0317536,0,319,-125,-133,320.1225823,-128.1322266,-133.394604,0
32:20.7,187,-89,-160,187.777554,-87.13349017,-160.5340214,0,206,-66,-250,205.4442442,-64.2477905,-251.5521836,0,312,-45,-223,312.9171851,-47.14028588,-222.0801659,0,318,-129,-133,320.0164532,-128.1756153,-133.3748738,0
32:23.6,189,-85,-161,187.8386763,-87.02681566,-160.5573203,0,204,-62,-250,205.372032,-64.13540097,-251.4745744,0,311,-49,-221,312.8213258,-47.23327159,-222.0261576,0,322,-128,-131,320.1156305,-128.1668345,-133.2561301,0
32:26.5,187,-85,-160,187.7967425,-86.92547488,-160.5294543,0,204,-66,-253,205.3034304,-64.22863093,-251.5508457,0,314,-46,-222,312.8802595,-47.17160801,-222.0248497,0,319,-125,-132,320.059849,-128.0084928,-133.1933236,0
32:29.5,187,-89,-158,187.7569054,-87.02920114,-160.4029816,0,207,-64,-250,205.3882589,-64.21719938,-251.4733034,0,312,-44,-223,312.8362465,-47.01302761,-222.0736072,0,318,-129,-131,319.9568565,-128.0580682,-133.0836574,0
32:32.4,189,-88,-161,187.8190601,-87.07774108,-160.4328325,0,204,-61,-252,205.3188459,-64.05633941,-251.4996383,0,311,-49,-223,312.7444342,-47.11237623,-222.1199269,0,322,-129,-131,320.0590137,-128.1051648,-132.9794745,0
32:35.3,187,-86,-161,187.7781071,-87.02385403,-160.4611909,0,205,-66,-250,205.3029036,-64.15352244,-251.4246564,0,314,-46,-225,312.8072125,-47.05675742,-222.2639305,0,319,-124,-135,320.006063,-127.8999065,-133.0805008,0
32:38.2,188,-91,-159,187.7892018,-87.22266132,-160.3881313,0,206,-63,-252,205.3377584,-64.09584632,-251.4534235,0,311,-45,-223,312.7168519,-46.95391955,-222.300734,0,319,-131,-134,319.9557599,-128.0549112,-133.1264758,0
32:41.2,186,-87,-161,187.6997417,-87.21152826,-160.4187248,0,207,-66,-250,205.4208705,-64.191054,-251.3807524,0,314,-45,-220,312.7810093,-46.85622357,-222.1856973,0,319,-127,-135,319.9079719,-128.0021656,-133.220152,0
32:44.1,189,-90,-164,187.7647546,-87.35095185,-160.5977885,0,207,-62,-253,205.499827,-64.0815013,-251.4617147,0,311,-47,-221,312.6919588,-46.86341239,-222.1264124,0,321,-130,-133,319.9625733,-128.1020574,-133.2091444,0
32:47.0,187,-85,-161,187.7265169,-87.23340425,-160.6178991,0,204,-64,-253,205.4248356,-64.07742624,-251.538629,0,313,-47,-223,312.7073609,-46.87024177,-222.1700918,0,319,-125,-132,319.9144446,-127.9469545,-133.1486872,0
32:49.9,189,-89,-160,187.790191,-87.32173404,-160.5870042,0,206,-61,-251,205.4535939,-63.92355492,-251.5116976,0,312,-45,-221,312.6719928,-46.77672968,-222.1115872,0,320,-130,-132,319.9187224,-128.0496068,-133.0912528,0
32:52.9,187,-85,-161,187.7506815,-87.20564734,-160.6076539,0,204,-66,-254,205.3809142,-64.02737718,-251.6361127,0,314,-48,-222,312.7383932,-46.8378932,-222.1060079,0,319,-124,-133,319.8727863,-127.8471264,-133.0866902,0
32:55.8,188,-89,-160,187.7631474,-87.29536497,-160.5772712,0,205,-61,-251,205.3618685,-63.87600832,-251.604307,0,311,-47,-220,312.6514735,-46.84599854,-222.0007075,0,321,-130,-132,319.929147,-127.9547701,-133.0323556,0
32:58.7,186,-87,-157,187.67499,-87.28059672,-160.3984077,0,206,-65,-250,205.393775,-63.9322079,-251.5240917,0,313,-43,-224,312.6688999,-46.65369861,-222.1006721,0,318,-126,-134,319.8326896,-127.8570316,-133.0807379,0
33:01.6,188,-85,-159,187.6912405,-87.16656689,-160.3284873,0,203,-61,-252,205.2740863,-63.78559751,-251.5478871,0,312,-49,-222,312.6354549,-46.77101368,-222.0956385,0,321,-126,-134,319.8910551,-127.76418,-133.126701,0
33:04.5,187,-90,-160,187.6566785,-87.30823854,-160.3120629,0,207,-62,-252,205.360382,-63.69631763,-251.5704928,0,312,-46,-219,312.6036821,-46.732463,-221.9408566,0,320,-130,-131,319.8965024,-127.875971,-133.0203659,0
33:07.5,186,-85,-161,187.5738446,-87.19282662,-160.3464598,0,205,-66,-248,205.3423629,-63.81150175,-251.3919681,0,314,-46,-225,312.673498,-46.69583985,-222.0938137,0,318,-126,-134,319.8016773,-127.7821725,-133.0693476,0
33:10.4,189,-87,-159,187.6451523,-87.18318528,-160.2791368,0,204,-62,-252,205.2752447,-63.72092666,-251.4223697,0,312,-49,-221,312.6398231,-46.81104786,-222.0391231,0,321,-128,-131,319.8615934,-127.7930638,-132.9658802,0
33:13.3,187,-90,-161,187.6128947,-87.32402602,-160.31518,0,207,-63,-250,205.3614825,-63.68488033,-251.3512512,0,312,-44,-219,312.607832,-46.67049546,-221.8871669,0,319,-130,-128,319.8185137,-127.9034107,-132.7175862,0
33:16.2,187,-85,-160,187.58225,-87.20782472,-160.299421,0,204,-65,-250,205.2934084,-63.75063631,-251.2836887,0,314,-47,-222,312.6774404,-46.68697069,-221.8928086,0,320,-125,-132,319.827588,-127.7582401,-132.6817069,0
33:19.2,189,-90,-158,187.6531375,-87.34743348,-160.1844499,0,206,-62,-250,205.328738,-63.6631045,-251.2195042,0,311,-47,-223,312.5935683,-46.70262215,-221.9481681,0,320,-130,-130,319.8362086,-127.8703281,-132.5476216,0
33:22.1,187,-90,-161,187.6204806,-87.48006181,-160.2252274,0,206,-63,-249,205.3623011,-63.62994927,-251.108529,0,313,-46,-220,312.6138899,-46.66749105,-221.8507597,0,319,-130,-132,319.7943982,-127.9768117,-132.5202405,0
33:25.0,188,-85,-159,187.6394566,-87.35605872,-160.163966,0,205,-64,-253,205.344186,-63.64845181,-251.2031026,0,313,-50,-221,312.6331954,-46.83411649,-221.8082217,0,321,-126,-132,319.8546783,-127.8779711,-132.4942285,0
33:27.9,186,-89,-158,187.5574838,-87.43825578,-160.0557677,0,207,-65,-250,205.4269767,-63.71602922,-251.1429474,0,314,-44,-220,312.7015357,-46.69241067,-221.7178107,0,318,-129,-131,319.7619444,-127.9340726,-132.419517,0
33:30.9,189,-86,-163,187.6296096,-87.36634299,-160.2029794,0,204,-61,-250,205.3556279,-63.58022776,-251.0858001,0,312,-50,-218,312.6664589,-46.85779014,-221.5319201,0,321,-129,-134,319.8238472,-127.9873689,-132.4985412,0
33:33.8,186,-86,-161,187.5481291,-87.29802584,-160.2428304,0,207,-65,-250,205.4378465,-63.65121637,-251.0315101,0,315,-45,-222,312.7831359,-46.76490063,-221.5553241,0,318,-125,-132,319.7326548,-127.8380005,-132.4736141,0
33:36.7,189,-89,-158,187.6207226,-87.38312455,-160.1306889,0,206,-61,-251,205.4659541,-63.51865555,-251.0299346,0,311,-47,-221,312.6939791,-46.7766556,-221.5275579,0,320,-131,-135,319.7460221,-127.9961005,-132.5999334,0
33:39.6,188,-82,-161,187.6396865,-87.11396832,-160.1741544,0,203,-65,-250,205.3426564,-63.59272277,-250.9784378,0,314,-48,-221,312.7592802,-46.83782282,-221.50118,0,320,-125,-132,319.758721,-127.8462954,-132.5699368,0
33:42.6,187,-89,-160,187.6077022,-87.20826991,-160.1654467,0,207,-63,-251,205.4255236,-63.56308664,-250.9795159,0,311,-45,-222,312.6713162,-46.74593168,-221.526121,0,319,-130,-133,319.7207849,-127.9539807,-132.5914399,0
33:45.5,189,-86,-159,187.6773171,-87.14785641,-160.1071744,0,203,-63,-253,205.3042474,-63.5349323,-251.0805401,0,313,-49,-220,312.6877504,-46.85863509,-221.449815,0,321,-127,-135,319.7847457,-127.9062816,-132.7118679,0
33:48.4,186,-85,-160,187.5934512,-87.04046359,-160.1018157,0,205,-66,-254,205.2890351,-63.65818569,-251.2265131,0,313,-45,-223,312.7033628,-46.76570334,-221.5273242,0,318,-126,-134,319.6955084,-127.8109676,-132.7762745,0
33:51.3,189,-87,-156,187.6637787,-87.03844041,-159.8967249,0,206,-61,-249,205.3245833,-63.5252764,-251.1151875,0,311,-48,-222,312.6181947,-46.82741817,-221.550958,0,321,-129,-131,319.760733,-127.8704192,-132.6874608,0
33:54.3,187,-86,-163,187.6305897,-86.98651839,-160.0518886,0,206,-68,-248,205.3583541,-63.74901258,-250.9594281,0,314,-45,-222,312.687285,-46.73604726,-221.5734101,0,319,-126,-134,319.7226963,-127.7768982,-132.7530878,0
33:57.2,190,-86,-162,187.7490602,-86.93719247,-160.1492942,0,204,-61,-252,205.2904364,-63.61156195,-251.0114567,0,312,-48,-220,312.6529207,-46.7992449,-221.4947396,0,321,-127,-133,319.7865615,-127.7380533,-132.7654334,0
34:00.1,186,-88,-160,187.6616072,-86.99033285,-160.1418295,0,207,-64,-251,205.3759146,-63.63098386,-251.0108839,0,313,-44,-222,312.6702747,-46.65928266,-221.5200026,0,318,-129,-131,319.6972334,-127.8011506,-132.6771617,0
34:03.0,188,-84,-159,187.6785269,-86.84081621,-160.084738,0,203,-64,-251,205.2571189,-63.64943466,-251.0103397,0,313,-49,-220,312.6867609,-46.77631852,-221.4440025,0,321,-125,-134,319.7623718,-127.6610931,-132.7433036,0
34:06.0,188,-90,-158,187.6946005,-86.9987754,-159.9805011,0,207,-62,-252,205.3442629,-63.56696293,-251.0598227,0,312,-44,-221,312.6524229,-46.6375026,-221.4218024,0,320,-130,-131,319.7742532,-127.7780385,-132.6561384,0
34:08.9,187,-84,-160,187.6598705,-86.84883663,-159.9814761,0,204,-65,-249,205.2770498,-63.63861478,-250.9568316,0,314,-48,-221,312.7198018,-46.70562747,-221.4007122,0,320,-125,-131,319.7855405,-127.6391365,-132.5733315,0
34:11.8,188,-88,-159,187.676877,-86.90639479,-159.9324023,0,205,-62,-253,205.2631973,-63.55668405,-251.05899,0,311,-46,-224,312.6338117,-46.67034609,-221.5306766,0,320,-130,-131,319.7962635,-127.7571797,-132.4946649,0
34:14.7,186,-85,-161,187.5930331,-86.81107505,-159.9857821,0,205,-67,-251,205.2500374,-63.72884984,-251.0560405,0,313,-44,-224,312.6521211,-46.53682879,-221.6541428,0,318,-126,-132,319.7064503,-127.6693207,-132.4699317,0
34:17.7,189,-87,-161,187.6633815,-86.8205213,-160.036493,0,206,-59,-252,205.2875356,-63.49240735,-251.1032385,0,311,-49,-221,312.569515,-46.65998735,-221.6214357,0,321,-130,-133,319.7711278,-127.7858547,-132.4964351,0
34:20.6,186,-86,-160,187.5802124,-86.77949524,-160.0346684,0,205,-67,-249,205.2731588,-63.66778698,-250.9980765,0,313,-44,-225,312.5910393,-46.52698798,-221.7903639,0,318,-125,-132,319.6825714,-127.646562,-132.4716134,0
34:23.5,188,-89,-159,187.6012018,-86.89052048,-159.982935,0,206,-60,-252,205.3095009,-63.48439763,-251.0481727,0,312,-46,-220,312.5614873,-46.50063858,-221.7008457,0,320,-131,-131,319.6984428,-127.8142339,-132.3980327,0
34:26.4,188,-85,-158,187.6211417,-86.79599445,-159.8837882,0,204,-64,-247,205.2440258,-63.51017775,-250.8457641,0,313,-50,-218,312.5834129,-46.67560665,-221.5158034,0,321,-123,-134,319.7635207,-127.5735222,-132.4781311,0
34:29.4,186,-87,-158,187.5400846,-86.80619473,-159.7895988,0,206,-65,-252,205.2818245,-63.58466886,-250.9034759,0,313,-44,-223,312.6042423,-46.54182632,-221.5900132,0,318,-128,-131,319.6753447,-127.5948461,-132.4042245,0
34:32.3,188,-86,-162,187.5630804,-86.76588499,-159.9001189,0,205,-60,-249,205.2677333,-63.40543542,-250.8083021,0,311,-49,-219,312.5240302,-46.664735,-221.4605126,0,321,-128,-132,319.7415774,-127.6151038,-132.3840133,0
34:35.2,186,-86,-162,187.4849263,-86.72759074,-160.0051129,0,205,-67,-251,205.2543466,-63.58516365,-250.817887,0,314,-46,-222,312.5978287,-46.63149825,-221.4874869,0,318,-125,-134,319.6544986,-127.4843486,-132.4648126,0
34:38.1,188,-90,-161,187.51068,-86.89121121,-160.0548573,0,206,-62,-251,205.2916293,-63.50590547,-250.8269926,0,311,-46,-224,312.5179372,-46.59992334,-221.6131126,0,320,-129,-131,319.6717736,-127.5601311,-132.391572,0
34:41.1,188,-84,-161,187.535146,-86.74665065,-160.1021144,0,203,-62,-253,205.1770478,-63.43061019,-250.935643,0,313,-49,-220,312.5420404,-46.71992717,-221.532457,0,322,-125,-136,319.7881849,-127.4321246,-132.5719934,0
34:44.0,187,-88,-157,187.5083887,-86.80931811,-159.9470087,0,207,-65,-253,205.2681954,-63.50907968,-251.0388608,0,313,-44,-221,312.5649384,-46.58393082,-221.5058341,0,318,-127,-132,319.6987757,-127.4105183,-132.5433937,0
34:46.9,189,-85,-161,187.5829693,-86.71885221,-159.9996583,0,203,-61,-252,205.1547857,-63.3836257,-251.0869178,0,313,-50,-221,312.5866914,-46.75473428,-221.4805424,0,321,-127,-133,319.7638369,-127.3899924,-132.566224,0
34:49.8,188,-89,-159,187.6038208,-86.8329096,-159.9496753,0,207,-63,-250,205.2470464,-63.36444442,-251.0325719,0,312,-44,-223,312.5573569,-46.61699756,-221.5565153,0,318,-129,-130,319.6756451,-127.4704928,-132.4379128,0
34:52.8,188,-84,-161,187.6236298,-86.69126412,-160.0021916,0,203,-65,-252,205.1346941,-63.44622219,-251.0809433,0,313,-49,-220,312.579489,-46.73614768,-221.4786895,0,321,-125,-134,319.7418628,-127.3469682,-132.5160172,0
34:55.7,187,-90,-160,187.5924483,-86.85670091,-160.002082,0,207,-63,-251,205.2279594,-63.42391109,-251.0768961,0,312,-45,-221,312.5505146,-46.6493403,-221.454755,0,318,-127,-133,319.6547697,-127.3296198,-132.5402163,0
34:58.6,189,-85,-159,187.6628259,-86.76386587,-159.9519779,0,203,-63,-253,205.1165614,-63.40271553,-251.1730513,0,313,-49,-219,312.5729888,-46.76687328,-221.3320173,0,321,-125,-135,319.7220312,-127.2131388,-132.6632055,0
35:01.5,187,-89,-162,187.6296846,-86.87567257,-160.054379,0,207,-63,-250,205.2107333,-63.38257975,-251.1143988,0,311,-45,-223,312.4943394,-46.67852962,-221.4154164,0,318,-130,-132,319.6359296,-127.3524818,-132.6300452,0
35:04.5,188,-83,-160,187.6482004,-86.68188894,-160.0516601,0,203,-64,-252,205.1001967,-63.41345077,-251.1586788,0,313,-49,-221,312.5196224,-46.79460314,-221.3946456,0,320,-125,-132,319.6541331,-127.2348577,-132.598543,0
35:07.4,188,-90,-160,187.6657903,-86.8477945,-160.049077,0,206,-63,-250,205.1451868,-63.39277823,-251.1007449,0,311,-45,-223,312.4436413,-46.70487298,-221.4749133,0,319,-131,-134,319.6214265,-127.4231149,-132.6686158,0
35:10.3,186,-83,-164,187.5825008,-86.65540477,-160.2466232,0,205,-67,-252,205.1379275,-63.57313932,-251.1457076,0,314,-46,-221,312.5214592,-46.66962933,-221.4511677,0,319,-125,-133,319.5903552,-127.3019591,-132.685185,0
35:13.2,187,-84,-161,187.5533758,-86.52263453,-160.284292,0,203,-64,-252,205.0310311,-63.59448235,-251.1884223,0,313,-49,-220,312.5453863,-46.78614787,-221.3786093,0,321,-125,-135,319.6608374,-127.1868612,-132.8009258,0
35:16.2,187,-89,-159,187.525707,-86.64650281,-160.2200774,0,206,-63,-252,205.0794796,-63.56475823,-251.2290012,0,311,-45,-222,312.468117,-46.69684047,-221.4096788,0,318,-130,-129,319.5777955,-127.3275181,-132.6108795,0
35:19.1,189,-86,-160,187.5994216,-86.61417767,-160.2090736,0,204,-62,-250,205.0255056,-63.48652032,-251.1675511,0,313,-49,-219,312.4947111,-46.81199845,-221.2891949,0,322,-126,-133,319.6989058,-127.2611422,-132.6303355,0
35:22.0,186,-88,-159,187.5194506,-86.68346878,-160.1486199,0,207,-65,-252,205.1242303,-63.56219431,-251.2091735,0,313,-45,-222,312.5199756,-46.72139853,-221.3247351,0,318,-130,-130,319.6139605,-127.3980851,-132.4988187,0
35:24.9,189,-85,-161,187.593478,-86.59929534,-160.1911889,0,204,-63,-253,205.0680188,-63.53408459,-251.2987149,0,313,-49,-218,312.5439768,-46.8353286,-221.1584984,0,321,-124,-132,319.6832624,-127.2281808,-132.4738778,0
35:27.9,187,-90,-160,187.5638041,-86.76933058,-160.1816294,0,206,-64,-251,205.1146178,-63.55738036,-251.2837791,0,311,-44,-222,312.4667779,-46.69356217,-221.2005735,0,318,-128,-134,319.5990993,-127.2667718,-132.5501839,0
35:30.8,188,-84,-160,187.5856139,-86.63086405,-160.172548,0,204,-63,-252,205.058887,-63.52951134,-251.3195902,0,312,-49,-223,312.4434391,-46.80888406,-221.2905448,0,321,-126,-134,319.6691444,-127.2034332,-132.6226747,0
35:33.7,187,-91,-157,187.5563332,-86.84932085,-160.0139206,0,207,-62,-254,205.1559426,-63.45303578,-251.4536107,0,311,-45,-222,312.3712671,-46.71843986,-221.3260175,0,318,-128,-135,319.5856871,-127.2432615,-132.741541,0
35:36.6,188,-84,-160,187.5785166,-86.7068548,-160.0132245,0,203,-64,-250,205.0481455,-63.48038399,-251.3809301,0,314,-49,-220,312.4527037,-46.83251787,-221.2597167,0,320,-125,-133,319.6064028,-127.1310985,-132.7544639,0
35:39.6,186,-89,-159,187.4995907,-86.82151206,-159.9625633,0,207,-64,-251,205.1457382,-63.50636479,-251.3618836,0,312,-45,-223,312.4300686,-46.74089197,-221.3467308,0,318,-129,-130,319.5260826,-127.2245435,-132.6167407,0
35:42.5,189,-84,-162,187.5746112,-86.68043646,-160.0644352,0,204,-63,-254,205.0884513,-63.48104655,-251.4937894,0,312,-48,-220,312.4085651,-46.80384737,-221.2793943,0,321,-125,-135,319.5997785,-127.1133164,-132.7359037,0
35:45.4,186,-89,-159,187.4958806,-86.79641464,-160.0112134,0,206,-65,-250,205.1340287,-63.55699422,-251.4191,0,312,-44,-223,312.3881369,-46.66365501,-221.3654246,0,318,-128,-132,319.5197896,-127.1576505,-132.6991085,0
35:48.3,189,-87,-159,187.5710866,-86.80659391,-159.9606527,0,204,-61,-252,205.0773273,-63.42914451,-251.448145,0,312,-48,-220,312.36873,-46.73047226,-221.2971533,0,320,-129,-130,319.5438001,-127.249768,-132.5641531,0
35:51.3,186,-88,-158,187.4925323,-86.86626421,-159.8626201,0,206,-65,-252,205.1234609,-63.50768728,-251.4757377,0,313,-44,-221,312.4002935,-46.59394864,-221.2822957,0,318,-128,-131,319.4666101,-127.2872796,-132.4859454,0
35:54.2,189,-85,-162,187.5679057,-86.772951,-159.9694891,0,204,-61,-251,205.0672879,-63.38230292,-251.4519508,0,311,-50,-223,312.3302789,-46.76425121,-221.3681809,0,320,-128,-133,319.4932796,-127.3229156,-132.5116482,0
35:57.1,186,-88,-158,187.4895104,-86.83430345,-159.8710146,0,206,-66,-250,205.1139235,-63.51318777,-251.3793533,0,313,-45,-223,312.3637649,-46.67603865,-221.4497719,0,318,-127,-132,319.4186156,-127.3067699,-132.4860658,0
36:00.0,189,-87,-162,187.5650349,-86.84258828,-159.9774639,0,204,-62,-252,205.0582273,-63.43752839,-251.4103856,0,311,-49,-221,312.2955767,-46.79223672,-221.4272833,0,320,-129,-132,319.4476848,-127.3914314,-132.4617625,0
36:03.0,186,-86,-162,187.4867831,-86.80045886,-160.0785907,0,205,-66,-252,205.0553159,-63.56565197,-251.4398663,0,313,-46,-224,312.3307978,-46.75262488,-221.5559191,0,319,-125,-132,319.4253006,-127.2718598,-132.4386743,0
36:05.9,188,-90,-161,187.512444,-86.96043592,-160.1246612,0,206,-60,-251,205.1025501,-63.38736937,-251.417873,0,311,-46,-221,312.2642579,-46.71499364,-221.5281231,0,321,-132,-131,319.5040356,-127.5082668,-132.3667406,0
36:08.8,189,-83,-161,187.5868218,-86.76241412,-160.1684281,0,203,-65,-252,204.9974226,-63.4680009,-251.4469794,0,312,-51,-222,312.251045,-46.92924396,-221.551717,0,321,-127,-134,319.5788338,-127.4828535,-132.4484036,0
36:11.7,186,-88,-159,187.5074807,-86.82429342,-160.1100067,0,206,-65,-252,205.0475515,-63.54460085,-251.4746304,0,313,-45,-222,312.2884928,-46.83278176,-221.5741311,0,318,-126,-133,319.4998921,-127.4087108,-132.4759834,0
36:14.7,188,-89,-161,187.5321066,-86.93307875,-160.1545064,0,206,-60,-252,205.0951739,-63.36737081,-251.5008989,0,311,-47,-221,312.2240682,-46.84114267,-221.5454246,0,321,-130,-132,319.5748975,-127.5382753,-132.4521842,0
36:17.6,187,-85,-161,187.5055013,-86.83642481,-160.1967811,0,205,-65,-246,205.0904152,-63.44900227,-251.2258539,0,314,-49,-220,312.3128647,-46.94908554,-221.4681533,0,321,-124,-132,319.6461526,-127.3613615,-132.429575,0
36:20.5,187,-88,-157,187.4802262,-86.89460357,-160.036942,0,207,-64,-249,205.1858945,-63.47655216,-251.1145612,0,313,-44,-222,312.3472215,-46.80163126,-221.4947457,0,318,-127,-132,319.563845,-127.3432934,-132.4080963,0
36:23.4,189,-87,-159,187.5562149,-86.89987339,-159.9850949,0,205,-61,-252,205.1765998,-63.35272455,-251.1588332,0,312,-48,-219,312.3298604,-46.8615497,-221.3700084,0,321,-130,-134,319.6356527,-127.4761287,-132.4876915,0
36:26.4,186,-90,-162,187.4784042,-87.05487972,-160.0858402,0,207,-63,-248,205.2677698,-63.33508832,-251.0008915,0,312,-44,-221,312.3133674,-46.71847221,-221.351508,0,319,-130,-129,319.6038701,-127.6023223,-132.3133069,0
36:29.3,188,-86,-159,187.504484,-87.00213573,-160.0315481,0,204,-63,-251,205.2043813,-63.31833391,-251.0008469,0,313,-49,-223,312.347699,-46.8325486,-221.4339326,0,321,-126,-132,319.6736766,-127.5222062,-132.2976415,0
36:32.2,189,-89,-160,187.5792598,-87.10202895,-160.0299707,0,205,-61,-254,205.1941622,-63.20241721,-251.1508046,0,312,-49,-220,312.3303141,-46.94092117,-221.362236,0,320,-130,-132,319.6899928,-127.6460959,-132.2827595,0
36:35.1,187,-85,-158,187.5502968,-86.9969275,-159.9284722,0,204,-66,-251,205.1344541,-63.34229635,-251.1432644,0,313,-48,-219,312.3637984,-46.99387511,-221.2441242,0,319,-125,-134,319.6554931,-127.5137911,-132.3686215,0
36:38.1,187,-89,-160,187.522782,-87.09708113,-159.9320486,0,206,-63,-251,205.1777314,-63.32518153,-251.1361012,0,311,-45,-222,312.2956085,-46.89418136,-221.2819179,0,318,-130,-134,319.5727185,-127.6381015,-132.4501904,0
36:41.0,188,-84,-160,187.5466429,-86.94222707,-159.9354462,0,204,-63,-253,205.1188448,-63.30892246,-251.2292961,0,312,-49,-221,312.280828,-46.99947229,-221.267822,0,321,-126,-135,319.6440825,-127.5561965,-132.5776809,0
36:43.9,186,-88,-161,187.4693107,-86.99511572,-159.9886739,0,206,-65,-249,205.1629026,-63.39347633,-251.1178313,0,312,-45,-225,312.2667866,-46.89949867,-221.4544309,0,318,-128,-132,319.5618784,-127.5783866,-132.5487969,0
36:46.8,189,-87,-160,187.5458452,-86.99535993,-159.9892402,0,204,-60,-252,205.1047575,-63.22380252,-251.1619397,0,312,-50,-221,312.2534473,-47.05452374,-221.4317094,0,321,-128,-130,319.6337845,-127.5994673,-132.421357,0
36:49.8,186,-88,-161,187.4685529,-87.04559193,-160.0397782,0,206,-65,-249,205.1495196,-63.31261239,-251.0538427,0,313,-44,-222,312.2907749,-46.90179755,-221.4601239,0,319,-129,-132,319.6020953,-127.6694939,-132.4002892,0
36:52.7,189,-85,-162,187.5451253,-86.94331234,-160.1377892,0,203,-63,-251,205.0420436,-63.29698177,-251.0511506,0,313,-49,-222,312.3262362,-47.00670768,-221.4871177,0,321,-126,-134,319.6719905,-127.5860192,-132.4802747,0
36:55.6,187,-91,-160,187.517869,-87.14614672,-160.1308998,0,206,-62,-252,205.0899414,-63.23213268,-251.0985931,0,311,-44,-222,312.2599244,-46.85637229,-221.5127618,0,318,-131,-128,319.588391,-127.7567183,-132.256261,0
36:58.5,187,-84,-159,187.4919756,-86.98883938,-160.0743548,0,203,-66,-252,204.9854444,-63.37052605,-251.1436634,0,314,-48,-222,312.3469282,-46.91355368,-221.5371238,0,320,-126,-135,319.6089714,-127.6688824,-132.3934479,0
37:01.4,188,-90,-160,187.5173768,-87.13939741,-160.0706371,0,207,-62,-251,205.0861721,-63.30199975,-251.1364802,0,311,-45,-223,312.2795818,-46.81787599,-221.6102676,0,320,-130,-135,319.6285229,-127.7854382,-132.5237755,0
37:04.4,187,-85,-161,187.4915079,-87.03242754,-160.1171052,0,204,-65,-253,205.0318635,-63.38689976,-251.2296562,0,314,-46,-222,312.3656027,-46.77698219,-221.6297542,0,319,-125,-131,319.5970967,-127.6461663,-132.4475867,0
37:07.3,186,-83,-161,187.4169325,-86.83080617,-160.1612499,0,204,-65,-251,204.9802704,-63.46755477,-251.2181734,0,313,-46,-221,312.3973225,-46.73813308,-221.5982665,0,319,-125,-132,319.5672419,-127.513858,-132.4252074,0
37:10.2,188,-89,-158,187.4460859,-86.93926586,-160.0531874,0,205,-60,-249,204.9812568,-63.29417703,-251.1072648,0,311,-48,-220,312.3274564,-46.80122643,-221.5183532,0,320,-130,-132,319.5888798,-127.6381651,-132.403947,0
37:13.2,186,-86,-160,187.3737816,-86.89230257,-160.0505281,0,207,-66,-251,205.082194,-63.42946818,-251.1019015,0,313,-44,-222,312.3610836,-46.66116511,-221.5424355,0,318,-128,-132,319.5094358,-127.6562569,-132.3837497,0
37:16.1,188,-86,-162,187.4050925,-86.84768744,-160.1480017,0,204,-62,-253,205.0280843,-63.35799477,-251.1968064,0,312,-49,-220,312.3430294,-46.77810685,-221.4653137,0,321,-126,-133,319.583964,-127.573444,-132.4145622,0
37:19.0,186,-90,-159,187.3348379,-87.00530307,-160.0906016,0,206,-64,-252,205.0766801,-63.39009503,-251.2369661,0,312,-45,-223,312.3258779,-46.68920151,-221.542048,0,317,-128,-134,319.4547658,-127.5947718,-132.4938341,0
37:21.9,189,-85,-161,187.418096,-86.90503791,-160.1360715,0,204,-61,-251,205.0228461,-63.27059028,-251.2251178,0,312,-49,-220,312.309584,-46.80474144,-221.4649456,0,321,-126,-135,319.5320275,-127.5150332,-132.6191424,0
37:24.9,186,-89,-162,187.3471912,-87.00978602,-160.2292679,0,206,-65,-253,205.0717038,-63.35706077,-251.3138619,0,312,-43,-222,312.2941048,-46.61450436,-221.4916984,0,318,-128,-132,319.4554261,-127.5392816,-132.5881853,0
37:27.8,188,-84,-159,187.3798317,-86.85929672,-160.1678045,0,203,-64,-252,204.9681186,-63.38920773,-251.3481688,0,313,-49,-219,312.3293996,-46.73377915,-221.3671134,0,320,-125,-133,319.4826548,-127.4123175,-132.608776,0
37:30.7,186,-89,-159,187.3108401,-86.96633188,-160.1094143,0,206,-65,-252,205.0197127,-63.46974734,-251.3807604,0,312,-45,-222,312.3129296,-46.64709019,-221.3987578,0,318,-128,-132,319.4085221,-127.4417016,-132.5783372,0
37:33.6,189,-85,-160,187.3952981,-86.86801529,-160.1039436,0,204,-61,-253,204.968727,-63.34625998,-251.4617224,0,311,-50,-223,312.2472831,-46.81473568,-221.4788199,0,321,-126,-131,319.488096,-127.3696165,-132.4994203,0
37:36.6,187,-88,-162,187.3755332,-86.92461452,-160.1987464,0,206,-65,-250,205.0202907,-63.42894698,-251.3886362,0,312,-45,-224,312.234919,-46.72399889,-221.6048789,0,318,-129,-133,319.4136912,-127.4511357,-132.5244493,0
37:39.5,188,-84,-160,187.4067565,-86.7783838,-160.1888091,0,203,-63,-253,204.9192761,-63.40749963,-251.4692044,0,313,-49,-220,312.273173,-46.83779895,-221.5246349,0,321,-126,-131,319.4930066,-127.3785789,-132.4482269,0
37:42.4,188,-90,-159,187.4364187,-86.93946461,-160.1293686,0,206,-62,-250,204.9733123,-63.33712465,-251.3957442,0,311,-45,-224,312.2095144,-46.745909,-221.6484032,0,319,-130,-130,319.4683563,-127.50965,-132.3258155,0
37:45.3,188,-85,-160,187.4645977,-86.84249138,-160.1229002,0,204,-65,-250,204.9246467,-63.42026841,-251.325957,0,312,-48,-223,312.1990387,-46.80861355,-221.715983,0,320,-125,-132,319.4949385,-127.3841675,-132.3095247,0
37:48.2,187,-90,-158,187.4413679,-87.00036681,-160.0167552,0,206,-62,-253,204.9784144,-63.34925499,-251.4096592,0,311,-45,-220,312.1390867,-46.71818287,-221.6301839,0,319,-131,-132,319.4701916,-127.5649591,-132.2940485,0
37:51.2,187,-84,-161,187.4192995,-86.85034847,-160.0659174,0,204,-66,-250,204.9294937,-63.48179224,-251.3391762,0,313,-48,-222,312.1821324,-46.78227373,-221.6486747,0,319,-124,-132,319.446682,-127.3867111,-132.2793461,0
37:54.1,188,-90,-158,187.4483345,-87.00783104,-159.9626216,0,206,-61,-252,204.983019,-63.35770263,-251.3722174,0,310,-45,-224,312.0730258,-46.69316004,-221.766241,0,320,-131,-130,319.4743479,-127.5673756,-132.1653788,0
37:57.0,187,-84,-159,187.4259178,-86.85743949,-159.9144905,0,204,-65,-249,204.933868,-63.4398175,-251.2536065,0,313,-48,-222,312.1193745,-46.75850204,-221.7779289,0,319,-124,-137,319.4506305,-127.3890068,-132.4071098,0
37:59.9,187,-90,-160,187.4046219,-87.01456752,-159.918766,0,206,-63,-251,204.9871746,-63.41782663,-251.2409262,0,313,-45,-221,312.1634058,-46.67057694,-221.7390325,0,317,-130,-130,319.328099,-127.5195565,-132.2867543,0
38:02.9,189,-85,-160,187.4843908,-86.91383914,-159.9228277,0,204,-60,-252,204.9378159,-63.24693529,-251.2788799,0,311,-49,-220,312.1052355,-46.78704809,-221.6520808,0,321,-128,-130,319.411694,-127.5435786,-132.1724166,0
38:05.8,186,-86,-161,187.4101712,-86.86814718,-159.9766863,0,205,-66,-249,204.9409251,-63.38458853,-251.1649359,0,314,-46,-224,312.1999737,-46.74769569,-221.7694768,0,319,-125,-132,319.3911093,-127.4163997,-132.1637958,0
38:08.7,188,-90,-159,187.4396627,-87.02473982,-159.927852,0,205,-61,-252,204.9438788,-63.2653591,-251.2066891,0,310,-48,-221,312.089975,-46.8103109,-221.731003,0,320,-130,-130,319.4215539,-127.5455797,-132.055606,0
38:11.6,187,-84,-162,187.4176796,-86.87350283,-160.0314594,0,204,-67,-251,204.8966849,-63.45209115,-251.1963546,0,313,-46,-222,312.1354763,-46.76979536,-221.7444528,0,319,-124,-136,319.4004762,-127.3683007,-132.2528257,0
38:14.6,188,-89,-159,187.4467956,-86.97982769,-159.9798864,0,206,-62,-253,204.9518507,-63.37948659,-251.2865369,0,312,-45,-221,312.1287024,-46.68130559,-221.7072302,0,320,-131,-133,319.4304523,-127.5498857,-132.2901844,0
38:17.5,188,-84,-161,187.4744558,-86.83083631,-160.0308921,0,204,-64,-253,204.9042581,-63.41051226,-251.3722101,0,313,-49,-221,312.1722673,-46.79724031,-221.6718687,0,320,-125,-133,319.4589297,-127.4223914,-132.3256752,0
38:20.4,187,-88,-160,187.450733,-86.88929449,-160.0293475,0,206,-62,-251,204.9590452,-63.33998665,-251.3535996,0,313,-45,-219,312.213654,-46.7073783,-221.5382752,0,319,-130,-132,319.4359832,-127.5512718,-132.3093914,0
38:23.3,188,-84,-158,187.4781964,-86.74482977,-159.9278801,0,203,-63,-251,204.861093,-63.32298732,-251.3359196,0,313,-48,-222,312.2529713,-46.77200938,-221.5613615,0,320,-123,-132,319.4641841,-127.3237083,-132.2939219,0
38:26.3,188,-89,-161,187.5042865,-86.85758828,-159.9814861,0,206,-61,-254,204.9180383,-63.20683795,-251.4691236,0,311,-46,-223,312.1903227,-46.73340891,-221.6332934,0,320,-128,-133,319.4909749,-127.3575228,-132.3292258,0
38:29.2,187,-87,-160,187.4790722,-86.86470886,-159.9824118,0,205,-67,-249,204.9221364,-63.39649605,-251.3456674,0,313,-44,-222,312.2308066,-46.59673847,-221.6516287,0,318,-125,-130,319.4164261,-127.2396467,-132.2127645,0
38:32.1,189,-86,-160,187.5551186,-86.82147342,-159.9832912,0,205,-61,-253,204.9260296,-63.27667125,-251.428384,0,311,-50,-220,312.1692662,-46.76690154,-221.5690473,0,320,-128,-134,319.4456048,-127.2776644,-132.3021263,0
38:35.0,186,-88,-159,187.4773627,-86.88039975,-159.9341266,0,206,-66,-251,204.9797281,-63.41283769,-251.4069648,0,313,-46,-222,312.2108029,-46.72855647,-221.5905949,0,318,-126,-133,319.3733246,-127.2137811,-132.3370199,0
38:38.0,189,-85,-164,187.5534945,-86.78637976,-160.1374203,0,204,-60,-253,204.9307417,-63.2421958,-251.4866166,0,311,-49,-222,312.1502628,-46.84212864,-221.6110652,0,321,-128,-133,319.4546584,-127.2530921,-132.370169,0
38:40.9,186,-87,-159,187.4758198,-86.79706077,-160.0805493,0,206,-65,-251,204.9842046,-63.33008601,-251.4622858,0,314,-45,-221,312.2427496,-46.75002221,-221.5805119,0,319,-127,-132,319.4319254,-127.2404375,-132.3516605,0
38:43.8,189,-88,-161,187.5520288,-86.85720774,-160.1265218,0,205,-61,-250,204.9849944,-63.21358171,-251.3891715,0,311,-48,-221,312.1806122,-46.8125211,-221.5514863,0,321,-130,-131,319.5103292,-127.3784156,-132.2840775,0
38:46.7,187,-86,-160,187.5244274,-86.81434735,-160.1201957,0,205,-66,-251,204.9857447,-63.35290263,-251.3697129,0,314,-47,-223,312.2715815,-46.82189504,-221.623912,0,319,-125,-129,319.4848127,-127.2594948,-132.1198736,0
38:49.7,187,-90,-160,187.498206,-86.97362998,-160.114186,0,207,-63,-251,205.0864574,-63.33525749,-251.3512273,0,310,-45,-222,312.1580025,-46.73080029,-221.6427164,0,319,-130,-132,319.4605721,-127.3965201,-132.1138799,0
38:52.6,188,-86,-161,187.5232957,-86.92494848,-160.1584767,0,205,-61,-249,205.0821346,-63.21849462,-251.2336659,0,312,-48,-221,312.1501023,-46.79426028,-221.6105806,0,321,-129,-134,319.5375435,-127.4766941,-132.2081859,0
38:55.5,187,-83,-161,187.4971309,-86.72870106,-160.2005528,0,204,-64,-251,205.0280278,-63.25756989,-251.2219826,0,313,-49,-222,312.1925972,-46.90454726,-221.6300516,0,320,-125,-133,319.5606663,-127.3528594,-132.2477766,0
38:58.4,186,-90,-158,187.4222744,-86.89226601,-160.0905252,0,206,-64,-249,205.0766264,-63.29469139,-251.1108835,0,312,-44,-221,312.1829674,-46.7593199,-221.598549,0,318,-129,-132,319.482633,-127.4352164,-132.2353878,0
39:01.4,189,-87,-160,187.5011607,-86.89765271,-160.0859989,0,205,-61,-251,205.0727951,-63.17995682,-251.1053393,0,311,-47,-221,312.123819,-46.77135391,-221.5686215,0,321,-129,-134,319.5585013,-127.5134556,-132.3236184,0
39:04.3,187,-84,-161,187.4761026,-86.75277007,-160.131699,0,204,-66,-250,205.0191554,-63.32095898,-251.0500723,0,314,-48,-222,312.2176281,-46.83278621,-221.5901905,0,320,-122,-131,319.5805763,-127.2377828,-132.2574375,0
39:07.2,187,-90,-158,187.4522975,-86.91513157,-160.025114,0,207,-63,-253,205.1181976,-63.30491103,-251.1475687,0,311,-45,-221,312.1567466,-46.7411469,-221.5606809,0,318,-130,-132,319.5015475,-127.3758937,-132.2445656,0
39:10.1,189,-89,-161,187.5296826,-87.01937499,-160.0738583,0,206,-60,-252,205.1622877,-63.13966548,-251.1901903,0,311,-46,-221,312.0989093,-46.70408956,-221.5326469,0,321,-131,-132,319.5764701,-127.557099,-132.2323373,0
39:13.1,188,-84,-161,187.5531985,-86.86840624,-160.1201654,0,203,-63,-253,205.0541733,-63.13268221,-251.2806808,0,312,-50,-219,312.0939639,-46.86888508,-221.4060145,0,322,-126,-134,319.6976466,-127.479244,-132.3207205,0
39:16.0,187,-88,-156,187.5255386,-86.92498593,-159.9141571,0,207,-65,-251,205.1514647,-63.2260481,-251.2666467,0,312,-45,-222,312.0892657,-46.77544082,-221.4357138,0,318,-129,-129,319.6127642,-127.5552818,-132.1546844,0
39:18.9,189,-87,-161,187.5992616,-86.92873663,-159.9684493,0,204,-62,-248,205.0938914,-63.16474569,-251.1033144,0,311,-49,-221,312.0348024,-46.88666878,-221.4139281,0,321,-127,-133,319.682126,-127.5275177,-132.1969502,0
39:21.8,186,-87,-159,187.5192986,-86.9322998,-159.9200268,0,206,-66,-254,205.1391969,-63.30650841,-251.2481487,0,313,-44,-220,312.0830623,-46.74233534,-221.3432317,0,318,-126,-133,319.5980197,-127.4511419,-132.2371027,0
39:24.8,189,-85,-160,187.5933336,-86.83568481,-159.9240255,0,203,-61,-252,205.032237,-63.19118299,-251.2857412,0,311,-49,-223,312.0289091,-46.85521858,-221.4260701,0,321,-129,-129,319.6681187,-127.5285848,-132.0752476,0
39:27.7,186,-87,-158,187.5136669,-86.84390057,-159.8278242,0,206,-66,-252,205.0806252,-63.33162384,-251.3214542,0,314,-45,-219,312.1274637,-46.76245765,-221.3047666,0,318,-128,-131,319.5847128,-127.5521555,-132.0214852,0
39:30.6,189,-83,-161,187.5879836,-86.65170554,-159.886433,0,204,-62,-251,205.0265939,-63.26504265,-251.3053815,0,312,-49,-221,312.1210905,-46.87433476,-221.2895283,0,321,-128,-134,319.6554772,-127.5745478,-132.1204109,0
39:33.5,187,-89,-159,187.5585844,-86.76912026,-159.8421113,0,206,-62,-254,205.0752642,-63.20179051,-251.4401124,0,311,-45,-223,312.065036,-46.78061803,-221.3750519,0,320,-131,-134,319.6727033,-127.7458204,-132.2143904,0
39:36.5,186,-85,-159,187.4806552,-86.68066425,-159.8000058,0,205,-65,-253,205.071501,-63.29170099,-251.5181068,0,314,-46,-224,312.1617842,-46.74158713,-221.5062993,0,319,-125,-133,319.6390681,-127.6085293,-132.2536709,0
39:39.4,189,-86,-158,187.5566224,-86.64663104,-159.7100055,0,204,-60,-251,205.0179259,-63.12711594,-251.4922014,0,311,-48,-219,312.103695,-46.80450777,-221.3809843,0,321,-130,-134,319.7071147,-127.7281029,-132.3409873,0
39:42.3,187,-90,-160,187.5287913,-86.81429949,-159.7245052,0,206,-62,-249,205.0670297,-63.07076014,-251.3675914,0,312,-44,-221,312.0985102,-46.66428238,-221.3619351,0,319,-130,-131,319.671759,-127.8416977,-132.273938,0
39:45.2,186,-84,-163,187.4523517,-86.67358451,-159.88828,0,205,-66,-250,205.0636782,-63.21722214,-251.2992118,0,313,-45,-224,312.1435847,-46.58106826,-221.4938383,0,319,-125,-132,319.6381711,-127.6996128,-132.2602411,0
39:48.2,188,-85,-161,187.4797342,-86.58990529,-159.943866,0,204,-64,-253,205.0104943,-63.25636103,-251.3842512,0,312,-50,-222,312.1364055,-46.75201485,-221.5191464,0,320,-125,-133,319.6562625,-127.5646322,-132.297229,0
39:51.1,189,-89,-161,187.5557475,-86.71041002,-159.9966727,0,205,-61,-252,205.0099695,-63.14354298,-251.4150386,0,312,-48,-219,312.1295852,-46.81441411,-221.3931891,0,321,-128,-131,319.7234494,-127.5864006,-132.2323676,0
39:54.0,186,-86,-161,187.4779601,-86.67488952,-160.046839,0,205,-67,-251,205.0094711,-63.33636583,-251.3942867,0,312,-45,-222,312.1231059,-46.7236934,-221.4235297,0,318,-126,-132,319.6372769,-127.5070806,-132.2207492,0
39:56.9,189,-86,-163,187.5540621,-86.64114504,-160.1944971,0,205,-62,-250,205.0089975,-63.26954754,-251.3245724,0,313,-50,-220,312.1669506,-46.88750873,-221.3523532,0,320,-127,-135,319.6554131,-127.4817265,-132.3597117,0
39:59.9,188,-90,-159,187.576359,-86.80908779,-160.1347722,0,207,-61,-253,205.1085476,-63.15607016,-251.4083438,0,311,-45,-222,312.1086031,-46.79313329,-221.3847355,0,319,-131,-130,319.6226424,-127.6576402,-132.2417261,0
40:02.8,187,-84,-158,187.547541,-86.6686334,-160.0280336,0,205,-65,-250,205.1031203,-63.24826665,-251.3379266,0,314,-47,-220,312.203173,-46.80347663,-221.3154987,0,320,-125,-132,319.6415103,-127.5247582,-132.2296398,0
40:05.7,189,-87,-157,187.620164,-86.68520173,-159.8766319,0,205,-60,-252,205.0979642,-63.08585332,-251.3710302,0,311,-48,-219,312.1430143,-46.8633028,-221.1997238,0,321,-129,-133,319.7094348,-127.5985203,-132.2681578,0
40:08.6,187,-88,-160,187.5891558,-86.75094165,-159.8828003,0,206,-66,-252,205.143066,-63.23156065,-251.4024787,0,313,-43,-225,312.1858636,-46.67013766,-221.3897376,0,319,-128,-131,319.673963,-127.6185943,-132.2047499,0
40:11.5,189,-85,-161,187.659698,-86.66339456,-159.9386603,0,204,-61,-253,205.0859127,-63.11998262,-251.4823548,0,311,-50,-222,312.1265704,-46.83663078,-221.4202507,0,321,-128,-130,319.7402649,-127.6376646,-132.0945124,0
40:14.5,187,-88,-161,187.6267131,-86.73022484,-159.9917273,0,206,-66,-248,205.1316171,-63.26398349,-251.3082371,0,313,-44,-222,312.1702419,-46.69479924,-221.4492382,0,318,-130,-129,319.6532516,-127.7557813,-131.9397868,0
40:17.4,189,-86,-162,187.6953774,-86.69371359,-160.0921409,0,205,-62,-253,205.1250362,-63.20078432,-251.3928252,0,311,-49,-223,312.1117298,-46.81005927,-221.5267763,0,321,-127,-135,319.7205891,-127.7179923,-132.0927975,0
40:20.3,186,-88,-158,187.6106086,-86.75902791,-159.9875339,0,205,-67,-250,205.1187844,-63.3907451,-251.3231839,0,313,-45,-222,312.1561433,-46.71955631,-221.5504375,0,318,-127,-134,319.6345596,-127.6820927,-132.1881576,0
40:23.2,189,-86,-161,187.6800781,-86.72107652,-160.0381572,0,204,-61,-253,205.0628452,-63.27120784,-251.4070247,0,311,-50,-220,312.0983361,-46.8835785,-221.4729156,0,321,-128,-134,319.7028316,-127.697988,-132.2787497,0
