,Backward,Brand,Car_Status1,Car_Status2,Car_Status3,Car_Status4,Category,Class,Class_Target,EnvMag1_X,EnvMag1_Y,EnvMag1_Z,EnvMag2_X,EnvMag2_Y,EnvMag2_Z,EnvMag3_X,EnvMag3_Y,EnvMag3_Z,EnvMag4_X,EnvMag4_Y,EnvMag4_Z,Forward,Mag1_CarLen,Mag1_CarX,Mag1_CarY,Mag1_CarZ,Mag1_EnvX,Mag1_EnvY,Mag1_EnvZ,Mag1_Len,Mag1_X,Mag1_Y,Mag1_Z,Mag2_CarLen,Mag2_CarX,Mag2_CarY,Mag2_CarZ,Mag2_EnvX,Mag2_EnvY,Mag2_EnvZ,Mag2_Len,Mag2_X,Mag2_Y,Mag2_Z,Mag3_CarLen,Mag3_CarX,Mag3_CarY,Mag3_CarZ,Mag3_EnvX,Mag3_EnvY,Mag3_EnvZ,Mag3_Len,Mag3_X,Mag3_Y,Mag3_Z,Mag4_CarLen,Mag4_CarX,Mag4_CarY,Mag4_CarZ,Mag4_EnvX,Mag4_EnvY,Mag4_EnvZ,Mag4_Len,Mag4_X,Mag4_Y,Mag4_Z,Sideway,time
0,1,nisson,0,0,0,0,bluebird,0,0,189,-91,-162,206,-62,-254,312,-47,-225,322,-132,-130,0,3.7762415177,1.6,-3.3,0.9,187.4,-87.7,-162.9,265.0396196798,189,-91,-162,2.5553864678,1.3,2.2,0,204.7,-64.2,-254,332.86033107,206,-62,-254,2.513961018,-2.2,-0.2,-1.2,314.2,-46.8,-223.8,387.5280634999,312,-47,-225,4.9325449821,1.1,-3.4,3.4,320.9,-128.6,-133.4,371.4942799021,322,-132,-130,0,15:00.4
1,1,nisson,0,0,0,0,bluebird,0,0,188,-88,-162,205,-64,-253.5,314.5,-47.5,-223,321.5,-129,-132.5,0,2.8740215726,-0.4,2.7,0.9,187.4,-87.7,-162.9,261.6065748409,187,-85,-162,2.1748563171,-0.7,-1.8,1,204.7,-64.2,-254,331.6338342208,204,-66,-253,4.1376321731,2.8,-1.2,2.8,314.2,-46.8,-223.8,389.4021057981,317,-48,-221,3.0545048699,0.1,2.6,-1.6,320.9,-128.6,-133.4,370.3268826321,321,-126,-135,0,15:01.3
2,1,nisson,0,0,0,0,bluebird,0,0,187,-89,-164.5,205.5,-64,-253.75,313.75,-45.75,-223.5,320.75,-129.5,-131.25,0,4.9050993874,-1.4,-2.3,-4.1,187.4,-87.7,-162.9,265.6783769899,186,-90,-167,1.3152946438,1.3,0.2,0,204.7,-64.2,-254,333.2386532202,206,-64,-254,3.0528675045,-1.2,2.8,-0.2,314.2,-46.8,-223.8,387.4028910579,313,-44,-224,3.7854986461,-0.9,-1.4,3.4,320.9,-128.6,-133.4,369.0528417449,320,-130,-130,0,15:02.3
3,1,nisson,0,0,0,2,bluebird,0,0,187,-89,-164.5,205.5,-64,-253.75,313.75,-45.75,-223.5,320.75,-129.5,-131.25,0,2.7313000567,-0.4,2.7,-0.1,187.4,-87.7,-162.9,262.2270008981,187,-85,-163,4.2107006543,-3.7,0.2,2,204.7,-64.2,-254,328.6350559511,201,-64,-252,2.6305892876,-1.2,-2.2,0.8,314.2,-46.8,-223.8,387.4261219897,313,-49,-223,5.0129831438,-1.9,4.6,-0.6,320.9,-128.6,-133.4,367.5499965991,319,-124,-134,0,15:05.2
4,1,nisson,0,0,0,2,bluebird,0,0,187,-89,-164.5,205.5,-64,-253.75,313.75,-45.75,-223.5,320.75,-129.5,-131.25,0,1.4352700094,-1.4,-0.3,-0.1,187.4,-87.7,-162.9,262.505238043,186,-88,-163,2.2203603311,1.3,-1.8,0,204.7,-64.2,-254,333.6285359498,206,-66,-254,2.9189039039,0.8,2.8,-0.2,314.2,-46.8,-223.8,389.0205650091,315,-44,-224,1.0630145813,-0.9,-0.4,0.4,320.9,-128.6,-133.4,369.7701989074,320,-129,-133,0,15:05.6
5,1,nisson,0,0,0,2,bluebird,0,0,187,-89,-164.5,205.5,-64,-253.75,313.75,-45.75,-223.5,320.75,-129.5,-131.25,0,3.5580893749,1.6,-1.3,2.9,187.4,-87.7,-162.9,263.1387466718,189,-89,-160,2.3086792761,-0.7,2.2,0,204.7,-64.2,-254,331.6262957004,204,-62,-254,1.7088007491,-1.2,-1.2,-0.2,314.2,-46.8,-223.8,387.8775579999,313,-48,-224,2.9883105595,1.1,-1.4,2.4,320.9,-128.6,-133.4,371.1401352589,322,-130,-131,0,15:06.0
6,1,nisson,0,0,0,2,bluebird,0,0,187,-89,-164.5,205.5,-64,-253.75,313.75,-45.75,-223.5,320.75,-129.5,-131.25,0,2.9427877939,-0.4,2.7,-1.1,187.4,-87.7,-162.9,262.8497669773,187,-85,-164,3.0545048699,-0.7,-2.8,-1,204.7,-64.2,-254,333.3616654626,204,-67,-255,4.2801869118,1.8,-2.2,-3.2,314.2,-46.8,-223.8,392.1555813705,316,-49,-227,1.7117242769,0.1,0.6,-1.6,320.9,-128.6,-133.4,371.0121291818,321,-128,-135,0,15:06.4
7,1,nisson,0,0,0,2,bluebird,0,0,187,-89,-164.5,205.5,-64,-253.75,313.75,-45.75,-223.5,320.75,-129.5,-131.25,0,3.8548670535,0.6,-3.3,1.9,187.4,-87.7,-162.9,263.7157560708,188,-91,-161,2.7802877549,2.3,1.2,-1,204.7,-64.2,-254,334.4293647394,207,-63,-255,2.9189039039,-0.2,0.8,2.8,314.2,-46.8,-223.8,386.7208295399,314,-46,-221,2.8861739379,0.1,-2.4,-1.6,320.9,-128.6,-133.4,372.0577912099,321,-131,-135,0,15:06.9
8,1,nisson,0,0,0,2,bluebird,0,0,187,-89,-164.5,205.5,-64,-253.75,313.75,-45.75,-223.5,320.75,-129.5,-131.25,0,3.1400636936,1.6,2.7,-0.1,187.4,-87.7,-162.9,263.656974116,189,-85,-163,2.9546573405,-1.7,2.2,-1,204.7,-64.2,-254,331.7800476219,203,-62,-255,2.7784887979,-1.2,-2.2,-1.2,314.2,-46.8,-223.8,388.5807509386,313,-49,-225,2.8861739379,1.1,0.6,-2.6,320.9,-128.6,-133.4,372.2418568619,322,-128,-136,0,15:07.3
9,1,nisson,0,0,0,2,bluebird,0,0,187,-89,-164.5,205.5,-64,-253.75,313.75,-45.75,-223.5,320.75,-129.5,-131.25,0,1.8055470085,-1.4,-0.3,-1.1,187.4,-87.7,-162.9,263.1273455952,186,-88,-164,2.2203603311,1.3,-1.8,0,204.7,-64.2,-254,333.6285359498,206,-66,-254,3.3346664001,1.8,2.8,-0.2,314.2,-46.8,-223.8,389.8307324981,316,-44,-224,1.7117242769,0.1,0.6,-1.6,320.9,-128.6,-133.4,371.0121291818,321,-128,-135,0,15:07.7
10,1,nisson,0,0,0,2,bluebird,0,0,187,-89,-164.5,205.5,-64,-253.75,313.75,-45.75,-223.5,320.75,-129.5,-131.25,0,3.385262176,1.6,-2.3,1.9,187.4,-87.7,-162.9,264.0871068417,189,-90,-161,2.7440845468,1.3,2.2,-1,204.7,-64.2,-254,333.6240399012,206,-62,-255,3.0854497241,-1.2,-2.2,1.8,314.2,-46.8,-223.8,386.8513926561,313,-49,-222,3.0870698081,1.1,-2.4,-1.6,320.9,-128.6,-133.4,372.9209031417,322,-131,-135,0,15:08.1
11,1,nisson,0,0,0,0,bluebird,0,0,187,-89,-164.5,205.5,-64,-253.75,313.75,-45.75,-223.5,320.75,-129.5,-131.25,0,3.8548670535,0.6,3.7,0.9,187.4,-87.7,-162.9,262,188,-84,-162,2.1748563171,-0.7,-1.8,1,204.7,-64.2,-254,331.6338342208,204,-66,-253,4.3497126342,0.8,-4.2,0.8,314.2,-46.8,-223.8,389.3006550213,315,-51,-223,2.8513154859,1.1,2.6,0.4,320.9,-128.6,-133.4,370.4713214272,322,-126,-133,0,15:08.6
12,1,nisson,0,0,0,0,bluebird,0,0,187,-89,-164.5,205.5,-64,-253.75,313.75,-45.75,-223.5,320.75,-129.5,-131.25,0,2.5019992006,-0.4,-2.3,0.9,187.4,-87.7,-162.9,263.2736219221,187,-90,-162,2.5159491251,1.3,-0.8,2,204.7,-64.2,-254,331.9111326846,206,-65,-252,2.9189039039,-0.2,2.8,0.8,314.2,-46.8,-223.8,387.6351377262,314,-44,-223,2.3937418407,-1.9,-1.4,0.4,320.9,-128.6,-133.4,369.2560087527,319,-130,-133,0,15:09.5
13,1,nisson,0,0,0,0,bluebird,0,0,187,-89,-164.5,205.5,-64,-253.75,313.75,-45.75,-223.5,320.75,-129.5,-131.25,0,3.8807215824,1.6,1.7,-3.1,187.4,-87.7,-162.9,265.8439391824,189,-86,-166,3.4249087579,-0.7,3.2,-1,204.7,-64.2,-254,332.207766315,204,-61,-255,3.6769552622,-0.2,-3.2,1.8,314.2,-46.8,-223.8,387.7886022049,314,-50,-222,1.3152946438,1.1,0.6,0.4,320.9,-128.6,-133.4,371.1563013071,322,-128,-133,0,15:10.4
14,1,nisson,0,0,0,0,bluebird,0,0,187,-89,-164.5,205.5,-64,-253.75,313.75,-45.75,-223.5,320.75,-129.5,-131.25,0,1.5684387141,-1.4,0.7,-0.1,187.4,-87.7,-162.9,262.1716994643,186,-87,-163,2.0808652047,0.3,-1.8,-1,204.7,-64.2,-254,333.7753735673,205,-66,-255,1.6492422502,0.8,0.8,-1.2,314.2,-46.8,-223.8,389.8281672737,315,-46,-225,1.2369316877,-0.9,0.6,-0.6,320.9,-128.6,-133.4,369.7837205719,320,-128,-134,0,15:11.3
15,1,nisson,0,0,0,0,bluebird,0,0,187,-89,-164.5,205.5,-64,-253.75,313.75,-45.75,-223.5,320.75,-129.5,-131.25,0,1.6911534525,0.6,-1.3,0.9,187.4,-87.7,-162.9,263.6455954496,188,-89,-162,3.2756678708,-0.7,3.2,0,204.7,-64.2,-254,331.4407941096,204,-61,-254,3.2741411087,-1.2,-1.2,2.8,314.2,-46.8,-223.8,386.1528194899,313,-48,-221,2.4351591324,0.1,-2.4,0.4,320.9,-128.6,-133.4,371.3367743707,321,-131,-133,0,15:12.3
16,1,nisson,0,0,0,0,bluebird,0,0,187,-88.8,-164.325,205.425,-64.1,-253.6125,313.8125,-45.8125,-223.425,320.7625,-129.275,-131.4375,0,3.3256578297,-0.4,2.7,1.9,187.4,-87.7,-162.9,260.988505494,187,-85,-161,3.567912555,-0.7,-1.8,3,204.7,-64.2,-254,330.1105875309,204,-66,-251,1.9798989873,0.8,-0.2,1.8,314.2,-46.8,-223.8,388.2241620507,315,-47,-222,3.940812099,0.1,3.6,-1.6,320.9,-128.6,-133.4,369.9878376379,321,-125,-135,0,15:13.2
17,1,nisson,0,0,0,0,bluebird,0,0,187.05,-88.76,-164.05875,205.35375,-63.895,-253.531875,313.621875,-45.871875,-223.30375,320.724375,-129.31125,-131.315625,0,3.9572717875,0.6,-0.3,3.9,187.4,-87.7,-162.9,261.4746641646,188,-88,-159,4.7042533945,-0.7,4.2,2,204.7,-64.2,-254,329.7271599368,204,-60,-252,5.0517323761,-4.2,-0.2,2.8,314.2,-46.8,-223.8,383.6013555763,310,-47,-221,4.7042533945,-0.9,-1.4,4.4,320.9,-128.6,-133.4,368.7017765078,320,-130,-129,0,15:16.1
18,1,nisson,0,0,0,0,bluebird,0,0,186.9475,-88.822,-164.0058125,205.3360625,-63.85025,-253.5552813,313.4907813,-45.77828125,-223.3385625,320.5381563,-129.3456875,-131.3498438,0,3.3256578297,-2.4,-2.3,-0.1,187.4,-87.7,-162.9,262.4766656295,185,-90,-163,1.2369316877,0.3,1.2,0,204.7,-64.2,-254,332.4304438525,205,-63,-254,4.2567593308,-3.2,2.8,-0.2,314.2,-46.8,-223.8,385.7888023258,311,-44,-224,4.3737855457,-3.9,-1.4,1.4,320.9,-128.6,-133.4,367.168898465,317,-130,-132,0,15:19.0
19,1,nisson,0,0,0,0,bluebird,0,0,186.850125,-88.5809,-163.9555219,205.1692594,-63.9077375,-253.5275172,313.4662422,-45.93936719,-223.1716344,320.4112484,-129.1284031,-131.4823516,0,4.411349,-2.4,3.7,-0.1,187.4,-87.7,-162.9,260.4803255526,185,-84,-163,2.9883105595,-2.7,-0.8,1,204.7,-64.2,-254,330.2090247101,202,-65,-253,4.5519226707,-1.2,-2.2,3.8,314.2,-46.8,-223.8,385.707142791,313,-49,-220,4.6615448083,-2.9,3.6,-0.6,320.9,-128.6,-133.4,367.0217977178,318,-125,-134,0,15:21.9
20,1,nisson,0,0,0,0,bluebird,0,0,186.9076188,-88.551855,-163.8077458,205.0607964,-63.76235063,-253.6511413,313.2929301,-46.09239883,-222.9630527,320.390686,-129.221983,-131.558234,0,2.014944168,0.6,-0.3,1.9,187.4,-87.7,-162.9,262.6956413799,188,-88,-161,4.1388404173,-1.7,3.2,-2,204.7,-64.2,-254,332.3642580062,203,-61,-256,6.7468511174,-4.2,-2.2,4.8,314.2,-46.8,-223.8,382.703540616,310,-49,-219,2.5942243542,-0.9,-2.4,0.4,320.9,-128.6,-133.4,370.4726710569,320,-131,-133,0,15:24.9
21,1,nisson,0,0,0,0,bluebird,0,0,186.8122378,-88.62426225,-163.7173585,205.0577566,-63.77423309,-253.7185843,313.1782836,-45.98777889,-223.0149,320.2711517,-129.2608838,-131.6303223,0,3.4438350715,-2.4,-2.3,0.9,187.4,-87.7,-162.9,261.856831112,185,-90,-162,1.0630145813,0.3,0.2,-1,204.7,-64.2,-254,333.3856625591,205,-64,-255,4.2567593308,-3.2,2.8,-0.2,314.2,-46.8,-223.8,385.7888023258,311,-44,-224,3.2449961479,-2.9,-1.4,0.4,320.9,-128.6,-133.4,368.3924537772,318,-130,-133,0,15:27.8
22,1,nisson,0,0,0,0,bluebird,0,0,186.7216259,-88.49304914,-163.7314906,205.0048688,-63.93552144,-253.532655,313.1693694,-45.93838994,-222.964155,320.1075941,-129.0478396,-131.6488062,0,3.1400636936,-2.4,1.7,-1.1,187.4,-87.7,-162.9,261.7575213819,185,-86,-164,4.9325449821,-0.7,-2.8,4,204.7,-64.2,-254,329.5527271925,204,-67,-250,2.8142494559,-1.2,1.8,1.8,314.2,-46.8,-223.8,386.3651122966,313,-45,-222,5.4890800686,-3.9,3.6,1.4,320.9,-128.6,-133.4,365.4285155814,317,-125,-132,0,15:30.7
23,1,nisson,0,0,0,0,bluebird,0,0,186.7355446,-88.21839668,-163.644916,204.8546253,-63.98874537,-253.5560223,313.1109009,-46.14147045,-222.8659473,320.1022144,-128.7954476,-131.7163659,0,4.8020828814,-0.4,4.7,0.9,187.4,-87.7,-162.9,260.9635989942,187,-83,-162,2.8160255681,-2.7,-0.8,0,204.7,-64.2,-254,330.9758299332,202,-65,-254,4.7874836814,-2.2,-3.2,2.8,314.2,-46.8,-223.8,385.5969398219,312,-50,-221,4.7042533945,-0.9,4.6,0.4,320.9,-128.6,-133.4,368.0557023061,320,-124,-133,0,15:33.6
24,1,nisson,0,0,0,0,bluebird,0,0,186.7987674,-88.20747685,-163.4626702,204.8118941,-63.7893081,-253.4282212,313.0053559,-46.28439692,-222.7226499,320.1471037,-128.9056753,-131.5805476,0,2.9765752132,0.6,-0.3,2.9,187.4,-87.7,-162.9,262.0839560141,188,-88,-160,5.2086466572,-0.7,4.2,3,204.7,-64.2,-254,328.9635238138,204,-60,-251,5.4332310829,-3.2,-2.2,3.8,314.2,-46.8,-223.8,384.0859278859,311,-49,-220,5.0129831438,0.1,-2.4,4.4,320.9,-128.6,-133.4,369.9229649535,321,-131,-129,0,15:36.6
25,1,nisson,0,0,0,0,bluebird,0,0,186.758829,-88.147103,-163.3395367,204.8712994,-63.94984269,-253.2068101,313.0550881,-46.22017708,-222.6865174,320.0397485,-128.9103915,-131.6015202,0,2.461706725,-1.4,0.7,1.9,187.4,-87.7,-162.9,260.932941577,186,-87,-161,5.8762232769,1.3,-2.8,5,204.7,-64.2,-254,330.0393915883,206,-67,-249,2.553429067,-0.2,1.8,1.8,314.2,-46.8,-223.8,387.1756707233,314,-45,-222,3.2449961479,-2.9,-0.4,1.4,320.9,-128.6,-133.4,367.6805678847,318,-129,-132,0,15:39.5
26,1,nisson,0,0,0,0,bluebird,0,0,186.6708876,-87.93974785,-163.4225599,204.7777344,-64.05235056,-253.1464696,313.0523337,-46.25916822,-222.6521915,319.9377611,-128.7148719,-131.6714442,0,4.8846698967,-2.4,3.7,-2.1,187.4,-87.7,-162.9,261.7365087259,185,-84,-165,3.1827660926,-1.7,-1.8,2,204.7,-64.2,-254,330.2559613391,203,-66,-252,2.1725560982,-1.2,-0.2,1.8,314.2,-46.8,-223.8,386.6031557036,313,-47,-222,4.6400431032,-2.9,3.6,0.4,320.9,-128.6,-133.4,366.6578786826,318,-125,-133,0,15:42.4
27,1,nisson,0,0,0,0,bluebird,0,0,186.6873432,-87.74276046,-163.2014319,204.6388477,-64.09973303,-253.0891461,313.099717,-46.44620981,-222.419582,319.940873,-128.5791283,-131.737872,0,5.3907327888,-0.4,3.7,3.9,187.4,-87.7,-162.9,259.4339993139,187,-84,-159,3.4539832078,-2.7,-0.8,2,204.7,-64.2,-254,329.4434701129,202,-65,-252,6.6272166103,-0.2,-3.2,5.8,314.2,-46.8,-223.8,385.512645707,314,-50,-218,2.7802877549,-0.9,2.6,0.4,320.9,-128.6,-133.4,368.7343217006,320,-126,-133,0,15:45.3
28,1,nisson,0,0,0,0,bluebird,0,0,186.752976,-87.80562244,-163.0913603,204.6069053,-63.94474638,-253.0346888,312.9947311,-46.57389932,-222.2986029,319.9938294,-128.6501719,-131.7009784,0,2.3790754507,0.6,-1.3,1.9,187.4,-87.7,-162.9,263.0323174061,188,-89,-161,3.8379682125,-0.7,3.2,2,204.7,-64.2,-254,329.9105939493,204,-61,-252,5.4332310829,-3.2,-2.2,3.8,314.2,-46.8,-223.8,384.0859278859,311,-49,-220,2.7802877549,0.1,-1.4,2.4,320.9,-128.6,-133.4,370.2728723523,321,-130,-131,0,15:48.3
29,1,nisson,0,0,0,0,bluebird,0,0,186.7153272,-87.86534132,-162.9367923,204.72656,-63.94750906,-252.9329544,312.9449946,-46.49520436,-222.2336727,319.9441379,-128.7176633,-131.7659295,0,3.4727510708,-1.4,-1.3,2.9,187.4,-87.7,-162.9,260.9923370523,186,-89,-160,3.7854986461,2.3,0.2,3,204.7,-64.2,-254,331.5810609791,207,-64,-251,3.9899874687,-2.2,1.8,2.8,314.2,-46.8,-223.8,384.9805189877,312,-45,-221,2.3937418407,-1.9,-1.4,0.4,320.9,-128.6,-133.4,369.2560087527,319,-130,-133,0,15:51.2
30,1,nisson,0,0,0,0,bluebird,0,0,186.6795609,-87.72207425,-162.8399527,204.690232,-64.10013361,-252.8863067,312.9477449,-46.57044414,-222.1719891,319.896931,-128.5317802,-131.777633,0,3.5860842154,-1.4,2.7,1.9,187.4,-87.7,-162.9,260.2729336677,186,-85,-161,3.5114099732,-0.7,-2.8,2,204.7,-64.2,-254,331.072499613,204,-67,-252,3.2741411087,-1.2,-1.2,2.8,314.2,-46.8,-223.8,386.1528194899,313,-48,-221,4.30464865,-1.9,3.6,1.4,320.9,-128.6,-133.4,367.1648131289,319,-125,-132,0,15:54.1
31,1,nisson,0,0,0,0,bluebird,0,0,186.7455828,-87.78597054,-162.647955,204.7057204,-63.94512693,-252.7919913,312.8003576,-46.64192193,-222.1133896,319.9020845,-128.6051911,-131.8387513,0,4.1545156156,0.6,-1.3,3.9,187.4,-87.7,-162.9,261.8129103005,188,-89,-159,4.3965895874,0.3,3.2,3,204.7,-64.2,-254,329.7681003372,205,-61,-251,5.1884487084,-4.2,-1.2,2.8,314.2,-46.8,-223.8,383.7251620626,310,-48,-221,1.7117242769,-0.9,-1.4,0.4,320.9,-128.6,-133.4,370.1202507294,320,-130,-133,0,15:57.0
32,1,nisson,0,0,0,0,bluebird,0,0,186.6583037,-87.79667201,-162.5655573,204.7204344,-64.09787058,-252.8523918,312.8103397,-46.50982583,-222.1077202,319.7569802,-128.5249316,-132.0468138,0,3.0757112998,-2.4,-0.3,1.9,187.4,-87.7,-162.9,260.5570954705,185,-88,-161,2.8160255681,0.3,-2.8,0,204.7,-64.2,-254,333.2116444544,205,-67,-254,3.5383612026,-1.2,2.8,1.8,314.2,-46.8,-223.8,386.2499190938,313,-44,-222,4.9527769988,-3.9,1.6,-2.6,320.9,-128.6,-133.4,367.5785630311,317,-127,-136,0,16:00.0
33,1,nisson,0,0,0,0,bluebird,0,0,186.7253885,-87.55683841,-162.4372794,204.5844127,-63.99297705,-252.9097722,312.7698228,-46.68433454,-222.1023341,319.7191312,-128.398685,-132.0444731,0,5.5551777649,0.6,4.7,2.9,187.4,-87.7,-162.9,260.4476914853,188,-83,-160,3.4828149535,-2.7,2.2,0,204.7,-64.2,-254,330.3997578692,202,-62,-254,4.2801869118,-2.2,-3.2,1.8,314.2,-46.8,-223.8,386.1709466027,312,-50,-222,3.5114099732,-1.9,2.6,1.4,320.9,-128.6,-133.4,367.5064625282,319,-126,-132,0,16:02.9
34,1,nisson,0,0,0,0,bluebird,0,0,186.7391191,-87.62899649,-162.3654155,204.655192,-64.0933282,-252.9142836,312.6813316,-46.60011782,-222.0972174,319.6331747,-128.4787508,-132.0422494,0,2.3366642891,-0.4,-1.3,1.9,187.4,-87.7,-162.9,262.3185086874,187,-89,-161,2.4351591324,1.3,-1.8,1,204.7,-64.2,-254,332.8678416429,206,-66,-253,4.0890096601,-3.2,1.8,1.8,314.2,-46.8,-223.8,384.7466699011,311,-45,-222,3.5114099732,-2.9,-1.4,1.4,320.9,-128.6,-133.4,368.032607251,318,-130,-132,0,16:05.8
35,1,nisson,0,0,0,0,bluebird,0,0,186.8021631,-87.54754667,-162.3471447,204.5224324,-64.03866179,-252.9185694,312.747265,-46.72011192,-221.9423566,319.7015159,-128.4048132,-132.040137,0,2.014944168,0.6,1.7,0.9,187.4,-87.7,-162.9,262.648053486,188,-86,-162,3.1192947921,-2.7,1.2,1,204.7,-64.2,-254,329.821163663,202,-63,-253,5.2839379254,-0.2,-2.2,4.8,314.2,-46.8,-223.8,385.9507740632,314,-49,-219,2.1283796654,0.1,1.6,1.4,320.9,-128.6,-133.4,369.5862551557,321,-127,-132,0,16:08.8
36,1,nisson,0,0,0,0,bluebird,0,0,186.762055,-87.67016933,-162.2797874,204.5963108,-64.0367287,-253.0226409,312.6599018,-46.63410633,-221.9952387,319.6164401,-128.4845726,-132.0881301,0,3.2954514107,-1.4,-2.3,1.9,187.4,-87.7,-162.9,261.9484682146,186,-90,-161,1.6522711642,1.3,0.2,-1,204.7,-64.2,-254,334.0014970026,206,-64,-255,3.7576588456,-3.2,1.8,0.8,314.2,-46.8,-223.8,385.3245385386,311,-45,-223,3.2449961479,-2.9,-1.4,0.4,320.9,-128.6,-133.4,368.3924537772,318,-130,-133,0,16:11.7
37,1,nisson,0,0,0,0,bluebird,0,0,186.8239522,-87.58666087,-162.2657981,204.4664953,-64.03489226,-253.0215089,312.6769067,-46.80240101,-221.8954768,319.6356181,-128.4603439,-132.1837236,0,2.014944168,0.6,1.7,0.9,187.4,-87.7,-162.9,262.648053486,188,-86,-162,2.8861739379,-2.7,0.2,1,204.7,-64.2,-254,330.0136360819,202,-64,-253,5.1107729357,-1.2,-3.2,3.8,314.2,-46.8,-223.8,385.8354571576,313,-50,-220,1.2369316877,-0.9,0.6,-0.6,320.9,-128.6,-133.4,369.7837205719,320,-128,-134,0,16:14.6
38,1,nisson,0,0,0,0,bluebird,0,0,186.7327546,-87.60732782,-162.2025082,204.5431705,-64.13314765,-252.9704334,312.6930614,-46.71228096,-221.850703,319.6038372,-128.4373267,-132.2245374,0,3.0757112998,-2.4,-0.3,1.9,187.4,-87.7,-162.9,260.5570954705,185,-88,-161,2.9883105595,1.3,-1.8,2,204.7,-64.2,-254,332.1084160331,206,-66,-252,3.5383612026,-1.2,1.8,2.8,314.2,-46.8,-223.8,385.7913944089,313,-45,-221,2.0322401433,-1.9,0.6,0.4,320.9,-128.6,-133.4,368.5566442218,319,-128,-133,0,16:17.5
39,1,nisson,0,0,0,0,bluebird,0,0,186.7961169,-87.67696143,-162.0923828,204.516012,-64.02649027,-252.8219118,312.6084083,-46.77666691,-221.8081678,319.6736454,-128.5154604,-132.2633105,0,3.2341923258,0.6,-1.3,2.9,187.4,-87.7,-162.9,262.4214168089,188,-89,-160,4.6184412955,-0.7,2.2,4,204.7,-64.2,-254,328.5726708051,204,-62,-250,4.4181444069,-3.2,-1.2,2.8,314.2,-46.8,-223.8,384.5334835876,311,-48,-221,1.4594519519,0.1,-1.4,0.4,320.9,-128.6,-133.4,370.985174906,321,-130,-133,0,16:20.5
40,1,nisson,0,0,0,0,bluebird,0,0,186.756311,-87.49311336,-162.1377636,204.4402114,-64.02516576,-252.8308162,312.6279879,-46.88783357,-221.8177594,319.6899631,-128.3896874,-132.300145,0,3.9572717875,-1.4,3.7,-0.1,187.4,-87.7,-162.9,261.1915006274,186,-84,-163,1.9824227602,-1.7,0.2,1,204.7,-64.2,-254,330.6266776895,203,-64,-253,3.0854497241,-1.2,-2.2,1.8,314.2,-46.8,-223.8,386.8513926561,313,-49,-222,2.7802877549,-0.9,2.6,0.4,320.9,-128.6,-133.4,368.7343217006,320,-126,-133,0,16:23.4
41,1,nisson,0,0,0,0,bluebird,0,0,186.6684955,-87.61845769,-162.0308754,204.4682008,-64.12390747,-252.8892754,312.5465885,-46.89344189,-221.8768715,319.6054649,-128.570203,-132.1851378,0,4.411349,-2.4,-2.3,2.9,187.4,-87.7,-162.9,260.6242505984,185,-90,-160,1.8248287591,0.3,-1.8,0,204.7,-64.2,-254,333.0120117954,205,-66,-254,3.3045423284,-3.2,-0.2,0.8,314.2,-46.8,-223.8,385.5632243874,311,-47,-223,5.6151580565,-2.9,-3.4,3.4,320.9,-128.6,-133.4,368.032607251,318,-132,-130,0,16:26.3
42,1,nisson,2,2,2,2,bluebird,70.2200825975,2,186.6684955,-87.61845769,-162.0308754,204.4682008,-64.12390747,-252.8892754,312.5465885,-46.89344189,-221.8768715,319.6054649,-128.570203,-132.1851378,0,16.6871207822,6.6,-15.3,0.9,187.4,-87.7,-162.9,272.9267300944,194,-103,-162,13.8899244058,5.3,-12.8,-1,204.7,-64.2,-254,339.1961084682,210,-77,-255,17.4676844487,2.8,-17.2,-1.2,314.2,-46.8,-223.8,393.9670036945,317,-64,-225,18.2299204606,7.1,-16.4,-3.6,320.9,-128.6,-133.4,383.8984240655,328,-145,-137,0,16:29.2
43,1,nisson,2,2,2,2,bluebird,70.2200825975,2,186.6684955,-87.61845769,-162.0308754,204.4682008,-64.12390747,-252.8892754,312.5465885,-46.89344189,-221.8768715,319.6054649,-128.570203,-132.1851378,0,14.6102703603,7.6,-12.3,-2.1,187.4,-87.7,-162.9,274.3173344869,195,-100,-165,18.5345623094,8.3,-15.8,-5,204.7,-64.2,-254,344.7462835188,213,-80,-259,19.3576858121,10.8,-15.2,-5.2,314.2,-46.8,-223.8,402.3804170185,325,-62,-229,14.9107343884,9.1,-10.4,-5.6,320.9,-128.6,-133.4,384.1119628442,330,-139,-139,0,16:30.2
44,1,nisson,2,2,2,2,bluebird,70.2200825975,2,186.6684955,-87.61845769,-162.0308754,204.4682008,-64.12390747,-252.8892754,312.5465885,-46.89344189,-221.8768715,319.6054649,-128.570203,-132.1851378,0,18.5811732676,8.6,-15.3,-6.1,187.4,-87.7,-162.9,278.5426358747,196,-103,-169,17.7744198218,11.3,-11.8,-7,204.7,-64.2,-254,347.2074307961,216,-76,-261,17.1440951934,10.8,-11.2,-7.2,314.2,-46.8,-223.8,402.9267923581,325,-58,-231,18.1859836138,8.1,-14.4,-7.6,320.9,-128.6,-133.4,385.4490887264,329,-143,-141,0,16:31.1
45,1,nisson,2,2,2,2,bluebird,70.2200825975,2,186.6684955,-87.61845769,-162.0308754,204.4682008,-64.12390747,-252.8892754,312.5465885,-46.89344189,-221.8768715,319.6054649,-128.570203,-132.1851378,0,17.7217380637,10.6,-12.3,-7.1,187.4,-87.7,-162.9,279.4709287207,198,-100,-170,13.9186924673,8.3,-7.8,-8,204.7,-64.2,-254,345.249185372,213,-72,-262,18.0144386535,6.8,-13.2,-10.2,314.2,-46.8,-223.8,401.742454814,321,-60,-234,19.3424403838,11.1,-14.4,-6.6,320.9,-128.6,-133.4,387.6506158901,332,-143,-140,0,16:32.0
46,1,nisson,2,2,2,2,bluebird,70.2200825975,2,186.6684955,-87.61845769,-162.0308754,204.4682008,-64.12390747,-252.8892754,312.5465885,-46.89344189,-221.8768715,319.6054649,-128.570203,-132.1851378,0,19.1222383627,10.6,-12.3,-10.1,187.4,-87.7,-162.9,281.305883337,198,-100,-173,16.8798696677,9.3,-8.8,-11,204.7,-64.2,-254,348.353268967,214,-73,-265,16.9387130562,7.8,-13.2,-7.2,314.2,-46.8,-223.8,400.8054390849,322,-60,-231,19.7567709912,10.1,-12.4,-11.6,320.9,-128.6,-133.4,387.9007605045,331,-141,-145,0,16:33.1
47,1,nisson,2,2,2,2,bluebird,70.2200825975,2,186.6684955,-87.61845769,-162.0308754,204.4682008,-64.12390747,-252.8892754,312.5465885,-46.89344189,-221.8768715,319.6054649,-128.570203,-132.1851378,0,16.219124514,9.6,-8.3,-10.1,187.4,-87.7,-162.9,279.2024355195,197,-96,-173,18.4480351257,8.3,-13.8,-9,204.7,-64.2,-254,347.3067808149,213,-78,-263,19.3783384221,10.8,-13.2,-9.2,314.2,-46.8,-223.8,404.3686436904,325,-60,-233,16.8264672466,9.1,-10.4,-9.6,320.9,-128.6,-133.4,385.5774889695,330,-139,-143,0,16:34.0
48,1,nisson,2,2,2,2,bluebird,70.2200825975,2,186.6684955,-87.61845769,-162.0308754,204.4682008,-64.12390747,-252.8892754,312.5465885,-46.89344189,-221.8768715,319.6054649,-128.570203,-132.1851378,0,18.090328908,8.6,-12.3,-10.1,187.4,-87.7,-162.9,279.9017684832,196,-100,-173,19.7314469819,10.3,-11.8,-12,204.7,-64.2,-254,350.3669504962,215,-76,-266,16.9564147154,8.8,-9.2,-11.2,314.2,-46.8,-223.8,403.3484845639,323,-56,-235,17.4335882709,7.1,-13.4,-8.6,320.9,-128.6,-133.4,384.5932916732,328,-142,-142,0,16:34.9
49,1,nisson,2,2,2,2,bluebird,70.2200825975,2,186.6684955,-87.61845769,-162.0308754,204.4682008,-64.12390747,-252.8892754,312.5465885,-46.89344189,-221.8768715,319.6054649,-128.570203,-132.1851378,0,18.494864152,10.6,-11.3,-10.1,187.4,-87.7,-162.9,280.9519531877,198,-99,-173,14.6195075156,9.3,-6.8,-9,204.7,-64.2,-254,346.4188216596,214,-71,-263,18.759530911,6.8,-14.2,-10.2,314.2,-46.8,-223.8,401.8930205913,321,-61,-234,18.7331257402,11.1,-12.4,-8.6,320.9,-128.6,-133.4,387.6454565708,332,-141,-142,0,16:35.9
50,1,nisson,2,2,2,2,bluebird,70.2200825975,2,186.6684955,-87.61845769,-162.0308754,204.4682008,-64.12390747,-252.8892754,312.5465885,-46.89344189,-221.8768715,319.6054649,-128.570203,-132.1851378,0,14.4727329831,7.6,-8.3,-9.1,187.4,-87.7,-162.9,277.1732310307,195,-96,-172,18.3883115049,7.3,-12.8,-11,204.7,-64.2,-254,347.9913792036,212,-77,-265,19.2437002679,9.8,-11.2,-12.2,314.2,-46.8,-223.8,405.0135800192,324,-58,-236,14.4958614784,8.1,-8.4,-8.6,320.9,-128.6,-133.4,383.6326367764,329,-137,-142,0,16:36.8
51,1,nisson,2,2,2,2,bluebird,70.2200825975,2,186.6684955,-87.61845769,-162.0308754,204.4682008,-64.12390747,-252.8892754,312.5465885,-46.89344189,-221.8768715,319.6054649,-128.570203,-132.1851378,0,18.7845681345,8.6,-13.3,-10.1,187.4,-87.7,-162.9,280.2605930201,196,-101,-173,17.4507879478,10.3,-8.8,-11,204.7,-64.2,-254,348.968479952,215,-73,-265,15.2354848955,7.8,-8.2,-10.2,314.2,-46.8,-223.8,401.827077236,322,-55,-234,19.4455650471,8.1,-12.4,-12.6,320.9,-128.6,-133.4,386.5721148764,329,-141,-146,0,16:37.7
52,1,nisson,2,2,2,2,bluebird,70.2200825975,2,186.6684955,-87.61845769,-162.0308754,204.4682008,-64.12390747,-252.8892754,312.5465885,-46.89344189,-221.8768715,319.6054649,-128.570203,-132.1851378,0,16.7827292179,10.6,-9.3,-9.1,187.4,-87.7,-162.9,279.6372650417,198,-97,-172,16.0664246178,7.3,-7.8,-12,204.7,-64.2,-254,347.6837643607,212,-72,-266,19.0714446228,8.8,-14.2,-9.2,314.2,-46.8,-223.8,402.9131420046,323,-61,-233,17.3991379097,10.1,-9.4,-10.6,320.9,-128.6,-133.4,386.4466327968,331,-138,-144,0,16:38.6
53,1,nisson,2,2,2,2,bluebird,70.2200825975,2,186.6684955,-87.61845769,-162.0308754,204.4682008,-64.12390747,-252.8892754,312.5465885,-46.89344189,-221.8768715,319.6054649,-128.570203,-132.1851378,0,16.5184745058,6.6,-10.3,-11.1,187.4,-87.7,-162.9,278.4169535068,194,-98,-174,18.5830567991,10.3,-11.8,-10,204.7,-64.2,-254,348.8509710464,215,-76,-264,19.2229030066,10.8,-10.2,-12.2,314.2,-46.8,-223.8,405.6722815278,325,-57,-236,16.3196200936,8.1,-9.4,-10.6,320.9,-128.6,-133.4,384.7349737157,329,-138,-144,0,16:39.5
54,1,nisson,2,2,2,2,bluebird,70.2200825975,2,186.6684955,-87.61845769,-162.0308754,204.4682008,-64.12390747,-252.8892754,312.5465885,-46.89344189,-221.8768715,319.6054649,-128.570203,-132.1851378,0,18.7579316557,9.6,-13.3,-9.1,187.4,-87.7,-162.9,280.3462145277,197,-101,-172,16.9685002284,10.3,-7.8,-11,204.7,-64.2,-254,348.7606629194,215,-72,-265,18.0144386535,6.8,-10.2,-13.2,314.2,-46.8,-223.8,403.0620299656,321,-57,-237,18.3393020587,9.1,-13.4,-8.6,320.9,-128.6,-133.4,386.3004012424,330,-142,-142,0,16:40.5
55,1,nisson,2,2,2,2,bluebird,70.2200825975,2,186.6684955,-87.61845769,-162.0308754,204.4682008,-64.12390747,-252.8892754,312.5465885,-46.89344189,-221.8768715,319.6054649,-128.570203,-132.1851378,0,15.8259280928,8.6,-7.3,-11.1,187.4,-87.7,-162.9,278.7776892077,196,-95,-174,15.1766267662,7.3,-9.8,-9,204.7,-64.2,-254,345.8164252895,212,-74,-263,19.4195777503,8.8,-13.2,-11.2,314.2,-46.8,-223.8,403.9232600383,323,-60,-235,16.4538749236,8.1,-8.4,-11.6,320.9,-128.6,-133.4,384.7531676283,329,-137,-145,0,16:41.4
56,1,nisson,2,2,2,2,bluebird,70.2200825975,2,186.6684955,-87.61845769,-162.0308754,204.4682008,-64.12390747,-252.8892754,312.5465885,-46.89344189,-221.8768715,319.6054649,-128.570203,-132.1851378,0,16.8837199692,7.6,-13.3,-7.1,187.4,-87.7,-162.9,277.7156819483,195,-101,-170,18.0646062786,10.3,-11.8,-9,204.7,-64.2,-254,348.0948146698,215,-76,-263,16.4353278032,8.8,-8.2,-11.2,314.2,-46.8,-223.8,403.2108629489,323,-55,-235,16.1842516046,7.1,-12.4,-7.6,320.9,-128.6,-133.4,383.8567441117,328,-141,-141,0,16:42.3
57,1,nisson,2,2,2,2,bluebird,70.2200825975,2,186.6684955,-87.61845769,-162.0308754,204.4682008,-64.12390747,-252.8892754,312.5465885,-46.89344189,-221.8768715,319.6054649,-128.570203,-132.1851378,0,17.9683054293,10.6,-11.3,-9.1,187.4,-87.7,-162.9,280.3372968408,198,-99,-172,15.6054477667,7.3,-6.8,-12,204.7,-64.2,-254,347.4780568612,212,-71,-266,17.8807158693,7.8,-13.2,-9.2,314.2,-46.8,-223.8,401.9614409368,322,-60,-233,16.3685674388,10.1,-10.4,-7.6,320.9,-128.6,-133.4,385.6980684421,331,-139,-141,0,16:43.2
58,1,nisson,2,2,2,2,bluebird,70.2200825975,2,186.6684955,-87.61845769,-162.0308754,204.4682008,-64.12390747,-252.8892754,312.5465885,-46.89344189,-221.8768715,319.6054649,-128.570203,-132.1851378,0,15.8069604921,7.6,-8.3,-11.1,187.4,-87.7,-162.9,278.4187493686,195,-96,-174,17.2258526639,8.3,-12.8,-8,204.7,-64.2,-254,346.3264356066,213,-77,-262,19.3783384221,10.8,-9.2,-13.2,314.2,-46.8,-223.8,406.1157470476,325,-56,-237,14.0474196919,7.1,-7.4,-9.6,320.9,-128.6,-133.4,382.7910657265,328,-136,-143,0,16:44.2
59,1,nisson,2,2,2,2,bluebird,70.2200825975,2,186.6684955,-87.61845769,-162.0308754,204.4682008,-64.12390747,-252.8892754,312.5465885,-46.89344189,-221.8768715,319.6054649,-128.570203,-132.1851378,0,18.0626686843,9.6,-12.3,-9.1,187.4,-87.7,-162.9,279.987499721,197,-100,-172,17.4507879478,10.3,-8.8,-11,204.7,-64.2,-254,348.968479952,215,-73,-265,16.6048185778,6.8,-10.2,-11.2,314.2,-46.8,-223.8,401.8892882374,321,-57,-235,18.3393020587,9.1,-13.4,-8.6,320.9,-128.6,-133.4,386.3004012424,330,-142,-142,0,16:45.1
60,1,nisson,2,2,2,2,bluebird,70.2200825975,2,186.6684955,-87.61845769,-162.0308754,204.4682008,-64.12390747,-252.8892754,312.5465885,-46.89344189,-221.8768715,319.6054649,-128.570203,-132.1851378,0,16.1697247967,9.6,-9.3,-9.1,187.4,-87.7,-162.9,278.9300987703,197,-97,-172,17.0566702495,7.3,-10.8,-11,204.7,-64.2,-254,347.5543123024,212,-75,-265,18.8393205822,9.8,-13.2,-9.2,314.2,-46.8,-223.8,403.5653602578,324,-60,-233,17.5251248212,10.1,-8.4,-11.6,320.9,-128.6,-133.4,386.4647461283,331,-137,-145,0,16:46.0
61,1,nisson,2,2,2,2,bluebird,70.2200825975,2,186.6684955,-87.61845769,-162.0308754,204.4682008,-64.12390747,-252.8892754,312.5465885,-46.89344189,-221.8768715,319.6054649,-128.570203,-132.1851378,0,16.5728693955,7.6,-12.3,-8.1,187.4,-87.7,-162.9,277.967624014,195,-100,-171,19.1136077181,11.3,-10.8,-11,204.7,-64.2,-254,350.0085713236,216,-75,-265,16.3499235472,9.8,-8.2,-10.2,314.2,-46.8,-223.8,403.4315307459,324,-55,-234,16.9626059319,8.1,-11.4,-9.6,320.9,-128.6,-133.4,385.0844063319,329,-140,-143,0,16:46.9
62,1,nisson,2,2,2,2,bluebird,70.2200825975,2,186.6684955,-87.61845769,-162.0308754,204.4682008,-64.12390747,-252.8892754,312.5465885,-46.89344189,-221.8768715,319.6054649,-128.570203,-132.1851378,0,17.500285712,11.6,-10.3,-8.1,187.4,-87.7,-162.9,280.0821308117,199,-98,-171,16.3379925327,10.3,-7.8,-10,204.7,-64.2,-254,348.0014367786,215,-72,-264,18.9820968283,8.8,-15.2,-7.2,314.2,-46.8,-223.8,401.9129258932,323,-62,-231,17.9033516415,11.1,-12.4,-6.6,320.9,-128.6,-133.4,386.917303826,332,-141,-140,0,16:47.9
63,1,nisson,2,2,2,2,bluebird,70.2200825975,2,186.6684955,-87.61845769,-162.0308754,204.4682008,-64.12390747,-252.8892754,312.5465885,-46.89344189,-221.8768715,319.6054649,-128.570203,-132.1851378,0,15.5967945425,8.6,-9.3,-9.1,187.4,-87.7,-162.9,278.2247293107,196,-97,-172,18.8555031755,11.3,-12.8,-8,204.7,-64.2,-254,348.1795513812,216,-77,-262,18.6365232809,11.8,-10.2,-10.2,314.2,-46.8,-223.8,405.3159261613,326,-57,-234,15.1304329085,9.1,-9.4,-7.6,320.9,-128.6,-133.4,384.4801685393,330,-138,-141,0,16:48.8
64,1,nisson,2,2,2,2,bluebird,70.2200825975,2,186.6684955,-87.61845769,-162.0308754,204.4682008,-64.12390747,-252.8892754,312.5465885,-46.89344189,-221.8768715,319.6054649,-128.570203,-132.1851378,0,19.1744621828,12.6,-14.3,-2.1,187.4,-87.7,-162.9,278.619812648,200,-102,-165,17.7912900038,14.3,-9.8,-4,204.7,-64.2,-254,346.4116048864,219,-74,-258,16.1220346111,9.8,-11.2,-6.2,314.2,-46.8,-223.8,401.547008456,324,-58,-230,18.2079652899,12.1,-12.4,-5.6,320.9,-128.6,-133.4,387.4157973031,333,-141,-139,0,16:49.7
65,1,nisson,2,2,2,2,bluebird,70.2200825975,2,186.6684955,-87.61845769,-162.0308754,204.4682008,-64.12390747,-252.8892754,312.5465885,-46.89344189,-221.8768715,319.6054649,-128.570203,-132.1851378,0,17.0956134725,13.6,-10.3,-1.1,187.4,-87.7,-162.9,277.3102955175,201,-98,-164,16.6111408398,11.3,-11.8,-3,204.7,-64.2,-254,344.2106912924,216,-76,-257,19.5530048842,13.8,-13.2,-4.2,314.2,-46.8,-223.8,403.9405896911,328,-60,-228,17.0214570469,14.1,-9.4,-1.6,320.9,-128.6,-133.4,386.6445395968,335,-138,-135,0,16:50.6
66,1,nisson,2,2,2,2,bluebird,70.2200825975,2,186.6684955,-87.61845769,-162.0308754,204.4682008,-64.12390747,-252.8892754,312.5465885,-46.89344189,-221.8768715,319.6054649,-128.570203,-132.1851378,0,18.4135819438,11.6,-14.3,-0.1,187.4,-87.7,-162.9,276.7200751662,199,-102,-163,18.5669060427,14.3,-11.8,1,204.7,-64.2,-254,343.1413702834,219,-76,-253,17.2545646135,13.8,-10.2,1.8,314.2,-46.8,-223.8,400.1462232734,328,-57,-222,18.235405123,11.1,-14.4,1.4,320.9,-128.6,-133.4,384.8337303304,332,-143,-132,0,16:51.5
67,1,nisson,2,2,2,2,bluebird,70.2200825975,2,186.6684955,-87.61845769,-162.0308754,204.4682008,-64.12390747,-252.8892754,312.5465885,-46.89344189,-221.8768715,319.6054649,-128.570203,-132.1851378,0,17.9181472256,13.6,-11.3,2.9,187.4,-87.7,-162.9,275.3216300983,201,-99,-160,15.48321672,11.3,-9.8,4,204.7,-64.2,-254,338.5734779926,216,-74,-250,19.471004083,10.8,-16.2,-0.2,314.2,-46.8,-223.8,399.7123966054,325,-63,-224,20.4384441678,14.1,-14.4,3.4,320.9,-128.6,-133.4,386.7479799559,335,-143,-130,0,16:52.5
68,1,nisson,2,2,2,2,bluebird,70.2200825975,2,186.6684955,-87.61845769,-162.0308754,204.4682008,-64.12390747,-252.8892754,312.5465885,-46.89344189,-221.8768715,319.6054649,-128.570203,-132.1851378,0,18.0571315552,10.6,-12.3,7.9,187.4,-87.7,-162.9,270.6085734045,198,-100,-155,21.2115534556,12.3,-15.8,7,204.7,-64.2,-254,338.3755310302,217,-80,-247,17.6329237508,11.8,-11.2,6.8,314.2,-46.8,-223.8,395.8901362752,326,-58,-217,18.0258148221,9.1,-12.4,9.4,320.9,-128.6,-133.4,379.6801285293,330,-141,-124,0,16:53.4
69,1,nisson,2,2,2,2,bluebird,70.2200825975,2,186.6684955,-87.61845769,-162.0308754,204.4682008,-64.12390747,-252.8892754,312.5465885,-46.89344189,-221.8768715,319.6054649,-128.570203,-132.1851378,0,22.7916651432,9.6,-15.3,13.9,187.4,-87.7,-162.9,267.6172640171,197,-103,-149,17.5079981723,8.3,-10.8,11,204.7,-64.2,-254,331.7272976407,213,-75,-243,21.7513217989,4.8,-15.2,14.8,314.2,-46.8,-223.8,386.3754650596,319,-62,-209,21.445978644,6.1,-16.4,12.4,320.9,-128.6,-133.4,377.6175313727,327,-145,-121,0,16:54.3
70,1,nisson,2,2,2,2,bluebird,0,0,186.6684955,-87.61845769,-162.0308754,204.4682008,-64.12390747,-252.8892754,312.5465885,-46.89344189,-221.8768715,319.6054649,-128.570203,-132.1851378,0,21.8462811481,4.6,-15.3,14.9,187.4,-87.7,-162.9,263.3951404259,192,-103,-148,24.6481236608,8.3,-15.8,17,204.7,-64.2,-254,328.5391909651,213,-80,-237,19.1708111461,4.8,-11.2,14.8,314.2,-46.8,-223.8,385.753807499,319,-58,-209,25.5133298493,3.1,-17.4,18.4,320.9,-128.6,-133.4,373.5197451274,324,-146,-115,0,16:55.2
71,1,nisson,2,2,2,2,bluebird,0,0,186.6684955,-87.61845769,-162.0308754,204.4682008,-64.12390747,-252.8892754,312.5465885,-46.89344189,-221.8768715,319.6054649,-128.570203,-132.1851378,0,21.5513340654,-1.4,-13.3,16.9,187.4,-87.7,-162.9,257.1244834706,186,-101,-146,24.4198689595,-6.7,-13.8,19,204.7,-64.2,-254,317.0378526296,198,-78,-235,29.7677678034,-11.2,-19.2,19.8,314.2,-46.8,-223.8,371.1886312914,303,-66,-204,29.535233197,-13.9,-17.4,19.4,320.9,-128.6,-133.4,358.5540405573,307,-146,-114,0,16:56.2
72,1,nisson,1,1,1,1,bluebird,35.1100412988,1,186.6684955,-87.61845769,-162.0308754,204.4682008,-64.12390747,-252.8892754,312.5465885,-46.89344189,-221.8768715,319.6054649,-128.570203,-132.1851378,0,65.4954960284,-51.4,-28.3,-29.1,187.4,-87.7,-162.9,262.3280389131,136,-116,-192,76.0521531582,-48.7,-31.8,-49,204.7,-64.2,-254,354.0635536171,156,-96,-303,85.2497507328,-45.2,-31.2,-65.2,314.2,-46.8,-223.8,402.449996894,269,-78,-289,96.0371282369,-47.9,-27.4,-78.6,320.9,-128.6,-133.4,379.2215711164,273,-156,-212,0,16:57.1
73,1,nisson,1,1,1,1,bluebird,70.2200825975,2,186.6684955,-87.61845769,-162.0308754,204.4682008,-64.12390747,-252.8892754,312.5465885,-46.89344189,-221.8768715,319.6054649,-128.570203,-132.1851378,0,58.447070072,12.6,-23.3,-52.1,187.4,-87.7,-162.9,313.9203720691,200,-111,-215,60.6607781025,6.3,-24.8,-55,204.7,-64.2,-254,384.6075922288,211,-89,-309,55.531252462,1.8,-29.2,-47.2,314.2,-46.8,-223.8,423.1701785334,316,-76,-271,47.4060122769,-1.9,-24.4,-40.6,320.9,-128.6,-133.4,394.2664073948,319,-153,-174,0,17:00.0
74,1,nisson,1,1,1,1,bluebird,70.2200825975,2,186.6684955,-87.61845769,-162.0308754,204.4682008,-64.12390747,-252.8892754,312.5465885,-46.89344189,-221.8768715,319.6054649,-128.570203,-132.1851378,0,45.5638014217,-3.4,-44.3,-10.1,187.4,-87.7,-162.9,284.9719284421,184,-132,-173,36.1348861905,-3.7,-34.8,-9,204.7,-64.2,-254,345.5010853818,201,-99,-263,37.1688041239,-10.2,-35.2,-6.2,314.2,-46.8,-223.8,389.9230693355,304,-82,-230,42.8570880952,-8.9,-41.4,-6.6,320.9,-128.6,-133.4,381.8952736026,312,-170,-140,0,17:02.9
75,1,nisson,1,1,1,1,bluebird,35.1100412988,1,186.6684955,-87.61845769,-162.0308754,204.4682008,-64.12390747,-252.8892754,312.5465885,-46.89344189,-221.8768715,319.6054649,-128.570203,-132.1851378,0,46.8877382692,-45.4,-11.3,-3.1,187.4,-87.7,-162.9,239.8353601953,142,-99,-166,44.2191135144,-42.7,-9.8,-6,204.7,-64.2,-254,315.1507575748,162,-74,-260,48.0803494164,-46.2,-7.2,-11.2,314.2,-46.8,-223.8,360.5065880119,268,-54,-235,51.1696198931,-49.9,-8.4,-7.6,320.9,-128.6,-133.4,334.7999402628,271,-137,-141,0,17:05.9
76,1,nisson,1,1,1,1,bluebird,35.1100412988,1,186.6684955,-87.61845769,-162.0308754,204.4682008,-64.12390747,-252.8892754,312.5465885,-46.89344189,-221.8768715,319.6054649,-128.570203,-132.1851378,0,66.665283319,-58.4,-17.3,-27.1,187.4,-87.7,-162.9,252.5193061926,129,-105,-190,72.4149846372,-60.7,-13.8,-37,204.7,-64.2,-254,333.9176545198,144,-78,-291,79.824307075,-62.2,-19.2,-46.2,314.2,-46.8,-223.8,375.1799568207,252,-66,-270,75.2896407217,-59.9,-13.4,-43.6,320.9,-128.6,-133.4,345.8525697461,261,-142,-177,0,17:08.8
77,1,nisson,1,1,1,1,bluebird,35.1100412988,1,186.6684955,-87.61845769,-162.0308754,204.4682008,-64.12390747,-252.8892754,312.5465885,-46.89344189,-221.8768715,319.6054649,-128.570203,-132.1851378,0,69.4525737464,-61.4,-19.3,-26.1,187.4,-87.7,-162.9,251.0896254328,126,-107,-189,67.1887639416,-57.7,-9.8,-33,204.7,-64.2,-254,330.8383290975,147,-74,-287,75.1952126136,-64.2,-12.2,-37.2,314.2,-46.8,-223.8,366.1993992349,250,-59,-261,72.7264051085,-63.9,-14.4,-31.6,320.9,-128.6,-133.4,337.2284092422,257,-143,-165,0,17:11.7
78,1,nisson,1,1,1,1,bluebird,35.1100412988,1,186.6684955,-87.61845769,-162.0308754,204.4682008,-64.12390747,-252.8892754,312.5465885,-46.89344189,-221.8768715,319.6054649,-128.570203,-132.1851378,0,69.0511404685,-61.4,-12.3,-29.1,187.4,-87.7,-162.9,250.4795400826,126,-100,-192,68.2006598209,-58.7,-10.8,-33,204.7,-64.2,-254,330.6206285155,146,-75,-287,73.1677524597,-61.2,-12.2,-38.2,314.2,-46.8,-223.8,368.9634128203,253,-59,-262,70.9304589017,-61.9,-8.4,-33.6,320.9,-128.6,-133.4,337.2521312016,259,-137,-167,0,17:14.6
79,1,nisson,1,1,1,1,bluebird,35.1100412988,1,186.6684955,-87.61845769,-162.0308754,204.4682008,-64.12390747,-252.8892754,312.5465885,-46.89344189,-221.8768715,319.6054649,-128.570203,-132.1851378,0,65.7712703238,-58.4,-15.3,-26.1,187.4,-87.7,-162.9,250.9402319278,129,-103,-189,66.233903705,-57.7,-5.8,-32,204.7,-64.2,-254,329.0972500645,147,-70,-286,71.339470141,-61.2,-13.2,-34.2,314.2,-46.8,-223.8,366.2963281279,253,-60,-258,70.8331137251,-60.9,-13.4,-33.6,320.9,-128.6,-133.4,340.0779322449,260,-142,-167,0,17:17.6
80,1,nisson,1,1,1,1,bluebird,35.1100412988,1,186.6684955,-87.61845769,-162.0308754,204.4682008,-64.12390747,-252.8892754,312.5465885,-46.89344189,-221.8768715,319.6054649,-128.570203,-132.1851378,0,69.7155649766,-62.4,-13.3,-28.1,187.4,-87.7,-162.9,249.613701547,125,-101,-191,66.5547143334,-57.7,-11.8,-31,204.7,-64.2,-254,329.5603131447,147,-76,-285,73.3901900801,-61.2,-10.2,-39.2,314.2,-46.8,-223.8,369.360257743,253,-57,-263,72.1160869709,-63.9,-7.4,-32.6,320.9,-128.6,-133.4,334.8148742216,257,-136,-166,0,17:20.5
81,1,nisson,1,1,1,1,bluebird,35.1100412988,1,186.6684955,-87.61845769,-162.0308754,204.4682008,-64.12390747,-252.8892754,312.5465885,-46.89344189,-221.8768715,319.6054649,-128.570203,-132.1851378,0,66.2303555781,-59.4,-13.3,-26.1,187.4,-87.7,-162.9,249.6116984438,128,-101,-189,67.6116114288,-59.7,-6.8,-31,204.7,-64.2,-254,327.5530491386,145,-71,-285,74.0197271003,-63.2,-13.2,-36.2,314.2,-46.8,-223.8,366.3345465555,251,-60,-260,72.0661501677,-62.9,-10.4,-33.6,320.9,-128.6,-133.4,337.3040171715,258,-139,-167,0,17:23.4
82,1,nisson,1,1,1,1,bluebird,35.1100412988,1,186.6684955,-87.61845769,-162.0308754,204.4682008,-64.12390747,-252.8892754,312.5465885,-46.89344189,-221.8768715,319.6054649,-128.570203,-132.1851378,0,70.2200825975,-63.4,-13.3,-27.1,187.4,-87.7,-162.9,248.3485453954,124,-101,-190,66.6463052239,-58.7,-9.8,-30,204.7,-64.2,-254,327.7926173665,146,-74,-284,68.6244854261,-61.2,-7.2,-30.2,314.2,-46.8,-223.8,362.5479278661,253,-54,-254,69.7232385937,-63.9,-8.4,-26.6,320.9,-128.6,-133.4,332.2920402297,257,-137,-160,0,17:26.3
83,1,nisson,1,1,1,1,bluebird,35.1100412988,1,186.6684955,-87.61845769,-162.0308754,204.4682008,-64.12390747,-252.8892754,312.5465885,-46.89344189,-221.8768715,319.6054649,-128.570203,-132.1851378,0,62.3991987128,-59.4,-10.3,-16.1,187.4,-87.7,-162.9,240.8920920246,128,-98,-179,64.9825361155,-59.7,-5.8,-25,204.7,-64.2,-254,322.1273040275,145,-70,-279,69.3752117114,-62.2,-12.2,-28.2,314.2,-46.8,-223.8,361.2326120383,252,-59,-252,67.8949924516,-61.9,-8.4,-26.6,320.9,-128.6,-133.4,333.8412796525,259,-137,-160,0,17:29.3
84,1,nisson,1,1,1,1,bluebird,35.1100412988,1,186.6684955,-87.61845769,-162.0308754,204.4682008,-64.12390747,-252.8892754,312.5465885,-46.89344189,-221.8768715,319.6054649,-128.570203,-132.1851378,0,65.968628908,-62.4,-18.3,-11.1,187.4,-87.7,-162.9,239.0334704597,125,-106,-174,62.163735409,-58.7,-15.8,-13,204.7,-64.2,-254,314.6505998723,146,-80,-267,67.6499815225,-63.2,-13.2,-20.2,314.2,-46.8,-223.8,355.1577114466,251,-60,-244,72.1881569234,-66.9,-16.4,-21.6,320.9,-128.6,-133.4,331.0075527839,254,-145,-155,0,17:32.2
85,1,nisson,1,1,1,1,bluebird,35.1100412988,1,186.6684955,-87.61845769,-162.0308754,204.4682008,-64.12390747,-252.8892754,312.5465885,-46.89344189,-221.8768715,319.6054649,-128.570203,-132.1851378,0,64.0285873653,-59.4,-19.3,-14.1,187.4,-87.7,-162.9,243.2323991577,128,-107,-177,64.5935755319,-60.7,-12.8,-18,204.7,-64.2,-254,317.2522655553,144,-77,-272,70.912058213,-64.2,-19.2,-23.2,314.2,-46.8,-223.8,357.5821583916,250,-66,-247,67.8301555357,-61.9,-17.4,-21.6,320.9,-128.6,-133.4,335.2939009287,259,-146,-155,0,17:35.1
86,1,nisson,1,1,1,1,bluebird,35.1100412988,1,186.6684955,-87.61845769,-162.0308754,204.4682008,-64.12390747,-252.8892754,312.5465885,-46.89344189,-221.8768715,319.6054649,-128.570203,-132.1851378,0,64.5605142483,-59.4,-10.3,-23.1,187.4,-87.7,-162.9,246.1381725779,128,-98,-186,63.7222880945,-56.7,-10.8,-27,204.7,-64.2,-254,326.3280557966,148,-75,-281,65.8127647193,-58.2,-12.2,-28.2,314.2,-46.8,-223.8,364.0343390396,256,-59,-252,66.4750329071,-60.9,-7.4,-25.6,320.9,-128.6,-133.4,333.7319283497,260,-136,-159,0,17:38.0
87,1,nisson,1,1,1,1,bluebird,35.1100412988,1,186.6684955,-87.61845769,-162.0308754,204.4682008,-64.12390747,-252.8892754,312.5465885,-46.89344189,-221.8768715,319.6054649,-128.570203,-132.1851378,0,63.3818586032,-57.4,-15.3,-22.1,187.4,-87.7,-162.9,248.4632769646,130,-103,-185,62.3885406144,-55.7,-7.8,-27,204.7,-64.2,-254,326.1073442902,149,-72,-281,71.5759736224,-62.2,-9.2,-34.2,314.2,-46.8,-223.8,364.971231743,252,-56,-258,68.3968566529,-59.9,-12.4,-30.6,320.9,-128.6,-133.4,338.9660749987,261,-141,-164,0,17:41.0
88,1,nisson,1,1,1,1,bluebird,35.1100412988,1,186.6684955,-87.61845769,-162.0308754,204.4682008,-64.12390747,-252.8892754,312.5465885,-46.89344189,-221.8768715,319.6054649,-128.570203,-132.1851378,0,62.6151738798,-58.4,-10.3,-20.1,187.4,-87.7,-162.9,244.4054009223,129,-98,-183,64.5502130128,-58.7,-9.8,-25,204.7,-64.2,-254,323.4702459269,146,-74,-279,66.6942276363,-58.2,-12.2,-30.2,314.2,-46.8,-223.8,365.421674234,256,-59,-254,65.4547935601,-59.9,-6.4,-25.6,320.9,-128.6,-133.4,334.1062705188,261,-135,-159,0,17:43.9
89,1,nisson,1,1,1,1,bluebird,35.1100412988,1,186.6684955,-87.61845769,-162.0308754,204.4682008,-64.12390747,-252.8892754,312.5465885,-46.89344189,-221.8768715,319.6054649,-128.570203,-132.1851378,0,62.9782502139,-56.4,-14.3,-24.1,187.4,-87.7,-162.9,250.0679907545,131,-102,-187,61.3280523089,-55.7,-5.8,-25,204.7,-64.2,-254,323.947526615,149,-70,-279,69.307431059,-61.2,-9.2,-31.2,314.2,-46.8,-223.8,363.5519220139,253,-56,-255,68.1449191063,-59.9,-13.4,-29.6,320.9,-128.6,-133.4,338.9011655336,261,-142,-163,0,17:46.8
90,1,nisson,1,1,1,1,bluebird,35.1100412988,1,186.6684955,-87.61845769,-162.0308754,204.4682008,-64.12390747,-252.8892754,312.5465885,-46.89344189,-221.8768715,319.6054649,-128.570203,-132.1851378,0,65.6464774379,-60.4,-11.3,-23.1,187.4,-87.7,-162.9,246.0203243637,127,-99,-186,63.8038400098,-57.7,-10.8,-25,204.7,-64.2,-254,324.1527417746,147,-75,-279,66.5185688361,-58.2,-11.2,-30.2,314.2,-46.8,-223.8,365.2615501254,256,-58,-254,67.2705730613,-60.9,-7.4,-27.6,320.9,-128.6,-133.4,334.6894082579,260,-136,-161,0,17:49.7
91,1,nisson,1,1,1,1,bluebird,35.1100412988,1,186.6684955,-87.61845769,-162.0308754,204.4682008,-64.12390747,-252.8892754,312.5465885,-46.89344189,-221.8768715,319.6054649,-128.570203,-132.1851378,0,61.5585899774,-56.4,-14.3,-20.1,187.4,-87.7,-162.9,247.0910763261,131,-102,-183,61.8427845427,-56.7,-5.8,-24,204.7,-64.2,-254,322.6267192903,148,-70,-278,68.2753249718,-60.2,-11.2,-30.2,314.2,-46.8,-223.8,363.8626114346,254,-58,-254,65.146987651,-57.9,-11.4,-27.6,320.9,-128.6,-133.4,338.6591206508,263,-140,-161,0,17:52.7
92,1,nisson,1,1,1,1,bluebird,35.1100412988,1,186.6684955,-87.61845769,-162.0308754,204.4682008,-64.12390747,-252.8892754,312.5465885,-46.89344189,-221.8768715,319.6054649,-128.570203,-132.1851378,0,63.1780025009,-58.4,-13.3,-20.1,187.4,-87.7,-162.9,245.6236959253,129,-101,-183,61.8346989966,-55.7,-9.8,-25,204.7,-64.2,-254,324.8353429047,149,-74,-279,64.8977657551,-58.2,-9.2,-27.2,314.2,-46.8,-223.8,362.867744502,256,-56,-251,68.2929718199,-61.9,-8.4,-27.6,320.9,-128.6,-133.4,334.3217013596,259,-137,-161,0,17:55.6
93,1,nisson,1,1,1,1,bluebird,35.1100412988,1,186.6684955,-87.61845769,-162.0308754,204.4682008,-64.12390747,-252.8892754,312.5465885,-46.89344189,-221.8768715,319.6054649,-128.570203,-132.1851378,0,62.0166106781,-57.4,-10.3,-21.1,187.4,-87.7,-162.9,245.6827222252,130,-98,-184,65.3508224891,-58.7,-9.8,-27,204.7,-64.2,-254,325.1968634535,146,-74,-281,66.0054543201,-58.2,-13.2,-28.2,314.2,-46.8,-223.8,364.1977484829,256,-60,-252,65.0502113755,-58.9,-7.4,-26.6,320.9,-128.6,-133.4,335.7677768935,262,-136,-160,0,17:58.5
94,1,nisson,1,1,1,1,bluebird,35.1100412988,1,186.6684955,-87.61845769,-162.0308754,204.4682008,-64.12390747,-252.8892754,312.5465885,-46.89344189,-221.8768715,319.6054649,-128.570203,-132.1851378,0,61.4805660351,-56.4,-15.3,-19.1,187.4,-87.7,-162.9,246.7670966721,131,-103,-182,60.9272517023,-55.7,-5.8,-24,204.7,-64.2,-254,323.086675677,149,-70,-278,70.3684588434,-61.2,-10.2,-33.2,314.2,-46.8,-223.8,365.1123114878,253,-57,-257,67.1083452337,-59.9,-12.4,-27.6,320.9,-128.6,-133.4,337.5248139026,261,-141,-161,0,18:01.4
95,1,nisson,1,1,1,1,bluebird,35.1100412988,1,186.6684955,-87.61845769,-162.0308754,204.4682008,-64.12390747,-252.8892754,312.5465885,-46.89344189,-221.8768715,319.6054649,-128.570203,-132.1851378,0,60.0088326832,-56.4,-11.3,-17.1,187.4,-87.7,-162.9,243.6431817228,131,-99,-180,64.9686847643,-58.7,-6.8,-27,204.7,-64.2,-254,324.5273486164,146,-71,-281,67.9773491687,-60.2,-14.2,-28.2,314.2,-46.8,-223.8,362.9614304578,254,-61,-252,64.6477377794,-58.9,-7.4,-25.6,320.9,-128.6,-133.4,335.2924096964,262,-136,-159,0,18:04.9
96,1,nisson,1,1,1,1,bluebird,35.1100412988,1,186.6684955,-87.61845769,-162.0308754,204.4682008,-64.12390747,-252.8892754,312.5465885,-46.89344189,-221.8768715,319.6054649,-128.570203,-132.1851378,0,62.787419122,-58.4,-11.3,-20.1,187.4,-87.7,-162.9,244.8080881017,129,-99,-183,63.8962440211,-57.7,-8.8,-26,204.7,-64.2,-254,324.5581611977,147,-73,-280,64.1538775134,-57.2,-10.2,-27.2,314.2,-46.8,-223.8,363.7292949434,257,-57,-251,67.9273877019,-60.9,-5.4,-29.6,320.9,-128.6,-133.4,334.8507130051,260,-134,-163,0,18:08.0
97,1,nisson,1,1,1,1,bluebird,35.1100412988,1,186.6684955,-87.61845769,-162.0308754,204.4682008,-64.12390747,-252.8892754,312.5465885,-46.89344189,-221.8768715,319.6054649,-128.570203,-132.1851378,0,62.0182231284,-56.4,-13.3,-22.1,187.4,-87.7,-162.9,248.1672822916,131,-101,-185,63.1500593824,-57.7,-5.8,-25,204.7,-64.2,-254,323.0325061043,147,-70,-279,67.587868734,-60.2,-12.2,-28.2,314.2,-46.8,-223.8,362.6306661053,254,-59,-252,66.0373379233,-58.9,-11.4,-27.6,320.9,-128.6,-133.4,337.8831158848,262,-140,-161,0,18:10.9
98,1,nisson,1,1,1,1,bluebird,35.1100412988,1,186.6684955,-87.61845769,-162.0308754,204.4682008,-64.12390747,-252.8892754,312.5465885,-46.89344189,-221.8768715,319.6054649,-128.570203,-132.1851378,0,63.7970218741,-59.4,-13.3,-19.1,187.4,-87.7,-162.9,244.3542510373,128,-101,-182,62.5917726223,-55.7,-11.8,-26,204.7,-64.2,-254,326.1548711885,149,-76,-280,65.963019943,-58.2,-7.2,-30.2,314.2,-46.8,-223.8,364.6477752572,256,-54,-254,67.117285404,-60.9,-9.4,-26.6,320.9,-128.6,-133.4,335.0283570088,260,-138,-160,0,18:13.9
99,1,nisson,1,1,1,1,bluebird,35.1100412988,1,186.6684955,-87.61845769,-162.0308754,204.4682008,-64.12390747,-252.8892754,312.5465885,-46.89344189,-221.8768715,319.6054649,-128.570203,-132.1851378,0,61.6835472391,-57.4,-10.3,-20.1,187.4,-87.7,-162.9,244.9346851714,130,-98,-183,64.3096415788,-57.7,-8.8,-27,204.7,-64.2,-254,325.4212654391,147,-73,-281,67.7563281177,-59.2,-13.2,-30.2,314.2,-46.8,-223.8,364.8849133631,255,-60,-254,65.8933228787,-58.9,-7.4,-28.6,320.9,-128.6,-133.4,336.7254074168,262,-136,-162,0,18:16.8
100,1,nisson,1,1,1,1,bluebird,35.1100412988,1,186.6684955,-87.61845769,-162.0308754,204.4682008,-64.12390747,-252.8892754,312.5465885,-46.89344189,-221.8768715,319.6054649,-128.570203,-132.1851378,0,61.0136050402,-56.4,-13.3,-19.1,187.4,-87.7,-162.9,245.9390168314,131,-101,-182,62.1524738043,-56.7,-4.8,-25,204.7,-64.2,-254,323.2738776951,148,-69,-279,67.1767817032,-60.2,-12.2,-27.2,314.2,-46.8,-223.8,361.9364585117,254,-59,-251,65.4089443425,-58.9,-12.4,-25.6,320.9,-128.6,-133.4,337.3514487889,262,-141,-159,0,18:20.7
101,1,nisson,1,1,1,1,bluebird,35.1100412988,1,186.6684955,-87.61845769,-162.0308754,204.4682008,-64.12390747,-252.8892754,312.5465885,-46.89344189,-221.8768715,319.6054649,-128.570203,-132.1851378,0,64.7275829921,-59.4,-11.3,-23.1,187.4,-87.7,-162.9,246.5380295208,128,-99,-186,63.7222880945,-56.7,-10.8,-27,204.7,-64.2,-254,326.3280557966,148,-75,-281,66.3575165298,-58.2,-10.2,-30.2,314.2,-46.8,-223.8,365.1040947456,256,-57,-254,69.0110860659,-61.9,-7.4,-29.6,320.9,-128.6,-133.4,334.8820687944,259,-136,-163,0,18:23.6
102,1,nisson,1,1,1,1,bluebird,35.1100412988,1,186.6684955,-87.61845769,-162.0308754,204.4682008,-64.12390747,-252.8892754,312.5465885,-46.89344189,-221.8768715,319.6054649,-128.570203,-132.1851378,0,62.7125186865,-57.4,-15.3,-20.1,187.4,-87.7,-162.9,246.9777317897,130,-103,-183,60.6442907453,-55.7,-6.8,-23,204.7,-64.2,-254,322.4453442058,149,-71,-277,67.8389268783,-60.2,-11.2,-29.2,314.2,-46.8,-223.8,363.1652516417,254,-58,-253,68.5064230565,-60.9,-10.4,-29.6,320.9,-128.6,-133.4,336.8827689271,260,-139,-163,0,18:26.5
103,1,nisson,1,1,1,1,bluebird,35.1100412988,1,186.6684955,-87.61845769,-162.0308754,204.4682008,-64.12390747,-252.8892754,312.5465885,-46.89344189,-221.8768715,319.6054649,-128.570203,-132.1851378,0,61.6689549125,-56.4,-13.3,-21.1,187.4,-87.7,-162.9,247.4227152062,131,-101,-184,63.0676620781,-56.7,-5.8,-27,204.7,-64.2,-254,325.2153132926,148,-70,-281,67.9582224606,-59.2,-14.2,-30.2,314.2,-46.8,-223.8,365.0506814129,255,-61,-254,64.1555141823,-57.9,-10.4,-25.6,320.9,-128.6,-133.4,337.2995701154,263,-139,-159,0,18:29.5
104,1,nisson,1,1,1,1,bluebird,35.1100412988,1,186.6684955,-87.61845769,-162.0308754,204.4682008,-64.12390747,-252.8892754,312.5465885,-46.89344189,-221.8768715,319.6054649,-128.570203,-132.1851378,0,64.9250336927,-59.4,-10.3,-24.1,187.4,-87.7,-162.9,246.8947144027,128,-98,-187,62.7369906833,-56.7,-9.8,-25,204.7,-64.2,-254,324.377866076,148,-74,-279,64.5842085962,-57.2,-10.2,-28.2,314.2,-46.8,-223.8,364.4200872619,257,-57,-252,66.8665088067,-60.9,-7.4,-26.6,320.9,-128.6,-133.4,334.2095151249,260,-136,-160,0,18:32.4
105,1,nisson,1,1,1,1,bluebird,35.1100412988,1,186.6684955,-87.61845769,-162.0308754,204.4682008,-64.12390747,-252.8892754,312.5465885,-46.89344189,-221.8768715,319.6054649,-128.570203,-132.1851378,0,60.8889152474,-56.4,-15.3,-17.1,187.4,-87.7,-162.9,245.2957398733,131,-103,-180,60.5254491929,-54.7,-6.8,-25,204.7,-64.2,-254,324.6259385816,150,-71,-279,68.1859223007,-60.2,-7.2,-31.2,314.2,-46.8,-223.8,363.9464246287,254,-54,-255,69.102315446,-60.9,-11.4,-30.6,320.9,-128.6,-133.4,337.7809941367,260,-140,-164,0,18:35.3
106,1,nisson,1,1,1,1,bluebird,35.1100412988,1,186.6684955,-87.61845769,-162.0308754,204.4682008,-64.12390747,-252.8892754,312.5465885,-46.89344189,-221.8768715,319.6054649,-128.570203,-132.1851378,0,61.0922253646,-56.4,-10.3,-21.1,187.4,-87.7,-162.9,246.2133221416,131,-98,-184,63.7662136245,-57.7,-7.8,-26,204.7,-64.2,-254,324.3347036627,147,-72,-280,69.1456433913,-59.2,-13.2,-33.2,314.2,-46.8,-223.8,366.9795634637,255,-60,-257,66.9038862847,-58.9,-8.4,-30.6,320.9,-128.6,-133.4,338.0961401732,262,-137,-164,0,18:38.2
107,1,nisson,1,1,1,1,bluebird,35.1100412988,1,186.6684955,-87.61845769,-162.0308754,204.4682008,-64.12390747,-252.8892754,312.5465885,-46.89344189,-221.8768715,319.6054649,-128.570203,-132.1851378,0,62.9448965366,-59.4,-10.3,-18.1,187.4,-87.7,-162.9,242.3819300195,128,-98,-181,64.7095819798,-58.7,-10.8,-25,204.7,-64.2,-254,323.7004788381,146,-75,-279,66.6942276363,-58.2,-12.2,-30.2,314.2,-46.8,-223.8,365.421674234,256,-59,-254,65.1761459431,-59.9,-7.4,-24.6,320.9,-128.6,-133.4,334.0374230532,261,-136,-158,0,18:41.2
108,1,nisson,1,1,1,1,bluebird,35.1100412988,1,186.6684955,-87.61845769,-162.0308754,204.4682008,-64.12390747,-252.8892754,312.5465885,-46.89344189,-221.8768715,319.6054649,-128.570203,-132.1851378,0,66.9661108323,-61.4,-23.3,-13.1,187.4,-87.7,-162.9,243.2550102259,126,-111,-176,61.9397287692,-57.7,-16.8,-15,204.7,-64.2,-254,317.0662391362,147,-81,-269,69.5048199767,-63.2,-14.2,-25.2,314.2,-46.8,-223.8,358.7798768047,251,-61,-249,70.2319727759,-63.9,-18.4,-22.6,320.9,-128.6,-133.4,334.655046279,257,-147,-156,0,18:44.1
109,1,nisson,1,1,1,1,bluebird,35.1100412988,1,186.6684955,-87.61845769,-162.0308754,204.4682008,-64.12390747,-252.8892754,312.5465885,-46.89344189,-221.8768715,319.6054649,-128.570203,-132.1851378,0,69.5748517785,-62.4,-16.3,-26.1,187.4,-87.7,-162.9,249.3230835683,125,-104,-189,68.6376718719,-65.7,-5.8,-19,204.7,-64.2,-254,314.2451272494,139,-70,-273,94.1239608176,-80.2,-10.2,-48.2,314.2,-46.8,-223.8,363.3029039245,234,-57,-272,89.9918329628,-77.9,-6.4,-44.6,320.9,-128.6,-133.4,330.08786709,243,-135,-178,0,18:50.8
110,1,nisson,1,1,1,1,bluebird,35.1100412988,1,186.6684955,-87.61845769,-162.0308754,204.4682008,-64.12390747,-252.8892754,312.5465885,-46.89344189,-221.8768715,319.6054649,-128.570203,-132.1851378,0,69.3185400885,-62.4,-13.3,-27.1,187.4,-87.7,-162.9,248.8493520184,125,-101,-190,70.499148931,-61.7,-11.8,-32,204.7,-64.2,-254,328.6654834326,143,-76,-286,71.339470141,-61.2,-13.2,-34.2,314.2,-46.8,-223.8,366.2963281279,253,-60,-258,78.6163469006,-63.9,-10.4,-44.6,320.9,-128.6,-133.4,342.1315536457,257,-139,-178,0,18:53.7
111,1,nisson,1,1,1,2,bluebird,35.1100412988,1,186.6684955,-87.61845769,-162.0308754,204.4682008,-64.12390747,-252.8892754,312.5465885,-46.89344189,-221.8768715,319.6054649,-128.570203,-132.1851378,0,49.9605844642,-47.4,-15.3,3.9,187.4,-87.7,-162.9,235.5631550137,140,-103,-159,39.3513659229,-37.7,-6.8,9,204.7,-64.2,-254,304.8852243058,167,-71,-245,37.0610307466,-35.2,-6.2,9.8,314.2,-46.8,-223.8,355.5924633622,279,-53,-214,33.1862923509,-23.9,-19.4,12.4,320.9,-128.6,-133.4,353.2053227232,297,-148,-121,0,18:56.7
112,1,nisson,2,2,2,2,bluebird,0,0,186.6684955,-87.61845769,-162.0308754,204.4682008,-64.12390747,-252.8892754,312.5465885,-46.89344189,-221.8768715,319.6054649,-128.570203,-132.1851378,0,20.3041867604,7.6,-8.3,16.9,187.4,-87.7,-162.9,261.8339168252,195,-96,-146,20.3157574311,7.3,-13.8,13,204.7,-64.2,-254,330.3165148763,212,-78,-241,18.6472518082,9.8,-13.2,8.8,314.2,-46.8,-223.8,393.4475822775,324,-60,-215,13.4658828155,12.1,-5.4,2.4,320.9,-128.6,-133.4,382.107314769,333,-134,-131,0,18:59.6
113,1,nisson,2,2,2,2,bluebird,70.2200825975,2,186.6684955,-87.61845769,-162.0308754,204.4682008,-64.12390747,-252.8892754,312.5465885,-46.89344189,-221.8768715,319.6054649,-128.570203,-132.1851378,0,16.746940019,10.6,-12.3,-4.1,187.4,-87.7,-162.9,277.6562623101,198,-100,-167,19.202343607,14.3,-11.8,-5,204.7,-64.2,-254,347.5888375653,219,-76,-259,13.1422981248,10.8,-6.2,-4.2,314.2,-46.8,-223.8,400.5221591872,325,-53,-228,17.4908547533,10.1,-11.4,-8.6,320.9,-128.6,-133.4,386.4259308069,331,-140,-142,0,19:00.5
114,1,nisson,2,2,2,2,bluebird,70.2200825975,2,186.6684955,-87.61845769,-162.0308754,204.4682008,-64.12390747,-252.8892754,312.5465885,-46.89344189,-221.8768715,319.6054649,-128.570203,-132.1851378,0,17.9849937448,11.6,-10.3,-9.1,187.4,-87.7,-162.9,280.6937833298,199,-98,-172,15.1568466377,8.3,-7.8,-10,204.7,-64.2,-254,346.7693758105,213,-72,-264,17.1557570512,7.8,-12.2,-9.2,314.2,-46.8,-223.8,401.813389523,322,-59,-233,18.53995685,11.1,-10.4,-10.6,320.9,-128.6,-133.4,387.6609343228,332,-139,-144,0,19:01.4
115,1,nisson,2,2,2,2,bluebird,70.2200825975,2,186.6684955,-87.61845769,-162.0308754,204.4682008,-64.12390747,-252.8892754,312.5465885,-46.89344189,-221.8768715,319.6054649,-128.570203,-132.1851378,0,15.9392597068,6.6,-11.3,-9.1,187.4,-87.7,-162.9,277.5265753041,194,-99,-172,18.5830567991,10.3,-11.8,-10,204.7,-64.2,-254,348.8509710464,215,-76,-264,16.9682055622,10.8,-8.2,-10.2,314.2,-46.8,-223.8,404.2350801205,325,-55,-234,14.2523682243,6.1,-10.4,-7.6,320.9,-128.6,-133.4,382.2708463904,327,-139,-141,0,19:02.4
116,1,nisson,2,2,2,2,bluebird,70.2200825975,2,186.6684955,-87.61845769,-162.0308754,204.4682008,-64.12390747,-252.8892754,312.5465885,-46.89344189,-221.8768715,319.6054649,-128.570203,-132.1851378,0,17.7217380637,10.6,-12.3,-7.1,187.4,-87.7,-162.9,279.4709287207,198,-100,-170,14.026047198,9.3,-6.8,-8,204.7,-64.2,-254,345.6602378059,214,-71,-262,16.2702181915,8.8,-12.2,-6.2,314.2,-46.8,-223.8,400.8865176082,323,-59,-230,18.1309128286,9.1,-12.4,-9.6,320.9,-128.6,-133.4,386.3029898926,330,-141,-143,0,19:03.3
117,1,nisson,2,2,2,2,bluebird,70.2200825975,2,186.6684955,-87.61845769,-162.0308754,204.4682008,-64.12390747,-252.8892754,312.5465885,-46.89344189,-221.8768715,319.6054649,-128.570203,-132.1851378,0,13.291350571,7.6,-7.3,-8.1,187.4,-87.7,-162.9,276.2082547644,195,-95,-171,16.3134913492,7.3,-12.8,-7,204.7,-64.2,-254,344.955069538,212,-77,-261,18.6794004186,9.8,-12.2,-10.2,314.2,-46.8,-223.8,403.9962871117,324,-59,-234,15.48321672,7.1,-7.4,-11.6,320.9,-128.6,-133.4,383.5426964498,328,-136,-145,0,19:04.2
118,1,nisson,2,2,2,2,bluebird,70.2200825975,2,186.6684955,-87.61845769,-162.0308754,204.4682008,-64.12390747,-252.8892754,312.5465885,-46.89344189,-221.8768715,319.6054649,-128.570203,-132.1851378,0,17.500285712,9.6,-13.3,-6.1,187.4,-87.7,-162.9,278.5157087132,197,-101,-169,15.2751432072,10.3,-6.8,-9,204.7,-64.2,-254,347.0374619548,215,-71,-263,15.7962020752,7.8,-10.2,-9.2,314.2,-46.8,-223.8,401.5245945145,322,-57,-233,16.5387423948,7.1,-13.4,-6.6,320.9,-128.6,-133.4,383.8593492414,328,-142,-140,0,19:05.1
119,1,nisson,2,2,2,2,bluebird,70.2200825975,2,186.6684955,-87.61845769,-162.0308754,204.4682008,-64.12390747,-252.8892754,312.5465885,-46.89344189,-221.8768715,319.6054649,-128.570203,-132.1851378,0,13.9017984448,8.6,-8.3,-7.1,187.4,-87.7,-162.9,276.6441757927,196,-96,-170,16.0165539365,7.3,-11.8,-8,204.7,-64.2,-254,345.4909550191,212,-76,-262,18.7541995297,8.8,-12.2,-11.2,314.2,-46.8,-223.8,403.7759279601,323,-59,-235,14.7488982639,7.1,-7.4,-10.6,320.9,-128.6,-133.4,383.1657604745,328,-136,-144,0,19:06.0
120,1,nisson,2,2,2,2,bluebird,70.2200825975,2,186.6684955,-87.61845769,-162.0308754,204.4682008,-64.12390747,-252.8892754,312.5465885,-46.89344189,-221.8768715,319.6054649,-128.570203,-132.1851378,0,19.0068408737,8.6,-14.3,-9.1,187.4,-87.7,-162.9,280.007142766,196,-102,-172,15.7457930889,10.3,-7.8,-9,204.7,-64.2,-254,347.2434304634,215,-72,-263,14.216891362,6.8,-10.2,-7.2,314.2,-46.8,-223.8,399.5635118476,321,-57,-231,17.4048843719,8.1,-13.4,-7.6,320.9,-128.6,-133.4,385.0792126303,329,-142,-141,0,19:07.0
121,1,nisson,2,2,2,2,bluebird,70.2200825975,2,186.6684955,-87.61845769,-162.0308754,204.4682008,-64.12390747,-252.8892754,312.5465885,-46.89344189,-221.8768715,319.6054649,-128.570203,-132.1851378,0,14.521019248,8.6,-9.3,-7.1,187.4,-87.7,-162.9,276.9927796893,196,-97,-170,16.4295465549,7.3,-10.8,-10,204.7,-64.2,-254,346.7924451311,212,-75,-264,17.6329237508,8.8,-12.2,-9.2,314.2,-46.8,-223.8,402.6152009053,323,-59,-233,14.5784086923,8.1,-7.4,-9.6,320.9,-128.6,-133.4,383.64827642,329,-136,-143,0,19:07.9
122,1,nisson,2,2,2,2,bluebird,70.2200825975,2,186.6684955,-87.61845769,-162.0308754,204.4682008,-64.12390747,-252.8892754,312.5465885,-46.89344189,-221.8768715,319.6054649,-128.570203,-132.1851378,0,19.2629177437,9.6,-13.3,-10.1,187.4,-87.7,-162.9,280.9608513655,197,-101,-173,18.0977899203,10.3,-8.8,-12,204.7,-64.2,-254,349.7284660991,215,-73,-266,15.3271001824,6.8,-9.2,-10.2,314.2,-46.8,-223.8,401.1645547652,321,-56,-234,17.7631641326,7.1,-14.4,-7.6,320.9,-128.6,-133.4,384.5958918137,328,-143,-141,0,19:08.8
123,1,nisson,2,2,2,2,bluebird,70.2200825975,2,186.6684955,-87.61845769,-162.0308754,204.4682008,-64.12390747,-252.8892754,312.5465885,-46.89344189,-221.8768715,319.6054649,-128.570203,-132.1851378,0,12.994614269,8.6,-8.3,-5.1,187.4,-87.7,-162.9,275.4196797616,196,-96,-168,15.2947703481,7.3,-10.8,-8,204.7,-64.2,-254,345.2723562639,212,-75,-262,17.858331389,8.8,-13.2,-8.2,314.2,-46.8,-223.8,402.1852806854,323,-60,-232,13.4584545918,9.1,-7.4,-6.6,320.9,-128.6,-133.4,383.4005738128,330,-136,-140,0,19:09.7
124,1,nisson,2,2,2,2,bluebird,70.2200825975,2,186.6684955,-87.61845769,-162.0308754,204.4682008,-64.12390747,-252.8892754,312.5465885,-46.89344189,-221.8768715,319.6054649,-128.570203,-132.1851378,0,18.1344975116,8.6,-14.3,-7.1,187.4,-87.7,-162.9,278.7830697872,196,-102,-170,16.4173688513,11.3,-7.8,-9,204.7,-64.2,-254,347.8634789684,216,-72,-263,15.92231139,7.8,-8.2,-11.2,314.2,-46.8,-223.8,402.4102384383,322,-55,-235,17.8642100301,8.1,-13.4,-8.6,320.9,-128.6,-133.4,385.4464943413,329,-142,-142,0,19:10.7
125,1,nisson,2,2,2,2,bluebird,70.2200825975,2,186.6684955,-87.61845769,-162.0308754,204.4682008,-64.12390747,-252.8892754,312.5465885,-46.89344189,-221.8768715,319.6054649,-128.570203,-132.1851378,0,15.9392597068,10.6,-6.3,-10.1,187.4,-87.7,-162.9,279.2292964572,198,-94,-173,15.8407701833,7.3,-10.8,-9,204.7,-64.2,-254,346.0317904471,212,-75,-263,18.333575756,9.8,-14.2,-6.2,314.2,-46.8,-223.8,401.9912934381,324,-61,-230,15.6693969252,9.1,-8.4,-9.6,320.9,-128.6,-133.4,384.8610138738,330,-137,-143,0,19:11.6
126,1,nisson,2,2,2,2,bluebird,70.2200825975,2,186.6684955,-87.61845769,-162.0308754,204.4682008,-64.12390747,-252.8892754,312.5465885,-46.89344189,-221.8768715,319.6054649,-128.570203,-132.1851378,0,18.5488544121,8.6,-14.3,-8.1,187.4,-87.7,-162.9,279.3939870505,196,-102,-171,16.7430582631,11.3,-10.8,-6,204.7,-64.2,-254,346.238357205,216,-75,-260,15.169706655,7.8,-9.2,-9.2,314.2,-46.8,-223.8,401.3838561776,322,-56,-233,16.9626059319,7.1,-13.4,-7.6,320.9,-128.6,-133.4,384.2251943848,328,-142,-141,0,19:12.5
127,1,nisson,2,2,2,2,bluebird,70.2200825975,2,186.6684955,-87.61845769,-162.0308754,204.4682008,-64.12390747,-252.8892754,312.5465885,-46.89344189,-221.8768715,319.6054649,-128.570203,-132.1851378,0,15.3642442053,10.6,-9.3,-6.1,187.4,-87.7,-162.9,277.8020878251,198,-97,-169,15.6821554641,8.3,-9.8,-9,204.7,-64.2,-254,346.4303681839,213,-74,-263,18.6954539929,9.8,-14.2,-7.2,314.2,-46.8,-223.8,402.5642805814,324,-61,-231,16.2705254986,10.1,-8.4,-9.6,320.9,-128.6,-133.4,385.7188094973,331,-137,-143,0,19:13.4
128,1,nisson,2,2,2,2,bluebird,70.2200825975,2,186.6684955,-87.61845769,-162.0308754,204.4682008,-64.12390747,-252.8892754,312.5465885,-46.89344189,-221.8768715,319.6054649,-128.570203,-132.1851378,0,17.3568430309,8.6,-13.3,-7.1,187.4,-87.7,-162.9,278.4187493686,196,-101,-170,16.7728948008,10.3,-11.8,-6,204.7,-64.2,-254,345.8337751001,215,-76,-260,16.3131848515,8.8,-9.2,-10.2,314.2,-46.8,-223.8,402.7666818395,323,-56,-234,17.9479803878,7.1,-13.4,-9.6,320.9,-128.6,-133.4,384.9636346462,328,-142,-143,0,19:14.4
129,1,nisson,2,2,2,2,bluebird,70.2200825975,2,186.6684955,-87.61845769,-162.0308754,204.4682008,-64.12390747,-252.8892754,312.5465885,-46.89344189,-221.8768715,319.6054649,-128.570203,-132.1851378,0,14.9953326072,10.6,-9.3,-5.1,187.4,-87.7,-162.9,277.1948772975,198,-97,-168,16.4963632356,8.3,-11.8,-8,204.7,-64.2,-254,346.1054752528,213,-76,-262,18.6096749031,8.8,-14.2,-8.2,314.2,-46.8,-223.8,402.3356807443,323,-61,-232,17.2258526639,11.1,-11.4,-6.6,320.9,-128.6,-133.4,386.5540065761,332,-140,-140,0,19:15.3
130,1,nisson,2,2,2,2,bluebird,70.2200825975,2,186.6684955,-87.61845769,-162.0308754,204.4682008,-64.12390747,-252.8892754,312.5465885,-46.89344189,-221.8768715,319.6054649,-128.570203,-132.1851378,0,17.8286286629,7.6,-15.3,-5.1,187.4,-87.7,-162.9,277.2327541976,195,-103,-168,19.4352772041,12.3,-13.8,-6,204.7,-64.2,-254,347.5240998837,217,-78,-260,13.7520907501,8.8,-9.2,-5.2,314.2,-46.8,-223.8,399.8824827371,323,-56,-229,17.3588594095,7.1,-14.4,-6.6,320.9,-128.6,-133.4,384.2303996302,328,-143,-140,0,19:16.2
131,1,nisson,2,2,2,2,bluebird,70.2200825975,2,186.6684955,-87.61845769,-162.0308754,204.4682008,-64.12390747,-252.8892754,312.5465885,-46.89344189,-221.8768715,319.6054649,-128.570203,-132.1851378,0,17.0194006945,10.6,-12.3,-5.1,187.4,-87.7,-162.9,278.2588722754,198,-100,-168,15.3143723345,8.3,-10.8,-7,204.7,-64.2,-254,345.1304101351,213,-75,-261,19.634663226,9.8,-16.2,-5.2,314.2,-46.8,-223.8,401.7287642178,324,-63,-229,17.0214570469,10.1,-11.4,-7.6,320.9,-128.6,-133.4,386.0595808939,331,-140,-141,0,19:17.1
132,1,nisson,2,2,2,2,bluebird,70.2200825975,2,186.6684955,-87.61845769,-162.0308754,204.4682008,-64.12390747,-252.8892754,312.5465885,-46.89344189,-221.8768715,319.6054649,-128.570203,-132.1851378,0,16.7946420027,6.6,-15.3,-2.1,187.4,-87.7,-162.9,274.7180372673,194,-103,-165,18.7117610075,10.3,-14.8,-5,204.7,-64.2,-254,345.7556940963,215,-79,-259,15.0439356553,8.8,-12.2,-0.2,314.2,-46.8,-223.8,397.4745274857,323,-59,-224,15.6949036314,5.1,-14.4,-3.6,320.9,-128.6,-133.4,381.4367575366,326,-143,-137,0,19:18.1
133,1,nisson,2,0,2,2,bluebird,70.2200825975,2,186.6684955,-87.61845769,-162.0308754,204.7947908,-64.61771209,-253.0948116,312.5465885,-46.89344189,-221.8768715,319.6054649,-128.570203,-132.1851378,0,15.1545372744,8.6,-12.3,-2.1,187.4,-87.7,-162.9,275.0290893706,196,-100,-165,12.0303782152,6.3,-9.8,-3,204.7,-64.2,-254,340.6552509503,211,-74,-257,16.9387130562,4.8,-16.2,-1.2,314.2,-46.8,-223.8,395.4175008772,319,-63,-225,16.0664246178,7.1,-14.4,-0.6,320.9,-128.6,-133.4,382.0850690619,328,-143,-134,0,19:19.0
134,1,nisson,2,0,0,2,bluebird,70.2200825975,2,186.6684955,-87.61845769,-162.0308754,205.0050512,-65.18682649,-253.090071,312.6692591,-47.34876979,-221.9330279,319.6054649,-128.570203,-132.1851378,0,14.5622800413,2.6,-14.3,0.9,187.4,-87.7,-162.9,269.7183716398,190,-102,-162,12.5988094676,4.3,-11.8,1,204.7,-64.2,-254,336.8471463439,209,-76,-253,9.269304181,0.8,-9.2,0.8,314.2,-46.8,-223.8,389.9871792764,315,-56,-223,15.4120083052,0.1,-15.4,-0.6,320.9,-128.6,-133.4,376.474434723,321,-144,-134,0,19:20.9
135,1,nisson,0,0,0,0,bluebird,0,0,186.8850707,-88.03753481,-161.9793317,205.0047987,-65.62748517,-253.2355675,312.8857961,-47.9313313,-221.9363765,319.8751917,-129.0416929,-132.1758809,0,9.2444577991,3.6,-8.3,1.9,187.4,-87.7,-162.9,267.6153956707,191,-96,-161,10.0064978889,0.3,-9.8,-2,204.7,-64.2,-254,336.209755956,205,-74,-256,12.6459479676,2.8,-12.2,1.8,314.2,-46.8,-223.8,391.4766915156,317,-59,-222,10.3503623125,4.1,-9.4,1.4,320.9,-128.6,-133.4,376.9522516182,325,-138,-132,0,19:21.8
136,1,nisson,0,0,0,0,bluebird,0,0,186.9908172,-88.58565807,-161.8803651,205.1045587,-65.94611091,-253.1737891,312.7915063,-48.28476474,-221.9895577,319.9314321,-129.5896082,-132.1170868,0,11.7753980824,1.6,-11.3,2.9,187.4,-87.7,-162.9,266.6870825518,189,-99,-160,8.3743656476,2.3,-7.8,2,204.7,-64.2,-254,333.971555675,207,-72,-252,8.8385519176,-3.2,-8.2,0.8,314.2,-46.8,-223.8,386.6199684445,311,-55,-223,11.650321884,0.1,-11.4,2.4,320.9,-128.6,-133.4,373.9010564307,321,-140,-131,0,19:24.7
137,1,nisson,0,2,2,0,bluebird,70.2200825975,2,187.2412763,-89.15637516,-162.0863468,205.1045587,-65.94611091,-253.1737891,312.7915063,-48.28476474,-221.9895577,320.1848605,-130.1101278,-132.4112325,0,13.4929611279,4.6,-12.3,-3.1,187.4,-87.7,-162.9,272.800293255,192,-100,-166,16.6231765917,7.3,-14.8,-2,204.7,-64.2,-254,341.6445521298,212,-79,-256,14.1393069137,6.8,-12.2,-2.2,314.2,-46.8,-223.8,396.986145854,321,-59,-226,12.9587808069,4.1,-11.4,-4.6,320.9,-128.6,-133.4,379.827592468,325,-140,-138,0,19:27.7
138,1,nisson,2,0,2,2,bluebird,70.2200825975,2,187.2412763,-89.15637516,-162.0863468,205.4493308,-66.29880536,-253.4150996,312.7915063,-48.28476474,-221.9895577,320.1848605,-130.1101278,-132.4112325,0,15.4550962469,8.6,-11.3,-6.1,187.4,-87.7,-162.9,277.088433537,196,-99,-169,12.1132159231,7.3,-8.8,-4,204.7,-64.2,-254,341.814277057,212,-73,-258,17.1032160718,4.8,-15.2,-6.2,314.2,-46.8,-223.8,398.1268642029,319,-62,-230,16.2151164041,8.1,-12.4,-6.6,320.9,-128.6,-133.4,384.3461981079,329,-141,-140,0,19:30.6
139,1,nisson,2,2,2,2,bluebird,70.2200825975,2,187.2412763,-89.15637516,-162.0863468,205.4493308,-66.29880536,-253.4150996,312.7915063,-48.28476474,-221.9895577,320.1848605,-130.1101278,-132.4112325,0,15.0286393263,7.6,-12.3,-4.1,187.4,-87.7,-162.9,275.5249534979,195,-100,-167,18.235405123,10.3,-13.8,-6,204.7,-64.2,-254,346.2787894169,215,-78,-260,17.8134780433,10.8,-12.2,-7.2,314.2,-46.8,-223.8,403.0719538742,325,-59,-231,15.8344561005,8.1,-12.4,-5.6,320.9,-128.6,-133.4,383.9830725436,329,-141,-139,0,19:31.5
140,1,nisson,2,2,2,2,bluebird,70.2200825975,2,187.2412763,-89.15637516,-162.0863468,205.4493308,-66.29880536,-253.4150996,312.7915063,-48.28476474,-221.9895577,320.1848605,-130.1101278,-132.4112325,0,18.0682041166,10.6,-14.3,-3.1,187.4,-87.7,-162.9,277.7840888172,198,-102,-166,15.4638287626,9.3,-10.8,-6,204.7,-64.2,-254,344.9942028498,214,-75,-260,17.1732349894,6.8,-15.2,-4.2,314.2,-46.8,-223.8,398.5837427693,321,-62,-228,19.6451011705,9.1,-17.4,-0.6,320.9,-128.6,-133.4,384.9311626772,330,-146,-134,0,19:32.4
141,1,nisson,0,2,2,0,bluebird,70.2200825975,2,187.5792125,-89.64855641,-162.2820295,205.4493308,-66.29880536,-253.4150996,312.7915063,-48.28476474,-221.9895577,320.4756175,-130.6046214,-132.5406709,0,13.4484199815,6.6,-11.3,-3.1,187.4,-87.7,-162.9,273.8484982614,194,-99,-166,16.208948146,6.3,-14.8,-2,204.7,-64.2,-254,341.0249257752,211,-79,-256,16.2209740768,7.8,-14.2,0.8,314.2,-46.8,-223.8,396.4013118041,322,-61,-223,12.5908697078,5.1,-11.4,-1.6,320.9,-128.6,-133.4,379.6063750782,326,-140,-135,0,19:33.4
142,1,nisson,0,0,0,0,bluebird,0,0,187.5502519,-89.91612859,-162.017928,205.3768643,-66.33386509,-253.2943447,312.701931,-48.5205265,-221.7400798,320.4518366,-130.8243903,-132.3136373,0,9.3946793452,-0.4,-7.3,5.9,187.4,-87.7,-162.9,261.9980915961,187,-95,-157,4.1629316593,-0.7,-2.8,3,204.7,-64.2,-254,330.311973746,204,-67,-251,9.7426895671,-3.2,-6.2,6.8,314.2,-46.8,-223.8,382.9086052833,311,-53,-217,8.4219950131,-0.9,-6.4,5.4,320.9,-128.6,-133.4,370.1472679894,320,-135,-128,0,19:36.3
143,1,nisson,0,0,0,0,bluebird,0,0,187.5227393,-89.87032216,-161.9670316,205.4580211,-66.21717184,-252.9296274,312.6168344,-48.24450018,-221.7530758,320.3792448,-130.8331708,-132.3479555,0,2.3366642891,-0.4,-1.3,1.9,187.4,-87.7,-162.9,262.3185086874,187,-89,-161,8.3264638353,2.3,0.2,8,204.7,-64.2,-254,327.8124463775,207,-64,-246,5.2839379254,-3.2,3.8,1.8,314.2,-46.8,-223.8,384.5178799484,311,-43,-222,3.0870698081,-1.9,-2.4,0.4,320.9,-128.6,-133.4,369.6092531309,319,-131,-133,0,19:39.2
144,1,nisson,0,0,0,0,bluebird,0,0,187.5966023,-89.62680605,-161.91868,205.38512,-66.15631325,-252.9331461,312.7359927,-48.28227517,-221.715422,320.4102825,-130.5915123,-132.3805577,0,3.6687872656,1.6,2.7,1.9,187.4,-87.7,-162.9,262.4252274458,189,-85,-161,1.4594519519,-0.7,-0.8,1,204.7,-64.2,-254,331.4362683835,204,-65,-253,3.6496575182,0.8,-2.2,2.8,314.2,-46.8,-223.8,387.9007605045,315,-49,-221,2.6324893162,0.1,2.6,0.4,320.9,-128.6,-133.4,369.6024891691,321,-126,-133,0,19:42.1
145,1,nisson,0,0,0,0,bluebird,0,0,187.7167722,-89.59546575,-161.772746,205.465864,-65.94849758,-252.8364887,312.6991931,-48.11816141,-221.7796509,320.4397684,-130.6619367,-132.5115298,0,4.8641546028,2.6,-1.3,3.9,187.4,-87.7,-162.9,263.2527302802,190,-89,-159,4.3737855457,2.3,2.2,3,204.7,-64.2,-254,331.2008454095,207,-62,-251,2.952964612,-2.2,1.8,0.8,314.2,-46.8,-223.8,386.1321017476,312,-45,-223,3.7589892258,0.1,-3.4,-1.6,320.9,-128.6,-133.4,372.4110632084,321,-132,-135,0,19:45.1
146,1,nisson,0,0,0,0,bluebird,0,0,187.7309336,-89.36569246,-161.7841087,205.4425708,-65.95107271,-252.8446643,312.8642334,-48.11225334,-221.6406684,320.41778,-130.3788398,-132.5859533,0,2.9086079144,0.6,2.7,0.9,187.4,-87.7,-162.9,262.3223208193,188,-85,-162,2.0808652047,0.3,-1.8,1,204.7,-64.2,-254,332.2499059443,205,-66,-253,5.2649786324,1.8,-1.2,4.8,314.2,-46.8,-223.8,387.4545134593,316,-48,-219,3.7589892258,-0.9,3.6,-0.6,320.9,-128.6,-133.4,368.7560169001,320,-125,-134,0,19:48.0
147,1,nisson,0,0,0,0,bluebird,0,0,187.7943869,-89.34740784,-161.8449033,205.5704423,-65.70351907,-252.8024311,312.7710218,-48.00664067,-221.8086349,320.446891,-130.4098978,-132.5066556,0,2.0639767441,1.6,-1.3,-0.1,187.4,-87.7,-162.9,264.973583589,189,-89,-163,5.0129831438,3.3,3.2,2,204.7,-64.2,-254,332.3988567971,208,-61,-252,3.509985755,-3.2,0.8,-1.2,314.2,-46.8,-223.8,386.6031557036,311,-46,-225,3.3955853693,0.1,-2.4,2.4,320.9,-128.6,-133.4,370.6251475548,321,-131,-131,0,19:50.9
148,1,nisson,0,0,0,0,bluebird,0,0,187.8046676,-89.13003744,-161.8026581,205.4919201,-65.71834312,-252.7123095,312.8824707,-47.95630864,-221.6682032,320.4745464,-130.139403,-132.4813229,0,3.3555923471,0.6,2.7,1.9,187.4,-87.7,-162.9,261.7059418508,188,-85,-161,3.567912555,-0.7,-1.8,3,204.7,-64.2,-254,330.1105875309,204,-66,-251,4.8703182648,0.8,-0.2,4.8,314.2,-46.8,-223.8,386.5164938266,315,-47,-219,3.8639358173,0.1,3.6,1.4,320.9,-128.6,-133.4,368.9037814932,321,-125,-132,0,19:53.8
149,1,nisson,0,0,0,0,bluebird,0,0,187.8644342,-89.17353557,-161.6625252,205.5673241,-65.58242596,-252.6266941,312.8383471,-47.80849321,-221.734793,320.4508191,-130.1824328,-132.5072567,0,4.8020828814,1.6,-2.3,3.9,187.4,-87.7,-162.9,262.8725927137,189,-90,-159,3.966106403,2.3,1.2,3,204.7,-64.2,-254,331.3894989284,207,-63,-251,2.952964612,-2.2,1.8,0.8,314.2,-46.8,-223.8,386.1321017476,312,-45,-223,2.5942243542,-0.9,-2.4,0.4,320.9,-128.6,-133.4,370.4726710569,320,-131,-133,0,19:56.8
150,1,nisson,0,0,0,0,bluebird,0,0,187.9212125,-88.96485879,-161.579399,205.4389579,-65.25330466,-252.6453594,312.7464298,-47.81806855,-221.7980534,320.5282782,-130.0233112,-132.4818939,0,4.2731721238,1.6,2.7,2.9,187.4,-87.7,-162.9,261.8129103005,189,-85,-160,5.5614746246,-1.7,5.2,1,204.7,-64.2,-254,329.6953138884,203,-59,-253,3.509985755,-3.2,-1.2,0.8,314.2,-46.8,-223.8,385.6864011085,311,-48,-223,2.3937418407,1.1,1.6,1.4,320.9,-128.6,-133.4,370.4551254876,322,-127,-132,0,19:59.7
151,1,nisson,0,0,0,0,bluebird,0,0,187.8251519,-88.76661585,-161.500429,205.46701,-65.24063943,-252.5630914,312.8091083,-47.67716512,-221.7081507,320.4018643,-129.7221456,-132.4077992,0,4.2023802779,-1.4,2.7,2.9,187.4,-87.7,-162.9,259.6555410539,186,-85,-160,3.3660065359,1.3,-0.8,3,204.7,-64.2,-254,331.1525328304,206,-65,-251,4.209513036,-0.2,1.8,3.8,314.2,-46.8,-223.8,386.0323820614,314,-45,-220,5.9439044407,-2.9,4.6,2.4,320.9,-128.6,-133.4,365.5967724146,318,-124,-131,0,20:02.6
152,1,nisson,0,0,0,0,bluebird,0,0,187.8838943,-88.62828506,-161.5254076,205.4936595,-64.97860746,-252.5849368,312.7686529,-47.64330686,-221.5727432,320.481771,-129.7360383,-132.4374092,0,2.5019992006,1.6,1.7,0.9,187.4,-87.7,-162.9,263.3647660565,189,-86,-162,4.508880127,1.3,4.2,1,204.7,-64.2,-254,331.7303121513,206,-60,-253,5.2839379254,-2.2,-0.2,4.8,314.2,-46.8,-223.8,384.0755134085,312,-47,-219,1.8248287591,1.1,-1.4,0.4,320.9,-128.6,-133.4,371.850776522,322,-130,-133,0,20:05.5
153,1,nisson,0,0,0,0,bluebird,0,0,187.8396995,-88.39687081,-161.6491372,205.3689766,-64.92967709,-252.50569,312.8302202,-47.66114152,-221.544106,320.5076825,-129.4992364,-132.5655388,0,3.8807215824,-0.4,3.7,-1.1,187.4,-87.7,-162.9,262.5280937347,187,-84,-164,3.4539832078,-1.7,0.2,3,204.7,-64.2,-254,329.0987693687,203,-64,-251,3.0528675045,-0.2,-1.2,2.8,314.2,-46.8,-223.8,386.9638225984,314,-48,-221,3.940812099,0.1,3.6,-1.6,320.9,-128.6,-133.4,369.9878376379,321,-125,-135,0,20:08.5
154,1,nisson,0,0,0,0,bluebird,0,0,187.7477146,-88.32702727,-161.5666803,205.4505277,-64.88319323,-252.4304055,312.8887092,-47.52808444,-221.6169007,320.3822984,-129.3742746,-132.6372618,0,3.2954514107,-1.4,0.7,2.9,187.4,-87.7,-162.9,260.3171143048,186,-87,-160,3.7854986461,2.3,0.2,3,204.7,-64.2,-254,331.5810609791,207,-64,-251,1.9798989873,-0.2,1.8,0.8,314.2,-46.8,-223.8,387.7499194068,314,-45,-223,3.3660065359,-2.9,1.6,-0.6,320.9,-128.6,-133.4,367.7077643999,318,-127,-134,0,20:11.4
155,1,nisson,0,0,0,0,bluebird,0,0,187.7603288,-88.3606759,-161.5883463,205.5280013,-64.63903357,-252.4088852,312.7942738,-47.45168022,-221.6860557,320.3631834,-129.4055609,-132.7553987,0,1.6911534525,0.6,-1.3,0.9,187.4,-87.7,-162.9,263.6455954496,188,-89,-162,5.1894122981,2.3,4.2,2,204.7,-64.2,-254,331.5916162993,207,-60,-252,3.3941125497,-3.2,0.8,0.8,314.2,-46.8,-223.8,385.4426027309,311,-46,-223,2.3086792761,-0.9,-1.4,-1.6,320.9,-128.6,-133.4,370.8436328158,320,-130,-135,0,20:14.3
156,1,nisson,0,0,0,0,bluebird,0,0,187.7723124,-88.09264211,-161.608929,205.4516013,-64.55708189,-252.3884409,312.8045601,-47.47909621,-221.8517529,320.3950243,-129.1852828,-132.7676288,0,4.8228622207,0.6,4.7,0.9,187.4,-87.7,-162.9,261.6811036357,188,-83,-162,2.4351591324,-0.7,1.2,2,204.7,-64.2,-254,330.2862394954,204,-63,-252,2.0784609691,-1.2,-1.2,-1.2,314.2,-46.8,-223.8,388.455917705,313,-48,-225,3.6235341864,0.1,3.6,0.4,320.9,-128.6,-133.4,369.2627790612,321,-125,-133,0,20:17.2
157,1,nisson,0,0,0,0,bluebird,0,0,187.6836968,-87.98801,-161.6784825,205.4790212,-64.5792278,-252.3690189,312.8143321,-47.3551414,-222.0091653,320.3252731,-129.0260187,-132.6792474,0,2.2045407685,-1.4,1.7,-0.1,187.4,-87.7,-162.9,261.8415551436,186,-86,-163,2.5159491251,1.3,-0.8,2,204.7,-64.2,-254,331.9111326846,206,-65,-252,2.4738633754,-1.2,1.8,-1.2,314.2,-46.8,-223.8,388.09663745,313,-45,-225,4.0162171256,-1.9,2.6,2.4,320.9,-128.6,-133.4,367.1484713301,319,-126,-131,0,20:20.2
158,1,nisson,0,0,0,0,bluebird,0,0,187.6995119,-87.9886095,-161.7445584,205.5050702,-64.25026641,-252.350568,312.7236155,-47.33738433,-222.008707,320.3590094,-129.0247177,-132.695285,0,0.6782329983,0.6,-0.3,-0.1,187.4,-87.7,-162.9,263.9261260277,188,-88,-163,6.6430414721,1.3,6.2,2,204.7,-64.2,-254,330.611554547,206,-58,-252,3.6769552622,-3.2,-0.2,1.8,314.2,-46.8,-223.8,384.9857140207,311,-47,-222,0.5744562647,0.1,-0.4,0.4,320.9,-128.6,-133.4,370.6359399734,321,-129,-133,0,20:23.1
159,1,nisson,0,0,0,0,bluebird,0,0,187.6645363,-87.73917903,-161.7573305,205.3798166,-64.18775309,-252.2330396,312.7874347,-47.42051511,-222.0082716,320.3910589,-128.7234819,-132.7605207,0,4.8020828814,-0.4,4.7,0.9,187.4,-87.7,-162.9,260.9635989942,187,-83,-162,4.508880127,-1.7,1.2,4,204.7,-64.2,-254,328.1432613966,203,-63,-250,2.8495613698,-0.2,-2.2,1.8,314.2,-46.8,-223.8,387.6609343228,314,-49,-222,5.6329388422,0.1,5.6,-0.6,320.9,-128.6,-133.4,368.9525714777,321,-123,-134,0,20:26.0
160,1,nisson,0,0,0,0,bluebird,0,0,187.6313095,-87.80222008,-161.669464,205.4608258,-64.12836543,-252.2213876,312.748063,-47.24948936,-222.2078581,320.271506,-128.6873078,-132.8724947,0,3.2031234756,-0.4,-1.3,2.9,187.4,-87.7,-162.9,261.7059418508,187,-89,-160,3.2756678708,2.3,1.2,2,204.7,-64.2,-254,332.1475575704,207,-63,-252,4.1856899073,-2.2,2.8,-2.2,314.2,-46.8,-223.8,387.7576562752,312,-44,-226,3.3660065359,-2.9,0.6,-1.6,320.9,-128.6,-133.4,368.4195977415,318,-128,-135,0,20:28.9
161,1,nisson,0,0,0,0,bluebird,0,0,187.6997441,-87.71210907,-161.6359908,205.3377845,-63.92194716,-252.3103182,312.6606598,-47.23701489,-222.0974652,320.3079307,-128.6029424,-132.87887,0,3.0099833887,1.6,1.7,1.9,187.4,-87.7,-162.9,262.7508325391,189,-86,-161,4.5310043037,-1.7,4.2,0,204.7,-64.2,-254,330.6433123473,203,-60,-254,4.9719211579,-3.2,-0.2,3.8,314.2,-46.8,-223.8,383.8359024375,311,-47,-220,1.6522711642,0.1,1.6,0.4,320.9,-128.6,-133.4,369.9445904457,321,-127,-133,0,20:31.9
162,1,nisson,0,0,0,0,bluebird,0,0,187.6647568,-87.52650362,-161.6041912,205.2708953,-63.9258498,-252.3448023,312.7276268,-47.32516415,-222.0425919,320.3425342,-128.3727953,-132.8849265,0,4.1785164832,-0.4,3.7,1.9,187.4,-87.7,-162.9,260.6645353707,187,-84,-161,1.2369316877,-0.7,0.2,1,204.7,-64.2,-254,331.2416036672,204,-64,-253,3.5665109,-0.2,-2.2,2.8,314.2,-46.8,-223.8,387.0891370214,314,-49,-221,4.6184412955,0.1,4.6,0.4,320.9,-128.6,-133.4,368.9254667274,321,-124,-133,0,20:34.8
163,1,nisson,0,0,0,0,bluebird,0,0,187.681519,-87.60017844,-161.5739817,205.3073505,-63.87955731,-252.4275622,312.6912455,-47.20890594,-222.0404623,320.2254074,-128.3041555,-132.8406802,0,2.3790754507,0.6,-1.3,1.9,187.4,-87.7,-162.9,263.0323174061,188,-89,-161,1.7691806013,1.3,1.2,0,204.7,-64.2,-254,333.0480445822,206,-63,-254,3.3645207683,-2.2,1.8,1.8,314.2,-46.8,-223.8,385.5554434838,312,-45,-222,3.5958309193,-2.9,1.6,1.4,320.9,-128.6,-133.4,366.983650862,318,-127,-132,0,20:37.7
164,1,nisson,0,0,0,0,bluebird,0,0,187.7974431,-87.52016952,-161.4452826,205.241983,-63.68557945,-252.4561841,312.6566832,-47.19846064,-221.9884392,320.2641371,-128.2889477,-132.7986461,0,4.9859803449,2.6,1.7,3.9,187.4,-87.7,-162.9,262.2536939683,190,-86,-159,4.3737855457,-0.7,4.2,1,204.7,-64.2,-254,330.4920573932,204,-60,-253,3.5665109,-2.2,-0.2,2.8,314.2,-46.8,-223.8,385.2194179945,312,-47,-221,1.5264337522,0.1,0.6,1.4,320.9,-128.6,-133.4,369.9310746612,321,-128,-132,0,20:40.6
165,1,nisson,0,0,0,0,bluebird,0,0,187.7575709,-87.34416104,-161.4730185,205.1798839,-63.75130047,-252.5333749,312.773849,-47.13853761,-221.8890172,320.2009302,-128.1245003,-132.8087138,0,3.8288379438,-0.4,3.7,0.9,187.4,-87.7,-162.9,261.2833710744,187,-84,-162,1.0630145813,-0.7,-0.8,0,204.7,-64.2,-254,332.2002408187,204,-65,-254,3.9648455203,0.8,0.8,3.8,314.2,-46.8,-223.8,386.9638225984,315,-46,-220,4.0902322672,-1.9,3.6,0.4,320.9,-128.6,-133.4,367.5255093187,319,-125,-133,0,20:43.6
166,1,nisson,0,0,0,0,bluebird,0,0,187.7696924,-87.42695299,-161.4993675,205.2708897,-63.61373545,-252.5567061,312.7351566,-46.98161073,-221.8945664,320.1408837,-128.1682753,-132.8682781,0,1.6911534525,0.6,-1.3,0.9,187.4,-87.7,-162.9,263.6455954496,188,-89,-162,4.0657102701,2.3,3.2,1,204.7,-64.2,-254,332.5342087666,207,-61,-253,3.9899874687,-2.2,2.8,1.8,314.2,-46.8,-223.8,385.4400083022,312,-44,-222,2.0322401433,-1.9,-0.4,-0.6,320.9,-128.6,-133.4,369.2668411867,319,-129,-134,0,20:46.5
167,1,nisson,0,0,0,0,bluebird,0,0,187.7812077,-87.20560534,-161.4743992,205.2073452,-63.53304868,-252.5788708,312.7983988,-47.08253019,-221.849838,320.1338395,-128.0098616,-132.7748642,0,5.1048996072,0.6,4.7,1.9,187.4,-87.7,-162.9,261.0632107364,188,-83,-161,2.5159491251,-0.7,2.2,1,204.7,-64.2,-254,330.8609980037,204,-62,-253,3.5665109,-0.2,-2.2,2.8,314.2,-46.8,-223.8,387.0891370214,314,-49,-221,4.4192759588,-0.9,3.6,2.4,320.9,-128.6,-133.4,367.6764882339,320,-125,-131,0,20:49.4
168,1,nisson,0,0,0,0,bluebird,0,0,187.7421474,-87.29532507,-161.4506792,205.2969779,-63.45639624,-252.6999273,312.8084788,-46.92840368,-221.8073461,320.0771475,-128.0593685,-132.686121,0,2.3366642891,-0.4,-1.3,1.9,187.4,-87.7,-162.9,262.3185086874,187,-89,-161,3.3361654635,2.3,2.2,-1,204.7,-64.2,-254,334.2424269898,207,-62,-255,4.1376321731,-1.2,2.8,2.8,314.2,-46.8,-223.8,385.6760298489,313,-44,-221,3.0870698081,-1.9,-0.4,2.4,320.9,-128.6,-133.4,368.1888102591,319,-129,-131,0,20:52.3
169,1,nisson,0,0,0,0,bluebird,0,0,187.75504,-87.13055882,-161.5781452,205.182129,-63.33357643,-252.6649309,312.8180549,-47.0319835,-221.7669788,320.0732902,-127.8064,-132.751815,0,3.9064049969,0.6,3.7,-1.1,187.4,-87.7,-162.9,263.2413341404,188,-84,-164,4.1388404173,-1.7,3.2,2,204.7,-64.2,-254,329.2931824378,203,-61,-252,3.7576588456,-1.2,-2.2,2.8,314.2,-46.8,-223.8,386.2783970144,313,-49,-221,5.7035076926,-0.9,5.6,-0.6,320.9,-128.6,-133.4,368.0828711038,320,-123,-134,0,20:55.3
170,1,nisson,0,0,0,0,bluebird,0,0,187.767288,-87.17403088,-161.449238,205.2230226,-63.21689761,-252.6816844,312.8271521,-46.93038432,-221.7786299,320.0696257,-127.91608,-132.7142242,0,3.9572717875,0.6,-0.3,3.9,187.4,-87.7,-162.9,261.4746641646,188,-88,-159,3.5958309193,1.3,3.2,1,204.7,-64.2,-254,331.9126391085,206,-61,-253,2.8142494559,-1.2,1.8,1.8,314.2,-46.8,-223.8,386.3651122966,313,-45,-222,2.1748563171,-0.9,-1.4,1.4,320.9,-128.6,-133.4,369.7620856713,320,-130,-132,0,20:58.2
171,1,nisson,0,0,0,0,bluebird,0,0,187.7289236,-87.01532933,-161.5267761,205.1618714,-63.30605273,-252.5976001,312.8857945,-46.88386511,-221.7396984,320.0661444,-127.670276,-132.878513,0,3.7229020938,-0.4,3.7,-0.1,187.4,-87.7,-162.9,261.9045627705,187,-84,-163,3.1827660926,-0.7,-0.8,3,204.7,-64.2,-254,329.912109508,204,-65,-251,2.9189039039,-0.2,0.8,2.8,314.2,-46.8,-223.8,386.7208295399,314,-46,-221,6.2393909959,-0.9,5.6,-2.6,320.9,-128.6,-133.4,368.8156721182,320,-123,-136,0,21:01.1
172,1,nisson,0,0,0,0,bluebird,0,0,187.7424774,-87.06456287,-161.4504373,205.2537779,-63.19075009,-252.5677201,312.7915048,-46.73967185,-221.8027135,320.0128372,-127.7367622,-132.9345874,0,2.9765752132,0.6,-0.3,2.9,187.4,-87.7,-162.9,262.0839560141,188,-88,-160,4.4192759588,2.3,3.2,2,204.7,-64.2,-254,331.7740194771,207,-61,-252,4.3266615306,-3.2,2.8,0.8,314.2,-46.8,-223.8,385.209034162,311,-44,-223,2.0322401433,-1.9,-0.4,-0.6,320.9,-128.6,-133.4,369.2668411867,319,-129,-134,0,21:04.0
173,1,nisson,0,0,0,0,bluebird,0,0,187.7553535,-86.86133472,-161.5279154,205.191089,-63.28121259,-252.5393341,312.8519296,-46.85268826,-221.8125778,320.0621953,-127.5999241,-133.137858,0,4.7391982444,0.6,4.7,-0.1,187.4,-87.7,-162.9,262.3013534086,188,-83,-163,2.2649503306,-0.7,-0.8,2,204.7,-64.2,-254,330.6735550358,204,-65,-252,2.8495613698,-0.2,-2.2,1.8,314.2,-46.8,-223.8,387.6609343228,314,-49,-222,5.0921508226,0.1,3.6,-3.6,320.9,-128.6,-133.4,370.7222680121,321,-125,-137,0,21:07.0
174,1,nisson,0,0,0,0,bluebird,0,0,187.7175859,-86.91826799,-161.4515196,205.3315345,-63.21715196,-252.5623674,312.8093331,-46.66005385,-221.7719489,320.0590855,-127.7199279,-133.0309651,0,2.9427877939,-0.4,-0.3,2.9,187.4,-87.7,-162.9,261.3675572828,187,-88,-160,4.0902322672,3.3,2.2,1,204.7,-64.2,-254,333.3421665496,208,-62,-253,5.2076866265,-2.2,3.8,2.8,314.2,-46.8,-223.8,384.7518680916,312,-43,-221,2.9206163733,-0.9,-1.4,2.4,320.9,-128.6,-133.4,369.4062804014,320,-130,-131,0,21:09.9
