,Backward,Brand,Category,Class,Class_Target,Forward,Sideway,time,Mag_CarLen,Mag_CarX,Mag_CarY,Mag_CarZ,Mag_EnvX,Mag_EnvY,Mag_EnvZ,Mag_Len,Mag_X,Mag_Y,Mag_Z
0,1,toyota,tercel,0.0,0,0.0,0.0,14:19.6,9.350935782048786,-2.6000000000000227,1.8000000000000114,-8.800000000000011,459.6,-296.8,-172.2,573.2669535216555,457,-295,-181
1,1,toyota,tercel,0.0,0,0.0,0.0,14:20.0,2.6907248094147156,2.3999999999999773,-1.1999999999999886,0.19999999999998866,459.6,-296.8,-172.2,576.0486090600341,462,-298,-172
2,1,toyota,tercel,0.0,0,0.0,0.0,14:20.4,5.799999999999995,2.3999999999999773,4.800000000000012,2.1999999999999886,459.6,-296.8,-172.2,572.3705093730807,462,-292,-170
3,1,toyota,tercel,0.0,0,0.0,0.0,14:20.8,10.669582934679331,-2.6000000000000227,6.800000000000012,-7.800000000000012,459.6,-296.8,-172.2,570.3937236681344,457,-290,-180
4,1,toyota,tercel,0.0,0,0.0,0.0,14:21.2,3.583294573433783,0.3999999999999773,-2.1999999999999886,-2.800000000000012,459.6,-296.8,-172.2,575.8697769461427,460,-299,-175
5,1,toyota,tercel,0.0,0,0.0,0.0,14:21.7,6.590902821313608,3.3999999999999773,-2.1999999999999886,5.199999999999988,459.6,-296.8,-172.2,575.8984285444786,463,-299,-167
6,1,toyota,tercel,0.0,0,0.0,0.0,14:22.1,4.29418211071678,-2.6000000000000227,-1.1999999999999886,3.1999999999999886,459.6,-296.8,-172.2,571.1514685265198,457,-298,-169
7,1,toyota,tercel,0.0,0,0.0,0.0,14:22.5,4.71593044902066,-3.6000000000000227,-1.1999999999999886,-2.800000000000012,459.6,-296.8,-172.2,572.1581949076673,456,-298,-175
8,1,toyota,tercel,0.0,0,0.0,0.0,14:22.9,6.135144660071164,2.3999999999999773,-2.1999999999999886,5.199999999999988,459.6,-296.8,-172.2,575.0947747980327,462,-299,-167
9,1,toyota,tercel,0.0,0,0.0,0.0,14:23.4,6.988562083862443,0.3999999999999773,-3.1999999999999886,6.199999999999988,459.6,-296.8,-172.2,573.7211866403401,460,-300,-166
10,1,toyota,tercel,0.0,0,0.0,0.0,14:23.8,5.607138307550486,-4.600000000000024,-3.1999999999999886,0.19999999999998866,459.6,-296.8,-172.2,571.4971565983509,455,-300,-172
11,1,toyota,tercel,0.0,0,0.0,0.0,14:24.2,3.1685959035509605,1.3999999999999773,-2.1999999999999886,-1.8000000000000114,459.6,-296.8,-172.2,576.3662030341474,461,-299,-174
12,1,toyota,tercel,0.0,0,0.0,0.0,14:24.6,7.863841300534978,2.3999999999999773,-4.199999999999989,6.199999999999988,459.6,-296.8,-172.2,575.8480702407538,462,-301,-166
13,1,toyota,tercel,0.0,0,0.0,0.0,14:25.0,5.219195340279953,-2.6000000000000227,-3.1999999999999886,3.1999999999999886,459.6,-296.8,-172.2,572.1975183448458,457,-300,-169
14,1,toyota,tercel,0.0,0,0.0,0.0,14:25.5,5.88557558782488,-4.600000000000024,-3.1999999999999886,-1.8000000000000114,459.6,-296.8,-172.2,572.1022635858034,455,-300,-174
15,1,toyota,tercel,0.0,0,0.0,0.0,14:25.9,4.565084884205307,2.3999999999999773,-3.1999999999999886,2.1999999999999886,459.6,-296.8,-172.2,576.4928447084144,462,-300,-170
16,1,toyota,tercel,0.0,0,0.0,0.0,14:26.3,4.543126676640202,0.3999999999999773,-3.1999999999999886,3.1999999999999886,459.6,-296.8,-172.2,574.5963800790952,460,-300,-169
17,1,toyota,tercel,0.0,0,0.0,0.0,14:26.7,5.003998401278727,-2.6000000000000227,-4.199999999999989,-0.8000000000000114,459.6,-296.8,-172.2,573.9154990066046,457,-301,-173
18,1,toyota,tercel,0.0,0,0.0,0.0,14:27.1,4.431703961232049,1.3999999999999773,-4.199999999999989,0.19999999999998866,459.6,-296.8,-172.2,576.8067267291532,461,-301,-172
19,1,toyota,tercel,0.0,0,0.0,0.0,14:27.6,9.14549069213892,3.3999999999999773,-2.1999999999999886,8.199999999999989,459.6,-296.8,-172.2,575.0356510686968,463,-299,-164
20,1,toyota,tercel,0.0,0,0.0,0.0,14:28.0,3.1048349392520147,-2.6000000000000227,-1.1999999999999886,1.1999999999999886,459.6,-296.8,-172.2,571.7464472998498,457,-298,-171
21,1,toyota,tercel,0.0,0,0.0,0.0,14:28.4,4.673328578219182,-1.6000000000000227,-2.1999999999999886,-3.8000000000000114,459.6,-296.8,-172.2,574.5789762948173,458,-299,-176
22,1,toyota,tercel,0.0,0,0.0,0.0,14:28.8,5.161395160225549,3.3999999999999773,-3.1999999999999886,2.1999999999999886,459.6,-296.8,-172.2,577.2945522001745,463,-300,-170
23,1,toyota,tercel,0.0,0,0.0,0.0,14:29.3,5.51724568965348,-1.6000000000000227,-3.1999999999999886,4.199999999999989,459.6,-296.8,-172.2,572.7023659807946,458,-300,-168
24,1,toyota,tercel,0.0,0,0.0,0.0,14:29.7,6.770524351924318,-4.600000000000024,-3.1999999999999886,-3.8000000000000114,459.6,-296.8,-172.2,572.7137155682584,455,-300,-176
25,1,toyota,tercel,0.0,0,0.0,0.0,14:30.1,3.693237062523871,0.3999999999999773,-3.1999999999999886,-1.8000000000000114,459.6,-296.8,-172.2,576.086799015565,460,-300,-174
26,1,toyota,tercel,0.0,0,0.0,0.0,14:30.5,6.26418390534631,1.3999999999999773,-3.1999999999999886,5.199999999999988,459.6,-296.8,-172.2,574.8130130746868,461,-300,-167
27,1,toyota,tercel,0.0,0,0.0,0.0,14:30.9,5.23832034148353,-4.600000000000024,-2.1999999999999886,1.1999999999999886,459.6,-296.8,-172.2,570.6724104072317,455,-299,-171
28,1,toyota,tercel,0.0,0,0.0,0.0,14:31.4,5.295280917949494,-1.6000000000000227,-4.199999999999989,-2.800000000000012,459.6,-296.8,-172.2,575.317303755067,458,-301,-175
29,1,toyota,tercel,0.0,0,0.0,0.0,14:31.8,4.943682837723289,1.3999999999999773,-2.1999999999999886,4.199999999999989,459.6,-296.8,-172.2,574.5833272903069,461,-299,-168
30,1,toyota,tercel,0.0,0,0.0,0.0,14:32.2,4.673328578219168,-2.6000000000000227,-2.1999999999999886,3.1999999999999886,459.6,-296.8,-172.2,571.6738580694415,457,-299,-169
31,1,toyota,tercel,0.0,0,0.0,0.0,14:32.6,6.118823416311362,-3.6000000000000227,-1.1999999999999886,-4.800000000000012,459.6,-296.8,-172.2,572.7730789763079,456,-298,-177
32,1,toyota,tercel,0.0,0,0.0,0.0,14:33.0,2.7276363393971543,1.3999999999999773,-2.1999999999999886,-0.8000000000000114,459.6,-296.8,-172.2,576.0651004877834,461,-299,-173
33,1,toyota,tercel,0.0,0,0.0,0.0,14:33.5,6.26418390534631,1.3999999999999773,-3.1999999999999886,5.199999999999988,459.6,-296.8,-172.2,574.8130130746868,461,-300,-167
34,1,toyota,tercel,0.0,0,0.0,0.0,14:33.9,5.660388679233977,-4.600000000000024,-3.1999999999999886,-0.8000000000000114,459.6,-296.8,-172.2,571.7989157037638,455,-300,-173
35,1,toyota,tercel,0.0,0,0.0,0.0,14:34.3,5.607138307550486,-2.6000000000000227,-3.1999999999999886,-3.8000000000000114,459.6,-296.8,-172.2,574.303926505818,457,-300,-176
36,1,toyota,tercel,0.0,0,0.0,0.0,14:34.7,7.102112361825858,2.3999999999999773,-4.199999999999989,5.199999999999988,459.6,-296.8,-172.2,576.137136452772,462,-301,-167
37,1,toyota,tercel,0.0,0,0.0,0.0,14:35.2,7.172168430816437,-2.6000000000000227,-4.199999999999989,5.199999999999988,459.6,-296.8,-172.2,572.1354734676045,457,-301,-167
38,1,toyota,tercel,0.0,0,0.0,0.0,14:35.6,6.3592452382338776,-4.600000000000024,-2.1999999999999886,-3.8000000000000114,459.6,-296.8,-172.2,572.190527709084,455,-299,-176
39,1,toyota,tercel,0.0,0,0.0,0.0,14:36.0,4.758150901348111,0.3999999999999773,-4.199999999999989,2.1999999999999886,459.6,-296.8,-172.2,575.4137641732252,460,-301,-170
40,1,toyota,tercel,0.0,0,0.0,0.0,14:36.4,5.3516352641038445,0.3999999999999773,-1.1999999999999886,5.199999999999988,459.6,-296.8,-172.2,572.9685855262921,460,-298,-167
41,1,toyota,tercel,0.0,0,0.0,0.0,14:36.8,5.40740233383833,-4.600000000000024,-2.1999999999999886,-1.8000000000000114,459.6,-296.8,-172.2,571.5785160413221,455,-299,-174
42,1,toyota,tercel,0.0,0,0.0,0.0,14:37.3,3.3823069050575714,-2.6000000000000227,-1.1999999999999886,-1.8000000000000114,459.6,-296.8,-172.2,572.650853487533,457,-298,-174
43,1,toyota,tercel,0.0,0,0.0,0.0,14:37.7,4.176122603564195,2.3999999999999773,-1.1999999999999886,3.1999999999999886,459.6,-296.8,-172.2,575.1599777453226,462,-298,-169
44,1,toyota,tercel,0.0,0,0.0,0.0,14:38.1,6.311893535223792,-1.6000000000000227,-3.1999999999999886,5.199999999999988,459.6,-296.8,-172.2,572.4098182246703,458,-300,-167
45,1,toyota,tercel,0.0,0,0.0,0.0,14:38.5,6.280127387243043,-4.600000000000024,-4.199999999999989,-0.8000000000000114,459.6,-296.8,-172.2,572.3242088187429,455,-301,-173
46,1,toyota,tercel,0.0,0,0.0,0.0,14:38.9,4.543126676640202,0.3999999999999773,-3.1999999999999886,3.1999999999999886,459.6,-296.8,-172.2,574.5963800790952,460,-300,-169
47,1,toyota,tercel,0.0,0,0.0,0.0,14:39.4,7.901898506055343,2.3999999999999773,-2.1999999999999886,7.199999999999988,459.6,-296.8,-172.2,574.5171886027432,462,-299,-165
48,1,toyota,tercel,0.0,0,0.0,0.0,14:39.8,4.8207883172775885,-3.6000000000000227,-3.1999999999999886,0.19999999999998866,459.6,-296.8,-172.2,572.2936309273414,456,-300,-172
49,1,toyota,tercel,0.0,0,0.0,0.0,14:40.2,3.583294573433783,-1.6000000000000227,-3.1999999999999886,0.19999999999998866,459.6,-296.8,-172.2,573.8884909109087,458,-300,-172
50,1,toyota,tercel,0.0,0,0.0,0.0,14:40.6,5.799999999999976,2.3999999999999773,-3.1999999999999886,4.199999999999989,459.6,-296.8,-172.2,575.9062423693634,462,-300,-168
51,1,toyota,tercel,0.0,0,0.0,0.0,14:41.0,6.636264009214817,-2.6000000000000227,-3.1999999999999886,5.199999999999988,459.6,-296.8,-172.2,571.610006910306,457,-300,-167
52,1,toyota,tercel,0.0,0,0.0,0.0,14:41.5,6.086049621881198,-4.600000000000024,-1.1999999999999886,-3.8000000000000114,459.6,-296.8,-172.2,571.6686102979592,455,-298,-176
53,1,toyota,tercel,0.0,0,0.0,0.0,14:41.9,4.565084884205307,2.3999999999999773,-3.1999999999999886,2.1999999999999886,459.6,-296.8,-172.2,576.4928447084144,462,-300,-170
54,1,toyota,tercel,0.0,0,0.0,0.0,14:42.3,7.889233169326391,0.3999999999999773,-3.1999999999999886,7.199999999999988,459.6,-296.8,-172.2,573.4326464372255,460,-300,-165
55,1,toyota,tercel,0.0,0,0.0,0.0,14:42.7,5.660388679233977,-4.600000000000024,-3.1999999999999886,-0.8000000000000114,459.6,-296.8,-172.2,571.7989157037638,455,-300,-173
56,1,toyota,tercel,0.0,0,0.0,0.0,14:43.2,3.261901286060028,-1.6000000000000227,-2.1999999999999886,-1.8000000000000114,459.6,-296.8,-172.2,573.9695113854045,458,-299,-174
57,1,toyota,tercel,0.0,0,0.0,0.0,14:43.6,8.23650411278958,2.3999999999999773,-3.1999999999999886,7.199999999999988,459.6,-296.8,-172.2,575.0382595966985,462,-300,-165
58,1,toyota,tercel,0.0,0,0.0,0.0,14:44.0,5.219195340279953,-2.6000000000000227,-3.1999999999999886,3.1999999999999886,459.6,-296.8,-172.2,572.1975183448458,457,-300,-169
59,1,toyota,tercel,0.0,0,0.0,0.0,14:44.4,5.7306195127577695,-4.600000000000024,-3.1999999999999886,1.1999999999999886,459.6,-296.8,-172.2,571.1969887875811,455,-300,-171
60,1,toyota,tercel,0.0,0,0.0,0.0,14:44.8,3.9293765408776737,2.3999999999999773,-2.1999999999999886,2.1999999999999886,459.6,-296.8,-172.2,575.9730896491607,462,-299,-170
61,1,toyota,tercel,0.0,0,0.0,0.0,14:45.3,7.32393336944021,-0.6000000000000227,-1.1999999999999886,7.199999999999988,459.6,-296.8,-172.2,571.5855141621417,459,-298,-165
62,1,toyota,tercel,0.0,0,0.0,0.0,14:45.7,5.102940328869245,-4.600000000000024,-2.1999999999999886,0.19999999999998866,459.6,-296.8,-172.2,570.9728539957043,455,-299,-172
63,1,toyota,tercel,0.0,0,0.0,0.0,14:46.1,2.2891046284519136,-0.6000000000000227,-2.1999999999999886,0.19999999999998866,459.6,-296.8,-172.2,574.1654813727484,459,-299,-172
64,1,toyota,tercel,0.0,0,0.0,0.0,14:46.5,7.0028565600046155,2.3999999999999773,-2.1999999999999886,6.199999999999988,459.6,-296.8,-172.2,574.8051843885893,462,-299,-166
65,1,toyota,tercel,0.0,0,0.0,0.0,14:46.9,5.885575587824861,-2.6000000000000227,-3.1999999999999886,4.199999999999989,459.6,-296.8,-172.2,571.9029637971812,457,-300,-168
66,1,toyota,tercel,0.0,0,0.0,0.0,14:47.4,5.5713553108736615,-3.6000000000000227,-3.1999999999999886,-2.800000000000012,459.6,-296.8,-172.2,573.2024075315803,456,-300,-175
67,1,toyota,tercel,0.0,0,0.0,0.0,14:47.8,5.462600113499044,1.3999999999999773,-3.1999999999999886,4.199999999999989,459.6,-296.8,-172.2,575.1043383595711,461,-300,-168
68,1,toyota,tercel,0.0,0,0.0,0.0,14:48.2,7.073895673530952,-2.6000000000000227,-2.1999999999999886,6.199999999999988,459.6,-296.8,-172.2,570.7941835723276,457,-299,-166
69,1,toyota,tercel,0.0,0,0.0,0.0,14:48.6,5.88557558782488,-4.600000000000024,-3.1999999999999886,-1.8000000000000114,459.6,-296.8,-172.2,572.1022635858034,455,-300,-174
70,1,toyota,tercel,0.0,0,0.0,0.0,14:49.1,3.903844259188609,0.3999999999999773,-3.1999999999999886,2.1999999999999886,459.6,-296.8,-172.2,574.8912940721924,460,-300,-170
71,1,toyota,tercel,0.0,0,0.0,0.0,14:49.5,9.748846085563136,0.3999999999999773,-3.1999999999999886,9.199999999999989,459.6,-296.8,-172.2,572.8603669307207,460,-300,-163
72,1,toyota,tercel,0.0,0,0.0,0.0,14:49.9,4.608687448721186,-4.600000000000024,-0.19999999999998866,0.19999999999998866,459.6,-296.8,-172.2,569.9280656363574,455,-297,-172
73,1,toyota,tercel,0.0,0,0.0,0.0,14:50.3,4.498888751680794,-1.6000000000000227,-4.199999999999989,0.19999999999998866,459.6,-296.8,-172.2,574.4118731363411,458,-301,-172
74,1,toyota,tercel,0.0,0,0.0,0.0,14:50.7,7.0028565600046155,2.3999999999999773,-2.1999999999999886,6.199999999999988,459.6,-296.8,-172.2,574.8051843885893,462,-299,-166
75,1,toyota,tercel,0.0,0,0.0,0.0,14:51.2,5.885575587824861,-2.6000000000000227,-3.1999999999999886,4.199999999999989,459.6,-296.8,-172.2,571.9029637971812,457,-300,-168
76,1,toyota,tercel,0.0,0,0.0,0.0,14:51.6,4.586937976471903,-3.6000000000000227,-2.1999999999999886,-1.8000000000000114,459.6,-296.8,-172.2,572.3748771565713,456,-299,-174
77,1,toyota,tercel,0.0,0,0.0,0.0,14:52.0,2.7276363393971543,1.3999999999999773,-2.1999999999999886,-0.8000000000000114,459.6,-296.8,-172.2,576.0651004877834,461,-299,-173
78,1,toyota,tercel,0.0,0,0.0,0.0,14:52.4,8.604649905719564,1.3999999999999773,-2.1999999999999886,8.199999999999989,459.6,-296.8,-172.2,573.4265428108469,461,-299,-164
79,1,toyota,tercel,0.0,0,0.0,0.0,14:52.8,5.607138307550486,-4.600000000000024,-3.1999999999999886,0.19999999999998866,459.6,-296.8,-172.2,571.4971565983509,455,-300,-172
80,1,toyota,tercel,0.0,0,0.0,0.0,14:53.3,4.498888751680794,-1.6000000000000227,-4.199999999999989,0.19999999999998866,459.6,-296.8,-172.2,574.4118731363411,458,-301,-172
81,1,toyota,tercel,0.0,0,0.0,0.0,14:53.7,7.378346698278666,2.3999999999999773,-3.1999999999999886,6.199999999999988,459.6,-296.8,-172.2,575.3259945457012,462,-300,-166
82,1,toyota,tercel,0.0,0,0.0,0.0,14:54.1,8.487638069569169,-1.6000000000000227,-4.199999999999989,7.199999999999988,459.6,-296.8,-172.2,572.3547850765292,458,-301,-165
83,1,toyota,tercel,0.0,0,0.0,0.0,14:54.5,5.063595560468881,-3.6000000000000227,-2.1999999999999886,-2.800000000000012,459.6,-296.8,-172.2,572.6796661310755,456,-299,-175
84,1,toyota,tercel,0.0,0,0.0,0.0,14:55.0,3.4985711369071604,1.3999999999999773,-3.1999999999999886,0.19999999999998866,459.6,-296.8,-172.2,576.2855195126805,461,-300,-172
85,1,toyota,tercel,0.0,0,0.0,0.0,14:55.4,11.038115781237288,0.3999999999999773,-4.199999999999989,10.199999999999989,459.6,-296.8,-172.2,573.1012127015613,460,-301,-162
86,1,toyota,tercel,0.0,0,0.0,0.0,14:55.8,5.063595560468881,-3.6000000000000227,-2.1999999999999886,-2.800000000000012,459.6,-296.8,-172.2,572.6796661310755,456,-299,-175
87,1,toyota,tercel,0.0,0,0.0,0.0,14:56.2,4.409081537009737,-2.6000000000000227,-2.1999999999999886,-2.800000000000012,459.6,-296.8,-172.2,573.4762418792952,457,-299,-175
88,1,toyota,tercel,0.0,0,0.0,0.0,14:56.6,7.863841300534978,2.3999999999999773,-4.199999999999989,6.199999999999988,459.6,-296.8,-172.2,575.8480702407538,462,-301,-166
89,1,toyota,tercel,0.0,0,0.0,0.0,14:57.1,6.216108107168018,-2.6000000000000227,-2.1999999999999886,5.199999999999988,459.6,-296.8,-172.2,571.0858079133118,457,-299,-167
90,1,toyota,tercel,0.0,0,0.0,0.0,14:57.5,4.758150901348135,-3.6000000000000227,-2.1999999999999886,2.1999999999999886,459.6,-296.8,-172.2,571.1716029355803,456,-299,-170
91,1,toyota,tercel,0.0,0,0.0,0.0,14:57.9,2.199999999999973,1.3999999999999773,-1.1999999999999886,1.1999999999999886,459.6,-296.8,-172.2,574.9486933631557,461,-298,-171
92,1,toyota,tercel,0.0,0,0.0,0.0,14:58.3,8.639444426582061,-1.6000000000000227,-2.1999999999999886,8.199999999999989,459.6,-296.8,-172.2,571.0175128662868,458,-299,-164
93,1,toyota,tercel,0.0,0,0.0,0.0,14:58.7,6.280127387243053,-5.600000000000024,-2.1999999999999886,-1.8000000000000114,459.6,-296.8,-172.2,570.7827958164121,454,-299,-174
94,1,toyota,tercel,0.0,0,0.0,0.0,14:59.2,3.3526109228480383,-0.6000000000000227,-3.1999999999999886,-0.8000000000000114,459.6,-296.8,-172.2,574.9869563737948,459,-300,-173
95,1,toyota,tercel,0.0,0,0.0,0.0,14:59.6,8.912911982062859,1.3999999999999773,-3.1999999999999886,8.199999999999989,459.6,-296.8,-172.2,573.9486039707738,461,-300,-164
96,1,toyota,tercel,0.0,0,0.0,0.0,15:00.0,6.606057825965504,-4.600000000000024,-4.199999999999989,2.1999999999999886,459.6,-296.8,-172.2,571.4245357000345,455,-301,-170
97,1,toyota,tercel,0.0,0,0.0,0.0,15:00.4,5.88557558782488,-4.600000000000024,-3.1999999999999886,-1.8000000000000114,459.6,-296.8,-172.2,572.1022635858034,455,-300,-174
98,1,toyota,tercel,0.0,0,0.0,0.0,15:00.9,4.943682837723289,1.3999999999999773,-2.1999999999999886,4.199999999999989,459.6,-296.8,-172.2,574.5833272903069,461,-299,-168
99,1,toyota,tercel,0.0,0,0.0,0.0,15:01.3,7.552483035399669,-0.6000000000000227,-2.1999999999999886,7.199999999999988,459.6,-296.8,-172.2,572.1075073795134,459,-299,-165
100,1,toyota,tercel,0.0,0,0.0,0.0,15:01.7,6.452906321960684,-5.600000000000024,-3.1999999999999886,0.19999999999998866,459.6,-296.8,-172.2,570.701322935211,454,-300,-172
101,1,toyota,tercel,0.0,0,0.0,0.0,15:02.1,3.583294573433783,-1.6000000000000227,-3.1999999999999886,0.19999999999998866,459.6,-296.8,-172.2,573.8884909109087,458,-300,-172
102,1,toyota,tercel,0.0,0,0.0,0.0,15:02.5,8.23650411278958,2.3999999999999773,-3.1999999999999886,7.199999999999988,459.6,-296.8,-172.2,575.0382595966985,462,-300,-165
103,1,toyota,tercel,0.0,0,0.0,0.0,15:03.0,7.088018058667737,-3.6000000000000227,-3.1999999999999886,5.199999999999988,459.6,-296.8,-172.2,570.8108268069202,456,-300,-167
104,1,toyota,tercel,0.0,0,0.0,0.0,15:03.4,5.083306010855557,-4.600000000000024,-1.1999999999999886,-1.8000000000000114,459.6,-296.8,-172.2,571.0560392816103,455,-298,-174
105,1,toyota,tercel,0.0,0,0.0,0.0,15:03.8,4.758150901348111,0.3999999999999773,-2.1999999999999886,4.199999999999989,459.6,-296.8,-172.2,573.7813172280883,460,-299,-168
106,1,toyota,tercel,0.0,0,0.0,0.0,15:04.2,8.487638069569169,-1.6000000000000227,-4.199999999999989,7.199999999999988,459.6,-296.8,-172.2,572.3547850765292,458,-301,-165
107,1,toyota,tercel,0.0,0,0.0,0.0,15:04.6,8.002499609497033,-6.600000000000023,-3.1999999999999886,3.1999999999999886,459.6,-296.8,-172.2,569.0079085566388,453,-300,-169
108,1,toyota,tercel,0.0,0,0.0,0.0,15:05.1,2.332380757938124,-1.6000000000000227,-1.1999999999999886,1.1999999999999886,459.6,-296.8,-172.2,572.5460680154916,458,-298,-171
109,1,toyota,tercel,0.0,0,0.0,0.0,15:05.5,11.560276813294733,-2.6000000000000227,-1.1999999999999886,11.199999999999989,459.6,-296.8,-172.2,568.8356528910613,457,-298,-161
110,1,toyota,tercel,0.0,0,0.0,0.0,15:05.9,14.207040508142445,-11.600000000000026,-0.19999999999998866,8.199999999999989,459.6,-296.8,-172.2,561.9688603472616,448,-297,-164
111,1,toyota,tercel,0.0,0,0.0,0.0,15:06.3,21.56478611069447,-20.600000000000023,4.800000000000012,4.199999999999989,459.6,-296.8,-172.2,553.3615454655302,439,-292,-168
112,1,toyota,tercel,0.0,0,0.0,0.0,15:06.8,51.80193046595853,-44.600000000000016,21.800000000000008,-14.800000000000011,459.6,-296.8,-172.2,531.8072959258833,415,-275,-187
113,1,toyota,tercel,0.0,0,0.0,0.0,15:07.2,61.27511729894931,59.399999999999984,-12.199999999999989,-8.800000000000011,459.6,-296.8,-172.2,630.5576896684395,519,-309,-181
114,1,toyota,tercel,0.0,0,0.0,0.0,15:07.6,74.28754942788191,27.399999999999977,-45.19999999999999,52.19999999999999,459.6,-296.8,-172.2,607.0691888079973,487,-342,-120
115,1,toyota,tercel,0.0,0,0.0,0.0,15:08.0,84.07044665041337,8.399999999999977,72.80000000000003,41.19999999999999,459.6,-296.8,-172.2,535.1270877090786,468,-224,-131
116,1,toyota,tercel,165.04090402079115,2,0.0,0.0,15:08.4,88.72789865651052,10.399999999999975,76.80000000000003,43.19999999999999,459.6,-296.8,-172.2,534.7345135672467,470,-220,-129
117,1,toyota,tercel,165.04090402079115,2,0.0,0.0,15:08.9,89.12822224189148,-5.600000000000024,80.80000000000003,37.19999999999999,459.6,-296.8,-172.2,520.5737219645264,454,-216,-135
118,1,toyota,tercel,165.04090402079115,2,0.0,0.0,15:09.3,105.09919124332023,-18.600000000000023,99.8,27.199999999999992,459.6,-296.8,-172.2,504.29653974620925,441,-197,-145
119,1,toyota,tercel,165.04090402079115,2,0.0,0.0,15:09.7,120.41029856287213,-28.600000000000023,116.8,6.199999999999988,459.6,-296.8,-172.2,495.6984970725652,431,-180,-166
120,1,toyota,tercel,82.52045201039559,1,0.0,0.0,15:10.1,126.6382248770094,-32.600000000000016,121.8,-11.800000000000011,459.6,-296.8,-172.2,496.7997584540476,427,-175,-184
121,1,toyota,tercel,82.52045201039559,1,0.0,0.0,15:10.6,128.86908085339942,-31.600000000000023,124.8,-5.800000000000012,459.6,-296.8,-172.2,494.42087334577616,428,-172,-178
122,1,toyota,tercel,82.52045201039559,1,0.0,0.0,15:11.0,132.79849396736398,-16.600000000000026,126.8,-35.80000000000001,459.6,-296.8,-172.2,518.0859002134684,443,-170,-208
123,1,toyota,tercel,82.52045201039559,1,0.0,0.0,15:11.4,130.8397493118968,-9.600000000000025,126.8,-30.800000000000008,459.6,-296.8,-172.2,522.1197180723976,450,-170,-203
124,1,toyota,tercel,82.52045201039559,1,0.0,0.0,15:11.8,129.48683330748344,-16.600000000000026,125.8,-25.800000000000008,459.6,-296.8,-172.2,514.4842077265347,443,-171,-198
125,1,toyota,tercel,82.52045201039559,1,0.0,0.0,15:12.3,132.3851955469342,-18.600000000000023,125.8,-36.80000000000001,459.6,-296.8,-172.2,517.1102396974943,441,-171,-209
126,1,toyota,tercel,82.52045201039559,1,0.0,0.0,15:12.7,129.8693189325331,-10.600000000000025,121.8,-43.80000000000001,459.6,-296.8,-172.2,528.092794876052,449,-175,-216
127,1,toyota,tercel,82.52045201039559,1,0.0,0.0,15:13.1,130.9573976528245,-12.600000000000026,123.8,-40.80000000000001,459.6,-296.8,-172.2,524.5064346602433,447,-173,-213
128,1,toyota,tercel,82.52045201039559,1,0.0,0.0,15:13.5,131.64209053338527,-14.600000000000026,118.8,-54.80000000000001,459.6,-296.8,-172.2,530.3187720607295,445,-178,-227
129,1,toyota,tercel,82.52045201039559,1,0.0,0.0,15:13.9,130.76712124995336,-9.600000000000025,118.8,-53.80000000000001,459.6,-296.8,-172.2,534.0973693999998,450,-178,-226
130,1,toyota,tercel,82.52045201039559,1,0.0,0.0,15:14.4,129.152777747906,-6.600000000000023,119.8,-47.80000000000001,459.6,-296.8,-172.2,533.7958411228024,453,-177,-220
131,1,toyota,tercel,82.52045201039559,1,0.0,0.0,15:14.8,128.23119745210212,-13.600000000000026,117.8,-48.80000000000001,459.6,-296.8,-172.2,528.959355716486,446,-179,-221
132,1,toyota,tercel,82.52045201039559,1,0.0,0.0,15:15.2,131.85537531704958,-12.600000000000026,118.8,-55.80000000000001,459.6,-296.8,-172.2,532.4255816543754,447,-178,-228
133,1,toyota,tercel,82.52045201039559,1,0.0,0.0,15:15.6,128.22573844591423,-6.600000000000023,118.8,-47.80000000000001,459.6,-296.8,-172.2,534.1282617499284,453,-178,-220
134,1,toyota,tercel,82.52045201039559,1,0.0,0.0,15:16.0,128.86908085339942,-10.600000000000025,118.8,-48.80000000000001,459.6,-296.8,-172.2,531.1553445085533,449,-178,-221
135,1,toyota,tercel,82.52045201039559,1,0.0,0.0,15:16.5,141.80705201082208,-14.600000000000026,125.8,-63.80000000000001,459.6,-296.8,-172.2,531.9417261317259,445,-171,-236
136,1,toyota,tercel,82.52045201039559,1,0.0,0.0,15:16.9,128.91020130307766,-7.600000000000023,117.8,-51.80000000000001,459.6,-296.8,-172.2,535.2765640302217,452,-179,-224
137,1,toyota,tercel,82.52045201039559,1,0.0,0.0,15:17.3,127.04739273200377,-8.600000000000023,117.8,-46.80000000000001,459.6,-296.8,-172.2,532.3560838386277,451,-179,-219
138,1,toyota,tercel,82.52045201039559,1,0.0,0.0,15:17.7,128.72466741071815,-14.600000000000026,117.8,-49.80000000000001,459.6,-296.8,-172.2,528.5357130790692,445,-179,-222
139,1,toyota,tercel,82.52045201039559,1,0.0,0.0,15:18.2,142.29349950015285,-9.600000000000025,125.8,-65.80000000000001,459.6,-296.8,-172.2,537.014897372503,450,-171,-238
140,1,toyota,tercel,82.52045201039559,1,0.0,0.0,15:18.6,142.03253148486797,-4.600000000000024,127.8,-61.80000000000001,459.6,-296.8,-172.2,538.8339261776304,455,-169,-234
141,1,toyota,tercel,82.52045201039559,1,0.0,0.0,15:19.0,128.67416213055364,-12.600000000000026,118.8,-47.80000000000001,459.6,-296.8,-172.2,529.0491470553562,447,-178,-220
142,1,toyota,tercel,82.52045201039559,1,0.0,0.0,15:19.4,131.0215249491472,-12.600000000000026,118.8,-53.80000000000001,459.6,-296.8,-172.2,531.5721964136198,447,-178,-226
143,1,toyota,tercel,82.52045201039559,1,0.0,0.0,15:19.8,130.29290080430326,-6.600000000000023,119.8,-50.80000000000001,459.6,-296.8,-172.2,535.0392508966048,453,-177,-223
144,1,toyota,tercel,82.52045201039559,1,0.0,0.0,15:20.3,127.68414153684084,-9.600000000000025,118.8,-45.80000000000001,459.6,-296.8,-172.2,530.7617167807039,450,-178,-218
145,1,toyota,tercel,82.52045201039559,1,0.0,0.0,15:20.7,130.82216937507192,-14.600000000000026,118.8,-52.80000000000001,459.6,-296.8,-172.2,529.4657684874443,445,-178,-225
146,1,toyota,tercel,82.52045201039559,1,0.0,0.0,15:21.1,131.9577205016819,-7.600000000000023,119.8,-54.80000000000001,459.6,-296.8,-172.2,535.8749854210402,452,-177,-227
147,1,toyota,tercel,82.52045201039559,1,0.0,0.0,15:21.5,130.56814312840635,-8.600000000000023,120.8,-48.80000000000001,459.6,-296.8,-172.2,532.1822995929119,451,-176,-221
148,1,toyota,tercel,82.52045201039559,1,0.0,0.0,15:22.0,137.72741194112376,-13.600000000000026,123.8,-58.80000000000001,459.6,-296.8,-172.2,531.230646706306,446,-173,-231
149,1,toyota,tercel,82.52045201039559,1,0.0,0.0,15:22.4,133.43627692647905,-10.600000000000025,119.8,-57.80000000000001,459.6,-296.8,-172.2,534.6307136706607,449,-177,-230
150,1,toyota,tercel,82.52045201039559,1,0.0,0.0,15:22.8,128.34422464606658,-8.600000000000023,118.8,-47.80000000000001,459.6,-296.8,-172.2,532.4330943883937,451,-178,-220
151,1,toyota,tercel,82.52045201039559,1,0.0,0.0,15:23.2,125.99380937173065,-11.600000000000026,116.8,-45.80000000000001,459.6,-296.8,-172.2,529.7433340779287,448,-180,-218
152,1,toyota,tercel,82.52045201039559,1,0.0,0.0,15:23.6,130.53214163569064,-12.600000000000026,117.8,-54.80000000000001,459.6,-296.8,-172.2,532.3335420579846,447,-179,-227
153,1,toyota,tercel,82.52045201039559,1,0.0,0.0,15:24.1,129.65893721606702,-7.600000000000023,121.8,-43.80000000000001,459.6,-296.8,-172.2,530.6458329243715,452,-175,-216
154,1,toyota,tercel,82.52045201039559,1,0.0,0.0,15:24.5,129.50999961392944,-9.600000000000025,123.8,-36.80000000000001,459.6,-296.8,-172.2,525.4617017442849,450,-173,-209
155,1,toyota,tercel,82.52045201039559,1,0.0,0.0,15:24.9,126.77002800346777,-14.600000000000026,119.8,-38.80000000000001,459.6,-296.8,-172.2,523.3306793987908,445,-177,-211
156,1,toyota,tercel,82.52045201039559,1,0.0,0.0,15:25.3,132.81656523190173,-16.600000000000026,122.8,-47.80000000000001,459.6,-296.8,-172.2,524.3329095145564,443,-174,-220
157,1,toyota,tercel,82.52045201039559,1,0.0,0.0,15:25.7,127.73034095311891,-7.600000000000023,120.8,-40.80000000000001,459.6,-296.8,-172.2,529.763154626669,452,-176,-213
158,1,toyota,tercel,82.52045201039559,1,0.0,0.0,15:26.2,128.4501459711121,-12.600000000000026,121.8,-38.80000000000001,459.6,-296.8,-172.2,524.3615165131781,447,-175,-211
159,1,toyota,tercel,82.52045201039559,1,0.0,0.0,15:26.6,131.4109584471554,-15.600000000000026,121.8,-46.80000000000001,459.6,-296.8,-172.2,525.0923728259629,444,-175,-219
160,1,toyota,tercel,82.52045201039559,1,0.0,0.0,15:27.0,132.4893958020792,-9.600000000000025,122.8,-48.80000000000001,459.6,-296.8,-172.2,530.6759840053062,450,-174,-221
161,1,toyota,tercel,82.52045201039559,1,0.0,0.0,15:27.4,128.19063928384165,-9.600000000000025,121.8,-38.80000000000001,459.6,-296.8,-172.2,526.9212464875561,450,-175,-211
162,1,toyota,tercel,82.52045201039559,1,0.0,0.0,15:27.9,139.40387369079815,-11.600000000000026,130.8,-46.80000000000001,459.6,-296.8,-172.2,525.5673125299936,448,-166,-219
163,1,toyota,tercel,82.52045201039559,1,0.0,0.0,15:28.3,129.90473432481207,-13.600000000000026,120.8,-45.80000000000001,459.6,-296.8,-172.2,526.7029523365138,446,-176,-218
164,1,toyota,tercel,82.52045201039559,1,0.0,0.0,15:28.7,128.72000621504026,-7.600000000000023,120.8,-43.80000000000001,459.6,-296.8,-172.2,530.9764589885318,452,-176,-216
165,1,toyota,tercel,82.52045201039559,1,0.0,0.0,15:29.1,125.6918453997713,-9.600000000000025,119.8,-36.80000000000001,459.6,-296.8,-172.2,526.7921791370862,450,-177,-209
166,1,toyota,tercel,82.52045201039559,1,0.0,0.0,15:29.5,128.7759294278244,-15.600000000000026,120.8,-41.80000000000001,459.6,-296.8,-172.2,523.3622072714078,444,-176,-214
167,1,toyota,tercel,82.52045201039559,1,0.0,0.0,15:30.0,130.91157320878855,-10.600000000000025,121.8,-46.80000000000001,459.6,-296.8,-172.2,529.3269311115769,449,-175,-219
168,1,toyota,tercel,82.52045201039559,1,0.0,0.0,15:30.4,126.2863413041965,-8.600000000000023,120.8,-35.80000000000001,459.6,-296.8,-172.2,526.9165019241664,451,-176,-208
169,1,toyota,tercel,82.52045201039559,1,0.0,0.0,15:30.8,128.19063928384165,-15.600000000000026,121.8,-36.80000000000001,459.6,-296.8,-172.2,521.0009596920144,444,-175,-209
170,1,toyota,tercel,82.52045201039559,1,0.0,0.0,15:31.2,134.43005616304714,-17.600000000000023,127.8,-37.80000000000001,459.6,-296.8,-172.2,517.7113095152548,442,-169,-210
171,1,toyota,tercel,82.52045201039559,1,0.0,0.0,15:31.6,136.10598811220615,-11.600000000000026,130.8,-35.80000000000001,459.6,-296.8,-172.2,521.0796484223886,448,-166,-208
172,1,toyota,tercel,82.52045201039559,1,0.0,0.0,15:32.1,132.79322271863128,-12.600000000000026,127.8,-33.80000000000001,459.6,-296.8,-172.2,520.3902381866901,447,-169,-206
173,1,toyota,tercel,82.52045201039559,1,0.0,0.0,15:32.5,131.45128375181432,-16.600000000000026,124.8,-37.80000000000001,459.6,-296.8,-172.2,519.5507674905311,443,-172,-210
174,1,toyota,tercel,82.52045201039559,1,0.0,0.0,15:32.9,133.16771380481086,-15.600000000000026,125.8,-40.80000000000001,459.6,-296.8,-172.2,521.2926241565289,444,-171,-213
175,1,toyota,tercel,82.52045201039559,1,0.0,0.0,15:33.3,131.32494051017122,-9.600000000000025,126.8,-32.80000000000001,459.6,-296.8,-172.2,522.9005641611031,450,-170,-205
176,1,toyota,tercel,82.52045201039559,1,0.0,0.0,15:33.8,129.7761149056328,-15.600000000000026,125.8,-27.800000000000008,459.6,-296.8,-172.2,516.1172347442002,444,-171,-200
177,1,toyota,tercel,82.52045201039559,1,0.0,0.0,15:34.2,131.15883500550012,-18.600000000000023,124.8,-35.80000000000001,459.6,-296.8,-172.2,517.0386832723448,441,-172,-208
178,1,toyota,tercel,82.52045201039559,1,0.0,0.0,15:34.6,136.97021574050322,-15.600000000000026,133.8,-24.800000000000008,459.6,-296.8,-172.2,512.3612007168382,444,-163,-197
179,1,toyota,tercel,82.52045201039559,1,0.0,0.0,15:35.0,133.29981245298137,-13.600000000000026,130.8,-21.800000000000008,459.6,-296.8,-172.2,513.9143897576716,446,-166,-194
180,1,toyota,tercel,82.52045201039559,1,0.0,0.0,15:35.5,134.42336106495776,-18.600000000000023,130.8,-24.800000000000008,459.6,-296.8,-172.2,510.730848882266,441,-166,-197
181,1,toyota,tercel,82.52045201039559,1,0.0,0.0,15:35.9,134.57429174994758,-17.600000000000023,128.8,-34.80000000000001,459.6,-296.8,-172.2,516.1753578000406,442,-168,-207
182,1,toyota,tercel,82.52045201039559,1,0.0,0.0,15:36.3,129.5408815779791,-15.600000000000026,123.8,-34.80000000000001,459.6,-296.8,-172.2,519.532482141396,444,-173,-207
183,1,toyota,tercel,82.52045201039559,1,0.0,0.0,15:36.7,129.11483261035505,-28.600000000000023,125.8,5.199999999999988,459.6,-296.8,-172.2,492.8397305412785,431,-171,-167
184,1,toyota,tercel,82.52045201039559,1,0.0,0.0,15:37.1,118.76800916071636,-34.600000000000016,109.8,29.199999999999992,459.6,-296.8,-172.2,485.84256709349785,425,-187,-143
185,1,toyota,tercel,165.04090402079115,2,0.0,0.0,15:37.6,103.28717248526071,-16.600000000000026,92.8,42.19999999999999,459.6,-296.8,-172.2,504.7425086120645,443,-204,-130
186,1,toyota,tercel,165.04090402079115,2,0.0,0.0,15:38.0,93.92039182201063,3.3999999999999773,82.80000000000003,44.19999999999999,459.6,-296.8,-172.2,525.8792637098368,463,-214,-128
187,1,toyota,tercel,165.04090402079115,2,0.0,0.0,15:38.4,111.00018018003395,-5.600000000000024,85.80000000000003,70.19999999999999,459.6,-296.8,-172.2,510.9217161170584,454,-211,-102
188,1,toyota,tercel,165.04090402079115,2,0.0,0.0,15:38.8,138.5310073593634,-2.6000000000000227,-72.19999999999997,118.2,459.6,-296.8,-172.2,589.8525239413663,457,-369,-54
189,1,toyota,tercel,0.0,0,0.0,0.0,15:39.2,106.51685312662966,95.39999999999998,-45.19999999999999,14.199999999999989,459.6,-296.8,-172.2,670.7853606035243,555,-342,-158
190,1,toyota,tercel,0.0,0,0.0,0.0,15:39.7,34.96626946072457,-0.6000000000000227,27.800000000000008,21.19999999999999,459.6,-296.8,-172.2,553.0307405560743,459,-269,-151
191,1,toyota,tercel,0.0,0,0.0,0.0,15:40.1,13.335666462535725,-3.6000000000000227,7.800000000000012,10.199999999999989,459.6,-296.8,-172.2,563.649713918139,456,-289,-162
192,1,toyota,tercel,0.0,0,0.0,0.0,15:40.5,6.636264009214842,-5.600000000000024,2.800000000000012,2.1999999999999886,459.6,-296.8,-172.2,566.9673711952038,454,-294,-170
193,1,toyota,tercel,0.0,0,0.0,0.0,15:40.9,2.5377155080898848,0.3999999999999773,-1.1999999999999886,2.1999999999999886,459.6,-296.8,-172.2,573.8501546571196,460,-298,-170
194,1,toyota,tercel,0.0,0,0.0,0.0,15:41.4,3.231098884280688,0.3999999999999773,-0.19999999999998866,3.1999999999999886,459.6,-296.8,-172.2,573.0357754974815,460,-297,-169
195,1,toyota,tercel,0.0,0,0.0,0.0,15:41.8,6.019966777316974,-4.600000000000024,-3.1999999999999886,2.1999999999999886,459.6,-296.8,-172.2,570.8984147814741,455,-300,-170
196,1,toyota,tercel,0.0,0,0.0,0.0,15:42.2,3.6660605559646746,-1.6000000000000227,-3.1999999999999886,-0.8000000000000114,459.6,-296.8,-172.2,574.188993276604,458,-300,-173
197,1,toyota,tercel,0.0,0,0.0,0.0,15:42.6,5.660388679233936,3.3999999999999773,-3.1999999999999886,3.1999999999999886,459.6,-296.8,-172.2,577.0008665504757,463,-300,-169
198,1,toyota,tercel,0.0,0,0.0,0.0,15:43.0,7.5126559883971655,-0.6000000000000227,-4.199999999999989,6.199999999999988,459.6,-296.8,-172.2,573.4439815709987,459,-301,-166
199,1,toyota,tercel,0.0,0,0.0,0.0,15:43.5,6.264183905346347,-4.600000000000024,-3.1999999999999886,-2.800000000000012,459.6,-296.8,-172.2,572.4071977185473,455,-300,-175
200,1,toyota,tercel,0.0,0,0.0,0.0,15:43.9,11.833849753989615,2.3999999999999773,-4.199999999999989,-10.800000000000011,459.6,-296.8,-172.2,580.9767637350053,462,-301,-183
201,1,toyota,tercel,0.0,0,0.0,0.0,15:44.3,7.378346698278666,2.3999999999999773,-3.1999999999999886,6.199999999999988,459.6,-296.8,-172.2,575.3259945457012,462,-300,-166
202,1,toyota,tercel,0.0,0,0.0,0.0,15:44.7,5.51724568965348,-1.6000000000000227,-3.1999999999999886,4.199999999999989,459.6,-296.8,-172.2,572.7023659807946,458,-300,-168
203,1,toyota,tercel,0.0,0,0.0,0.0,15:45.1,6.711184694225018,-3.6000000000000227,-4.199999999999989,-3.8000000000000114,459.6,-296.8,-172.2,574.0322290603551,456,-301,-176
204,1,toyota,tercel,0.0,0,0.0,0.0,15:45.6,6.26418390534631,1.3999999999999773,-5.199999999999988,3.1999999999999886,459.6,-296.8,-172.2,576.4425383331802,461,-302,-169
205,1,toyota,tercel,0.0,0,0.0,0.0,15:46.0,10.001999800039968,2.3999999999999773,-5.199999999999988,8.199999999999989,459.6,-296.8,-172.2,575.7985758926467,462,-302,-164
206,1,toyota,tercel,0.0,0,0.0,0.0,15:46.4,4.386342439892272,-3.6000000000000227,-2.1999999999999886,1.1999999999999886,459.6,-296.8,-172.2,571.4700342100188,456,-299,-171
207,1,toyota,tercel,0.0,0,0.0,0.0,15:46.8,7.088018058667754,-1.6000000000000227,-1.1999999999999886,-6.800000000000012,459.6,-296.8,-172.2,574.9860867881935,458,-298,-179
208,1,toyota,tercel,0.0,0,0.0,0.0,15:47.3,1.8547236990991152,1.3999999999999773,-0.19999999999998866,1.1999999999999886,459.6,-296.8,-172.2,574.4310228391222,461,-297,-171
209,1,toyota,tercel,0.0,0,0.0,0.0,15:47.7,6.135144660071174,-0.6000000000000227,-3.1999999999999886,5.199999999999988,459.6,-296.8,-172.2,573.2102581077908,459,-300,-167
210,1,toyota,tercel,0.0,0,0.0,0.0,15:48.1,5.607138307550486,-4.600000000000024,-3.1999999999999886,0.19999999999998866,459.6,-296.8,-172.2,571.4971565983509,455,-300,-172
211,1,toyota,tercel,0.0,0,0.0,0.0,15:48.5,5.314132102234577,-0.6000000000000227,-2.1999999999999886,-4.800000000000012,459.6,-296.8,-172.2,575.6830725321007,459,-299,-177
212,1,toyota,tercel,0.0,0,0.0,0.0,15:48.9,6.135144660071164,2.3999999999999773,-2.1999999999999886,5.199999999999988,459.6,-296.8,-172.2,575.0947747980327,462,-299,-167
213,1,toyota,tercel,0.0,0,0.0,0.0,15:49.4,2.727636339397195,-2.6000000000000227,-0.19999999999998866,-0.8000000000000114,459.6,-296.8,-172.2,571.8277712738337,457,-297,-173
214,1,toyota,tercel,0.0,0,0.0,0.0,15:49.8,7.323933369440233,-3.6000000000000227,-4.199999999999989,-4.800000000000012,459.6,-296.8,-172.2,574.3396207819899,456,-301,-177
215,1,toyota,tercel,0.0,0,0.0,0.0,15:50.2,7.812809993849854,0.3999999999999773,-0.19999999999998866,-7.800000000000012,459.6,-296.8,-172.2,576.3757454994094,460,-297,-180
216,1,toyota,tercel,0.0,0,0.0,0.0,15:50.6,8.604649905719564,1.3999999999999773,-2.1999999999999886,8.199999999999989,459.6,-296.8,-172.2,573.4265428108469,461,-299,-164
217,1,toyota,tercel,0.0,0,0.0,0.0,15:51.0,6.086049621881198,-4.600000000000024,-1.1999999999999886,-3.8000000000000114,459.6,-296.8,-172.2,571.6686102979592,455,-298,-176
218,1,toyota,tercel,0.0,0,0.0,0.0,15:51.5,4.983974317750857,-0.6000000000000227,-1.1999999999999886,-4.800000000000012,459.6,-296.8,-172.2,575.1643243456604,459,-298,-177
219,1,toyota,tercel,0.0,0,0.0,0.0,15:51.9,3.4985711369071604,1.3999999999999773,-0.19999999999998866,3.1999999999999886,459.6,-296.8,-172.2,573.8388275465508,461,-297,-169
220,1,toyota,tercel,0.0,0,0.0,0.0,15:52.3,5.407402333838308,-2.6000000000000227,-2.1999999999999886,4.199999999999989,459.6,-296.8,-172.2,571.379033567036,457,-299,-168
221,1,toyota,tercel,0.0,0,0.0,0.0,15:52.7,7.696752561957562,-3.6000000000000227,-0.19999999999998866,-6.800000000000012,459.6,-296.8,-172.2,572.8752045602953,456,-297,-179
222,1,toyota,tercel,0.0,0,0.0,0.0,15:53.2,4.0049968789001635,0.3999999999999773,-1.1999999999999886,-3.8000000000000114,459.6,-296.8,-172.2,575.656147365769,460,-298,-176
223,1,toyota,tercel,0.0,0,0.0,0.0,15:53.6,2.199999999999973,1.3999999999999773,-1.1999999999999886,1.1999999999999886,459.6,-296.8,-172.2,574.9486933631557,461,-298,-171
224,1,toyota,tercel,0.0,0,0.0,0.0,15:54.0,3.1048349392520147,-2.6000000000000227,-1.1999999999999886,1.1999999999999886,459.6,-296.8,-172.2,571.7464472998498,457,-298,-171
225,1,toyota,tercel,0.0,0,0.0,0.0,15:54.4,6.82934843158557,-3.6000000000000227,-0.19999999999998866,-5.800000000000012,459.6,-296.8,-172.2,572.5635335925613,456,-297,-178
226,1,toyota,tercel,0.0,0,0.0,0.0,15:54.8,3.136877428271624,1.3999999999999773,-0.19999999999998866,-2.800000000000012,459.6,-296.8,-172.2,575.6344326045828,461,-297,-175
227,1,toyota,tercel,0.0,0,0.0,0.0,15:55.3,5.388877434122975,1.3999999999999773,-0.19999999999998866,5.199999999999988,459.6,-296.8,-172.2,573.2529982477197,461,-297,-167
228,1,toyota,tercel,0.0,0,0.0,0.0,15:55.7,3.6932370625239015,-3.6000000000000227,-0.19999999999998866,-0.8000000000000114,459.6,-296.8,-172.2,571.0288959413525,456,-297,-173
229,1,toyota,tercel,0.0,0,0.0,0.0,15:56.1,6.019966777316982,-1.6000000000000227,-0.19999999999998866,-5.800000000000012,459.6,-296.8,-172.2,574.1576438575038,458,-297,-178
230,1,toyota,tercel,0.0,0,0.0,0.0,15:56.5,3.6932370625238553,3.3999999999999773,0.8000000000000114,1.1999999999999886,459.6,-296.8,-172.2,575.5223714157427,463,-296,-171
231,1,toyota,tercel,0.0,0,0.0,0.0,15:56.9,3.2619012860600107,-0.6000000000000227,-0.19999999999998866,3.1999999999999886,459.6,-296.8,-172.2,572.2333440127375,459,-297,-169
232,1,toyota,tercel,0.0,0,0.0,0.0,15:57.4,6.755738301621837,-4.600000000000024,-1.1999999999999886,-4.800000000000012,459.6,-296.8,-172.2,571.9772722757435,455,-298,-177
233,1,toyota,tercel,0.0,0,0.0,0.0,15:57.8,4.882622246293493,0.3999999999999773,0.8000000000000114,-4.800000000000012,459.6,-296.8,-172.2,574.9304305739956,460,-296,-177
234,1,toyota,tercel,0.0,0,0.0,0.0,15:58.2,3.929376540877688,3.3999999999999773,1.8000000000000114,-0.8000000000000114,459.6,-296.8,-172.2,575.6066365149032,463,-295,-173
235,1,toyota,tercel,0.0,0,0.0,0.0,15:58.6,3.773592452822668,-3.6000000000000227,0.8000000000000114,-0.8000000000000114,459.6,-296.8,-172.2,570.5094214822399,456,-296,-173
236,1,toyota,tercel,0.0,0,0.0,0.0,15:59.1,9.50999474237501,-3.6000000000000227,-0.19999999999998866,-8.800000000000011,459.6,-296.8,-172.2,573.5032693891118,456,-297,-181
237,1,toyota,tercel,0.0,0,0.0,0.0,15:59.5,3.231098884280688,2.3999999999999773,-1.1999999999999886,-1.8000000000000114,459.6,-296.8,-172.2,576.6489399972917,462,-298,-174
238,1,toyota,tercel,0.0,0,0.0,0.0,15:59.9,3.231098884280688,0.3999999999999773,-0.19999999999998866,3.1999999999999886,459.6,-296.8,-172.2,573.0357754974815,460,-297,-169
239,1,toyota,tercel,0.0,0,0.0,0.0,16:00.3,7.696752561957562,-3.6000000000000227,-0.19999999999998866,-6.800000000000012,459.6,-296.8,-172.2,572.8752045602953,456,-297,-179
240,1,toyota,tercel,0.0,0,0.0,0.0,16:00.7,5.063595560468881,-1.6000000000000227,-0.19999999999998866,-4.800000000000012,459.6,-296.8,-172.2,573.8484120392773,458,-297,-177
241,1,toyota,tercel,0.0,0,0.0,0.0,16:01.2,4.903060268852487,2.3999999999999773,0.8000000000000114,4.199999999999989,459.6,-296.8,-172.2,573.8327282405562,462,-296,-168
242,1,toyota,tercel,0.0,0,0.0,0.0,16:01.6,12.650691680694795,-3.6000000000000227,11.800000000000011,-2.800000000000012,459.6,-296.8,-172.2,565.4962422509985,456,-285,-175
243,1,toyota,tercel,0.0,0,0.0,0.0,16:02.0,7.059745037889138,-3.6000000000000227,1.8000000000000114,-5.800000000000012,459.6,-296.8,-172.2,571.5286519501888,456,-295,-178
244,1,toyota,tercel,0.0,0,0.0,0.0,16:02.4,0.9165151389911655,0.3999999999999773,-0.19999999999998866,-0.8000000000000114,459.6,-296.8,-172.2,574.228177643696,460,-297,-173
245,1,toyota,tercel,0.0,0,0.0,0.0,16:02.8,6.359245238233858,1.3999999999999773,5.800000000000012,2.1999999999999886,459.6,-296.8,-172.2,571.0534125631333,461,-291,-170
246,1,toyota,tercel,0.0,0,0.0,0.0,16:03.3,7.657675887630685,-4.600000000000024,4.800000000000012,-3.8000000000000114,459.6,-296.8,-172.2,568.5639805685901,455,-292,-176
247,1,toyota,tercel,0.0,0,0.0,0.0,16:03.7,17.27541605866558,-1.6000000000000227,6.800000000000012,-15.800000000000011,459.6,-296.8,-172.2,573.7665030306317,458,-290,-188
248,1,toyota,tercel,0.0,0,0.0,0.0,16:04.1,3.8781438859330537,2.3999999999999773,2.800000000000012,1.1999999999999886,459.6,-296.8,-172.2,573.6906832082948,462,-294,-171
249,1,toyota,tercel,0.0,0,0.0,0.0,16:04.5,3.8000000000000176,-3.6000000000000227,-0.19999999999998866,1.1999999999999886,459.6,-296.8,-172.2,570.4261564830281,456,-297,-171
250,1,toyota,tercel,0.0,0,0.0,0.0,16:05.0,7.40540343262947,-4.600000000000024,-0.19999999999998866,-5.800000000000012,459.6,-296.8,-172.2,571.7674352391888,455,-297,-178
251,1,toyota,tercel,0.0,0,0.0,0.0,16:05.4,2.8354893757515724,0.3999999999999773,2.800000000000012,0.19999999999998866,459.6,-296.8,-172.2,572.3809919974632,460,-294,-172
252,1,toyota,tercel,0.0,0,0.0,0.0,16:05.8,14.650597257449965,1.3999999999999773,9.800000000000011,-10.800000000000011,459.6,-296.8,-172.2,573.0436283565152,461,-287,-183
253,1,toyota,tercel,0.0,0,0.0,0.0,16:06.2,7.2138755187485994,-4.600000000000024,2.800000000000012,-4.800000000000012,459.6,-296.8,-172.2,569.9035006033916,455,-294,-177
254,1,toyota,tercel,0.0,0,0.0,0.0,16:06.6,10.518555033843784,-2.6000000000000227,2.800000000000012,-9.800000000000011,459.6,-296.8,-172.2,573.0698037761193,457,-294,-182
255,1,toyota,tercel,0.0,0,0.0,0.0,16:07.1,4.8414873747640845,2.3999999999999773,1.8000000000000114,-3.8000000000000114,459.6,-296.8,-172.2,575.7126019117525,462,-295,-176
256,1,toyota,tercel,0.0,0,0.0,0.0,16:07.5,2.87054001888148,-0.6000000000000227,2.800000000000012,0.19999999999998866,459.6,-296.8,-172.2,571.5776412701953,459,-294,-172
257,1,toyota,tercel,0.0,0,0.0,0.0,16:07.9,9.046546302318935,-4.600000000000024,3.8000000000000114,-6.800000000000012,459.6,-296.8,-172.2,570.0131577428717,455,-293,-179
258,1,toyota,tercel,0.0,0,0.0,0.0,16:08.3,11.047171583713201,-0.6000000000000227,7.800000000000012,-7.800000000000012,459.6,-296.8,-172.2,571.4910323005953,459,-289,-180
259,1,toyota,tercel,0.0,0,0.0,0.0,16:08.7,9.002221947941527,2.3999999999999773,7.800000000000012,-3.8000000000000114,459.6,-296.8,-172.2,572.6613309801876,462,-289,-176
260,1,toyota,tercel,0.0,0,0.0,0.0,16:09.2,5.462600113499086,-2.6000000000000227,4.800000000000012,0.19999999999998866,459.6,-296.8,-172.2,568.9437582046227,457,-292,-172
261,1,toyota,tercel,0.0,0,0.0,0.0,16:09.6,9.478396488858252,-4.600000000000024,2.800000000000012,-7.800000000000012,459.6,-296.8,-172.2,570.8423600259532,455,-294,-180
262,1,toyota,tercel,0.0,0,0.0,0.0,16:10.0,5.314132102234577,1.3999999999999773,1.8000000000000114,-4.800000000000012,459.6,-296.8,-172.2,575.2173502251128,461,-295,-177
263,1,toyota,tercel,0.0,0,0.0,0.0,16:10.4,4.2941821107167675,2.3999999999999773,2.800000000000012,2.1999999999999886,459.6,-296.8,-172.2,573.3934077053904,462,-294,-170
264,1,toyota,tercel,0.0,0,0.0,0.0,16:10.9,6.468384651518518,-3.6000000000000227,3.8000000000000114,-3.8000000000000114,459.6,-296.8,-172.2,569.8780571315235,456,-293,-176
265,1,toyota,tercel,0.0,0,0.0,0.0,16:11.3,12.001666550942021,-3.6000000000000227,3.8000000000000114,-10.800000000000011,459.6,-296.8,-172.2,572.0786659192947,456,-293,-183
266,1,toyota,tercel,0.0,0,0.0,0.0,16:11.7,2.6532998322843064,2.3999999999999773,0.8000000000000114,-0.8000000000000114,459.6,-296.8,-172.2,575.3164346687829,462,-296,-173
267,1,toyota,tercel,0.0,0,0.0,0.0,16:12.1,1.5620499351813366,-0.6000000000000227,0.8000000000000114,1.1999999999999886,459.6,-296.8,-172.2,572.3093569041134,459,-296,-171
268,1,toyota,tercel,0.0,0,0.0,0.0,16:12.5,7.592101158440949,-5.600000000000024,1.8000000000000114,-4.800000000000012,459.6,-296.8,-172.2,569.6226821326553,454,-295,-177
269,1,toyota,tercel,0.0,0,0.0,0.0,16:13.0,8.627861844049217,-3.6000000000000227,0.8000000000000114,-7.800000000000012,459.6,-296.8,-172.2,572.6709351800562,456,-296,-180
