,Backward,Brand,Car_Status1,Car_Status2,Car_Status3,Car_Status4,Category,Class,Class_Target,EnvMag1_X,EnvMag1_Y,EnvMag1_Z,EnvMag2_X,EnvMag2_Y,EnvMag2_Z,EnvMag3_X,EnvMag3_Y,EnvMag3_Z,EnvMag4_X,EnvMag4_Y,EnvMag4_Z,Forward,Sideway,time,Mag_CarLen,Mag_CarX,Mag_CarY,Mag_CarZ,Mag_EnvX,Mag_EnvY,Mag_EnvZ,Mag_Len,Mag_X,Mag_Y,Mag_Z,Mag_Zcompoment_norm,Mag_performance_XY_plane,Mag_cosine_variations_product_XY_plane,Mag_cosine_variations_Kcriterion,Mag_square_deviation,Mag_vectorial_deviation,Mag_combined_vectorial_deviation,Mag_weighting_vectorial_deviation,Mag_each_axis_difference,Mag_each_axis_distance
0,1,nisson,0,0,0,0,teana,0.0,0,177.0,-104.0,-157.0,199.0,-74.0,-244.0,304.0,-53.0,-194.0,318.0,-134.0,-111.0,0.0,0.0,18:24.2,0.0,0.0,0.0,0.0,177.0,-104.0,-157.0,258.44535205725794,177,-104,-157,0.0,684.3894326185135,,0.0,0.0,0.0,0.0,0.0,0.0,0.0
1,1,nisson,0,0,0,0,teana,0.0,0,177.0,-104.0,-157.0,199.0,-74.0,-244.0,304.0,-53.0,-194.0,318.0,-134.0,-111.0,0.0,0.0,18:24.6,2.449489742783178,1.0,-2.0,-1.0,177.0,-104.0,-157.0,260.54558142482483,178,-106,-158,6.369426751592355,685.4227068354727,0.37959071851615095,1.2484391071400036,2.449489742783178,7.173682055938658,12.484391071400037,12.484391071400037,6.0,4.0
2,1,nisson,0,0,0,0,teana,0.0,0,177.5,-105.0,-158.0,198.0,-73.5,-245.0,303.5,-53.5,-197.0,318.5,-135.0,-110.5,0.0,0.0,18:25.0,1.5,0.5,-1.0,-1.0,177.5,-105.0,-158.0,261.1532117359463,178,-106,-159,12.73885350318471,685.4227068354727,0.9386777564145358,1.9496790980919942,3.0,8.117420699610856,19.496790980919943,19.496790980919943,6.0,5.0
3,1,nisson,0,0,0,0,teana,0.0,0,177.5,-105.0,-158.0,198.0,-73.5,-245.0,303.5,-53.5,-197.0,318.5,-135.0,-110.5,0.0,0.0,18:25.5,3.2015621187164243,-0.5,-1.0,3.0,177.5,-105.0,-158.0,258.05038267749194,177,-106,-155,-12.73885350318471,685.851544523549,-0.12529327919918193,-0.3324263534813465,2.8284271247461903,16.235213783861447,-3.3242635348134653,-3.3242635348134653,8.0,4.0
4,1,nisson,0,0,0,0,teana,0.0,0,177.75,-105.0,-157.0,198.5,-73.75,-246.0,303.25,-53.75,-197.0,318.75,-135.5,-110.25,0.0,0.0,18:25.9,1.0307764064044151,0.25,0.0,1.0,177.75,-105.0,-157.0,258.93049260371015,178,-105,-156,-6.369426751592355,684.6943409901618,-0.8297267431047285,-0.06824912573962783,1.7320508075688772,10.68716720962881,-0.6824912573962783,-0.6824912573962783,4.0,3.0
5,1,nisson,0,0,0,0,teana,0.0,0,177.75,-105.0,-157.0,198.5,-73.75,-246.0,303.25,-53.75,-197.0,318.75,-135.5,-110.25,0.0,0.0,18:26.3,0.75,-0.75,0.0,0.0,177.75,-105.0,-157.0,258.84937705159734,177,-105,-157,0.0,685.1282835943028,0.33042321766503036,0.43041253232666277,1.0,5.252308040370246,4.304125323266628,4.304125323266628,2.0,1.0
6,1,nisson,0,0,0,0,teana,0.0,0,177.75,-105.0,-157.0,198.5,-73.75,-246.0,303.25,-53.75,-197.0,318.75,-135.5,-110.25,0.0,0.0,18:26.7,1.25,-0.75,-1.0,0.0,177.75,-105.0,-157.0,259.25662961629354,177,-106,-157,0.0,685.851544523549,0.3320004756836498,0.8598244813488809,2.0,10.499194045529903,8.598244813488808,8.598244813488808,4.0,2.0
7,1,nisson,0,0,0,0,teana,0.0,0,177.75,-105.0,-157.0,198.5,-73.75,-246.0,303.25,-53.75,-197.0,318.75,-135.5,-110.25,0.0,0.0,18:27.2,2.25,0.25,-1.0,-2.0,177.75,-105.0,-157.0,261.1532117359463,178,-106,-159,12.73885350318471,685.4227068354727,0.9386777564145358,1.9496790980919942,3.0,8.117420699610856,19.496790980919943,19.496790980919943,6.0,5.0
8,1,nisson,0,0,0,0,teana,0.0,0,177.75,-105.0,-157.0,198.5,-73.75,-246.0,303.25,-53.75,-197.0,318.75,-135.5,-110.25,0.0,0.0,18:27.6,3.1721443851123796,0.25,-1.0,3.0,177.75,-105.0,-157.0,258.13949717158744,178,-106,-154,-19.108280254777064,685.4227068354727,-0.5696772147402055,-0.619841166620938,3.7416573867739413,23.811724978294645,-6.19841166620938,-6.19841166620938,10.0,6.0
9,1,nisson,0,0,0,0,teana,0.0,0,177.75,-105.0,-157.0,198.5,-73.75,-246.0,303.25,-53.75,-197.0,318.75,-135.5,-110.25,0.0,0.0,18:28.0,1.600781059358212,-0.75,-1.0,-1.0,177.75,-105.0,-157.0,259.8634256681767,177,-106,-158,6.369426751592355,685.851544523549,0.6794572877507432,1.5607150237994583,2.23606797749979,9.770891018768769,15.607150237994583,15.607150237994583,4.0,3.0
10,1,nisson,0,0,0,0,teana,0.0,0,177.7625,-105.05,-157.15,198.475,-73.7625,-246.0,303.2375,-53.8125,-197.05,318.7625,-135.375,-110.2375,0.0,0.0,18:28.4,3.0135371658567576,0.2375000000000113,-0.9500000000000028,-2.8499999999999943,177.7625,-105.05,-157.15,261.7632518135424,178,-106,-160,19.108280254777064,685.4227068354727,1.913662170300738,2.650873797656428,3.7416573867739413,11.161288011450443,26.508737976564277,26.508737976564277,8.0,6.0
11,1,nisson,0,0,0,0,teana,0.0,0,177.7625,-105.05,-157.15,198.475,-73.7625,-246.0,303.2375,-53.8125,-197.05,318.7625,-135.375,-110.2375,0.0,0.0,18:28.8,2.281755081072464,-0.7624999999999886,0.04999999999999717,2.1500000000000057,177.7625,-105.05,-157.15,257.64122340960887,177,-105,-155,-12.73885350318471,685.1282835943028,-0.4160809249080366,-0.5463987665604908,2.23606797749979,13.141586617491042,-5.463987665604908,-5.463987665604908,6.0,3.0
12,1,nisson,0,0,0,0,teana,0.0,0,177.7625,-105.05,-157.15,198.475,-73.7625,-246.0,303.2375,-53.8125,-197.05,318.7625,-135.375,-110.2375,0.0,0.0,18:29.3,2.0991441708467757,-0.7624999999999886,-1.9500000000000028,0.15000000000000568,177.7625,-105.05,-157.15,259.66709456533,177,-107,-157,0.0,686.5593820808177,0.333575224800913,1.2882229660361844,3.0,15.740436750541543,12.882229660361844,12.882229660361844,6.0,3.0
13,1,nisson,0,0,0,0,teana,0.0,0,177.7625,-105.05,-157.15,198.475,-73.7625,-246.0,303.2375,-53.8125,-197.05,318.7625,-135.375,-110.2375,0.0,0.0,18:29.7,0.2853178052628452,0.2375000000000113,0.04999999999999717,0.15000000000000568,177.7625,-105.05,-157.15,259.53419813196103,178,-105,-157,0.0,684.6943409901618,-0.45259759491250545,0.3144594507964227,1.4142135623730951,5.693201230552392,3.144594507964227,3.144594507964227,4.0,2.0
14,1,nisson,0,0,0,0,teana,0.0,0,177.7625,-105.05,-157.15,198.475,-73.7625,-246.0,303.2375,-53.8125,-197.05,318.7625,-135.375,-110.2375,0.0,0.0,18:30.1,2.6327563977702098,-1.7624999999999886,-1.9500000000000028,0.15000000000000568,177.7625,-105.05,-157.15,258.9864861339294,176,-107,-157,0.0,686.9822473193886,0.492625112795605,1.603499781215667,3.1622776601683795,17.30428152263441,16.03499781215667,16.03499781215667,6.0,4.0
15,1,nisson,0,0,0,0,teana,0.0,0,177.7625,-105.05,-157.15,198.475,-73.7625,-246.0,303.2375,-53.8125,-197.05,318.7625,-135.375,-110.2375,0.0,0.0,18:30.5,2.259735880584274,-0.7624999999999886,-1.9500000000000028,-0.8499999999999943,177.7625,-105.05,-157.15,260.2729336677174,177,-107,-158,6.369426751592355,686.5593820808177,0.5527077910342614,1.9879150176428328,3.1622776601683795,13.93318878702271,19.87915017642833,19.87915017642833,6.0,4.0
16,1,nisson,0,0,0,0,teana,0.0,0,177.724375,-105.0475,-157.1425,198.45125,-73.824375,-246.0,303.225625,-53.721875,-197.0975,318.824375,-135.35625,-110.175625,0.0,0.0,18:31.0,0.7397848610407058,-0.7243750000000091,0.04749999999999943,0.1425000000000125,177.724375,-105.0475,-157.1425,258.84937705159734,177,-105,-157,0.0,685.1282835943028,0.33042321766503036,0.43041253232666277,1.0,5.252308040370246,4.304125323266628,4.304125323266628,2.0,1.0
17,1,nisson,0,0,0,0,teana,0.0,0,177.724375,-105.0475,-157.1425,198.45125,-73.824375,-246.0,303.225625,-53.721875,-197.0975,318.824375,-135.35625,-110.175625,0.0,0.0,18:31.4,1.6544732214892577,-0.7243750000000091,-0.9525000000000006,1.1425000000000125,177.724375,-105.0475,-157.1425,258.65227623201,177,-106,-156,-6.369426751592355,685.851544523549,0.07393571535105371,0.1588931290972706,2.23606797749979,12.310540856707242,1.588931290972706,1.588931290972706,6.0,3.0
18,1,nisson,0,0,0,0,teana,0.0,0,177.724375,-105.0475,-157.1425,198.45125,-73.824375,-246.0,303.225625,-53.721875,-197.0975,318.824375,-135.35625,-110.175625,0.0,0.0,18:31.8,1.9770006678362555,0.2756249999999909,-1.9525000000000008,0.1425000000000125,177.724375,-105.0475,-157.1425,260.3497647396671,178,-107,-157,0.0,686.1357239657073,0.13621826963459224,0.9748105265193652,3.1622776601683795,14.19170366508915,9.74810526519365,9.74810526519365,8.0,4.0
19,1,nisson,0,0,0,0,teana,0.0,0,177.724375,-105.0475,-157.1425,198.45125,-73.824375,-246.0,303.225625,-53.721875,-197.0975,318.824375,-135.35625,-110.175625,0.0,0.0,18:32.2,1.472169025833988,-0.7243750000000091,-0.9525000000000006,-0.8574999999999875,177.724375,-105.0475,-157.1425,259.8634256681767,177,-106,-158,6.369426751592355,685.851544523549,0.6794572877507432,1.5607150237994583,2.23606797749979,9.770891018768769,15.607150237994583,15.607150237994583,4.0,3.0
20,1,nisson,0,0,0,0,teana,0.0,0,177.724375,-105.0475,-157.1425,198.45125,-73.824375,-246.0,303.225625,-53.721875,-197.0975,318.824375,-135.35625,-110.175625,0.0,0.0,18:32.6,1.5127893576519584,0.2756249999999909,-0.9525000000000006,1.1425000000000125,177.724375,-105.0475,-157.1425,259.3376177880872,178,-106,-156,-6.369426751592355,685.4227068354727,-0.23700892856131311,0.1457690018893676,2.449489742783178,13.773158377836825,1.4576900188936759,1.4576900188936759,6.0,4.0
21,1,nisson,0,0,0,0,teana,0.0,0,177.724375,-105.0475,-157.1425,198.45125,-73.824375,-246.0,303.225625,-53.721875,-197.0975,318.824375,-135.35625,-110.175625,0.0,0.0,18:33.1,2.7905701282399207,-0.7243750000000091,-1.9525000000000008,-1.8574999999999875,177.724375,-105.0475,-157.1425,260.88119901595053,177,-107,-159,12.73885350318471,686.5593820808177,0.825935492230873,2.6875651697440492,3.605551275463989,16.131097884128643,26.875651697440496,26.875651697440496,6.0,5.0
22,1,nisson,0,0,0,0,teana,0.0,0,177.6881563,-105.045125,-157.185375,198.4286875,-73.83315625,-246.0,303.2143438,-53.68578125,-197.042625,318.8331563,-135.3384375,-110.1168438,0.0,0.0,18:33.5,1.0673374581076525,-0.6881563000000028,0.04512499999999875,-0.8146250000000066,177.6881563,-105.045125,-157.185375,259.45712555256597,177,-105,-158,6.369426751592355,685.1282835943028,1.1687955016705571,1.1325095949551611,1.4142135623730951,6.440960201439861,11.325095949551612,11.325095949551612,2.0,2.0
23,1,nisson,0,0,0,0,teana,0.0,0,177.6881563,-105.045125,-157.185375,198.4286875,-73.83315625,-246.0,303.2143438,-53.68578125,-197.042625,318.8331563,-135.3384375,-110.1168438,0.0,0.0,18:33.9,3.800224894592379,-0.6881563000000028,-1.9548750000000013,3.1853749999999934,177.6881563,-105.045125,-157.185375,257.864305401116,177,-107,-154,-19.108280254777064,686.5593820808177,-0.12305524807534733,-0.5024303542243425,4.242640687119285,24.349168837856595,-5.024303542243425,-5.024303542243425,12.0,6.0
24,1,nisson,0,0,0,0,teana,0.0,0,177.6881563,-105.045125,-157.185375,198.4286875,-73.83315625,-246.0,303.2143438,-53.68578125,-197.042625,318.8331563,-135.3384375,-110.1168438,0.0,0.0,18:34.3,1.1915155263275816,-0.6881563000000028,-0.9548750000000013,0.1853749999999934,177.6881563,-105.045125,-157.185375,259.25662961629354,177,-106,-157,0.0,685.851544523549,0.3320004756836498,0.8598244813488809,2.0,10.499194045529903,8.598244813488808,8.598244813488808,4.0,2.0
25,1,nisson,0,0,0,0,teana,0.0,0,177.6881563,-105.045125,-157.185375,198.4286875,-73.83315625,-246.0,303.2143438,-53.68578125,-197.042625,318.8331563,-135.3384375,-110.1168438,0.0,0.0,18:34.8,3.3958738565323143,-0.6881563000000028,-0.9548750000000013,3.1853749999999934,177.6881563,-105.045125,-157.185375,257.4509662052174,177,-106,-154,-19.108280254777064,685.851544523549,-0.2837407014162436,-0.7140306623015236,3.605551275463989,21.2743358858577,-7.140306623015236,-7.140306623015236,10.0,5.0
26,1,nisson,0,0,0,0,teana,0.0,0,177.6881563,-105.045125,-157.185375,198.4286875,-73.83315625,-246.0,303.2143438,-53.68578125,-197.042625,318.8331563,-135.3384375,-110.1168438,0.0,0.0,18:35.2,2.9219038056513216,-1.6881563000000028,-0.9548750000000013,2.1853749999999934,177.6881563,-105.045125,-157.185375,257.36549885328446,176,-106,-155,-12.73885350318471,686.2796923747775,0.10698001123440726,-0.2267416355995977,3.0,15.693630408096848,-2.267416355995977,-2.267416355995977,8.0,5.0
27,1,nisson,0,0,0,0,teana,0.0,0,177.6881563,-105.045125,-157.185375,198.4286875,-73.83315625,-246.0,303.2143438,-53.68578125,-197.042625,318.8331563,-135.3384375,-110.1168438,0.0,0.0,18:35.6,3.383381717967938,-1.6881563000000028,-1.9548750000000013,2.1853749999999934,177.6881563,-105.045125,-157.185375,257.7789750930048,176,-107,-155,-12.73885350318471,686.9822473193886,0.16633921244545952,0.20481413781179847,3.7416573867739413,20.975204402024772,2.0481413781179847,2.0481413781179847,10.0,6.0
28,1,nisson,0,0,0,0,teana,0.0,0,177.55374840000005,-105.0928688,-157.0261063,198.2572531,-73.89149844,-245.85,303.1036266000001,-53.85149219,-196.8404938,318.6414984,-135.4215156,-110.06100159999998,0.0,0.0,18:36.0,4.062245345054362,-2.5537484000000177,-0.9071311999999948,3.026106300000009,177.55374840000005,-105.0928688,-157.0261063,256.0800656044902,175,-106,-154,-19.108280254777064,686.7070797039278,0.1287685326763607,-0.6097093616627025,4.123105625617661,19.115290377422212,-6.097093616627025,-6.097093616627025,10.0,7.0
29,1,nisson,0,0,0,0,teana,0.0,0,177.55374840000005,-105.0928688,-157.0261063,198.2572531,-73.89149844,-245.85,303.1036266000001,-53.85149219,-196.8404938,318.6414984,-135.4215156,-110.06100159999998,0.0,0.0,18:36.4,7.119747372162577,-5.5537484000000195,-1.9071311999999951,4.026106300000009,177.55374840000005,-105.0928688,-157.0261063,253.85428891393585,172,-107,-153,-25.47770700636942,688.6643040170766,0.38282730557427175,0.09280581116790088,7.0710678118654755,31.176327636774747,0.9280581116790088,0.9280581116790088,18.0,12.0
30,1,nisson,0,0,0,0,teana,0.0,0,177.55374840000005,-105.0928688,-157.0261063,198.2572531,-73.89149844,-245.85,303.1036266000001,-53.85149219,-196.8404938,318.6414984,-135.4215156,-110.06100159999998,0.0,0.0,18:36.9,16.423259196743384,-12.553748400000016,-6.907131199999995,8.02610630000001,177.55374840000005,-105.0928688,-157.0261063,248.93774322107123,165,-112,-149,-50.95541401273884,694.5082963819568,0.46411423474866154,1.8598113815900708,16.492422502470642,78.48882155115366,18.598113815900707,18.598113815900707,40.0,28.0
31,1,nisson,0,0,0,0,teana,0.0,0,177.55374840000005,-105.0928688,-157.0261063,198.2572531,-73.89149844,-245.85,303.1036266000001,-53.85149219,-196.8404938,318.6414984,-135.4215156,-110.06100159999998,0.0,0.0,18:37.3,79.7655763349292,-78.55374840000002,-12.907131199999995,5.026106300000009,177.55374840000005,-105.0928688,-157.0261063,216.40009242142204,99,-118,-152,-31.847133757961778,704.4118083798971,1.5913926812186818,33.841136383627834,79.40403012442127,465.18263497258715,338.4113638362783,338.4113638362783,166.0,97.0
32,1,nisson,0,0,0,0,teana,328.99534725359086,1,177.55374840000005,-105.0928688,-157.0261063,198.2572531,-73.89149844,-245.85,303.1036266000001,-53.85149219,-196.8404938,318.6414984,-135.4215156,-110.06100159999998,0.0,0.0,18:37.7,624.277847318198,13.446251599999984,14.092868800000005,-623.9738937000002,177.55374840000005,-105.0928688,-157.0261063,809.1495535437192,191,-91,-781,3974.522292993631,666.445087761933,-1.547942006256198,471.32787004345226,624.2923994411593,1096.4888258654687,4713.278700434523,4713.278700434523,1276.0,651.0
33,1,nisson,0,0,0,0,teana,657.9906945071817,2,177.55374840000005,-105.0928688,-157.0261063,198.2572531,-73.89149844,-245.85,303.1036266000001,-53.85149219,-196.8404938,318.6414984,-135.4215156,-110.06100159999998,0.0,0.0,18:38.1,256.3930333754086,75.44625159999998,182.0928688,-163.9738937,177.55374840000005,-105.0928688,-157.0261063,415.90744162613885,253,77,-321,1044.5859872611468,332.7561323230812,-0.13029826002801687,170.86853825929768,255.79874901961503,828.4272144885431,1708.6853825929768,1708.6853825929768,690.0,421.0
34,1,nisson,2,2,2,2,teana,657.9906945071817,2,177.55374840000005,-105.0928688,-157.0261063,198.2572531,-73.89149844,-245.85,303.1036266000001,-53.85149219,-196.8404938,318.6414984,-135.4215156,-110.06100159999998,0.0,0.0,18:38.6,153.72194044196624,52.44625159999998,90.09286879999999,-112.9738937,177.55374840000005,-105.0928688,-157.0261063,355.0,230,-15,-270,719.7452229299364,531.4796216557077,-0.10267034473734922,111.68748501787262,153.29383549249462,550.2144874090695,1116.8748501787263,1116.8748501787263,404.0,255.0
35,1,nisson,2,2,2,2,teana,657.9906945071817,2,177.55374840000005,-105.0928688,-157.0261063,198.2572531,-73.89149844,-245.85,303.1036266000001,-53.85149219,-196.8404938,318.6414984,-135.4215156,-110.06100159999998,0.0,0.0,18:39.0,108.61450349581965,30.446251599999986,83.09286879999998,-62.97389369999999,177.55374840000005,-105.0928688,-157.0261063,303.55889049737937,208,-22,-220,401.2738853503184,549.8177276997976,0.0010318835027577917,73.15469092532734,107.95369377654477,447.5303190941229,731.5469092532734,731.5469092532734,290.0,176.0
36,1,nisson,2,2,2,2,teana,657.9906945071817,2,177.55374840000005,-105.0928688,-157.0261063,198.2572531,-73.89149844,-245.85,303.1036266000001,-53.85149219,-196.8404938,318.6414984,-135.4215156,-110.06100159999998,0.0,0.0,18:39.4,110.17196933904476,8.446251599999982,101.09286879999999,-42.97389369999999,177.55374840000005,-105.0928688,-157.0261063,273.1519723523885,186,-4,-200,273.8853503184713,510.63462236182664,-0.010121406578478098,66.55723407989204,109.22453936730518,516.4016091366841,665.5723407989204,665.5723407989204,286.0,152.0
37,1,nisson,2,2,2,2,teana,657.9906945071817,2,177.55374840000005,-105.0928688,-157.0261063,198.2572531,-73.89149844,-245.85,303.1036266000001,-53.85149219,-196.8404938,318.6414984,-135.4215156,-110.06100159999998,0.0,0.0,18:39.8,84.8496157518902,-5.5537484000000195,74.09286879999998,-40.97389369999999,177.55374840000005,-105.0928688,-157.0261063,264.10035971198516,172,-31,-198,261.1464968152866,580.7590384402729,-0.11787234909139807,57.97697767513393,83.87490685538792,460.85975534107394,579.7697767513394,579.7697767513394,228.0,119.0
38,1,nisson,2,2,2,2,teana,657.9906945071817,2,177.55374840000005,-105.0928688,-157.0261063,198.2572531,-73.89149844,-245.85,303.1036266000001,-53.85149219,-196.8404938,318.6414984,-135.4215156,-110.06100159999998,0.0,0.0,18:40.3,87.9736321464757,-6.553748400000018,78.09286879999998,-39.97389369999999,177.55374840000005,-105.0928688,-157.0261063,262.25750704221986,171,-27,-197,254.77707006369423,571.8627694010399,-0.10964429585740476,58.70643877229155,86.97700845625813,475.9789059621453,587.0643877229155,587.0643877229155,234.0,123.0
39,1,nisson,2,2,2,2,teana,657.9906945071817,2,177.55374840000005,-105.0928688,-157.0261063,198.2572531,-73.89149844,-245.85,303.1036266000001,-53.85149219,-196.8404938,318.6414984,-135.4215156,-110.06100159999998,0.0,0.0,18:40.7,87.1399959619199,-4.553748400000019,75.09286879999998,-43.97389369999999,177.55374840000005,-105.0928688,-157.0261063,266.8894902389376,173,-30,-201,280.25477707006365,578.0778425268522,-0.1263998079553367,60.69108099886815,86.18584570566097,472.29821387858425,606.9108099886815,606.9108099886815,236.0,122.0
40,1,nisson,2,2,2,2,teana,657.9906945071817,2,177.55374840000005,-105.0928688,-157.0261063,198.2572531,-73.89149844,-245.85,303.1036266000001,-53.85149219,-196.8404938,318.6414984,-135.4215156,-110.06100159999998,0.0,0.0,18:41.1,102.63417747340998,-4.553748400000019,93.09286879999999,-42.97389369999999,177.55374840000005,-105.0928688,-157.0261063,264.7130521904804,173,-12,-200,273.8853503184713,533.4004227967982,-0.08773100494032353,66.22858633774999,101.63168797181321,536.4570840297087,662.2858633774998,662.2858633774998,270.0,139.0
41,1,nisson,2,2,2,2,teana,657.9906945071817,2,177.55374840000005,-105.0928688,-157.0261063,198.2572531,-73.89149844,-245.85,303.1036266000001,-53.85149219,-196.8404938,318.6414984,-135.4215156,-110.06100159999998,0.0,0.0,18:41.5,92.96050829703665,-6.553748400000018,81.09286879999998,-44.97389369999999,177.55374840000005,-105.0928688,-157.0261063,265.7461194448566,171,-24,-202,286.624203821656,564.6413027620165,-0.13262981784405087,64.01116188102297,91.98369420718001,506.132882460953,640.1116188102297,640.1116188102297,250.0,131.0
42,1,nisson,2,2,2,2,teana,657.9906945071817,2,177.55374840000005,-105.0928688,-157.0261063,198.2572531,-73.89149844,-245.85,303.1036266000001,-53.85149219,-196.8404938,318.6414984,-135.4215156,-110.06100159999998,0.0,0.0,18:41.9,94.121542683083,-4.553748400000019,83.09286879999998,-43.97389369999999,177.55374840000005,-105.0928688,-157.0261063,266.1090002235926,173,-22,-201,280.25477707006365,559.0813236719756,-0.10869928706335356,63.474281874561036,93.14504817756014,502.33910390991474,634.7428187456103,634.7428187456103,252.0,130.0
43,1,nisson,2,2,2,2,teana,657.9906945071817,2,177.55374840000005,-105.0928688,-157.0261063,198.2572531,-73.89149844,-245.85,303.1036266000001,-53.85149219,-196.8404938,318.6414984,-135.4215156,-110.06100159999998,0.0,0.0,18:42.4,100.41207414770105,-4.553748400000019,88.09286879999998,-47.97389369999999,177.55374840000005,-105.0928688,-157.0261063,268.78057965559935,173,-17,-205,305.732484076433,546.500730570537,-0.12152649293855637,68.61066462401442,99.443451267542,535.599555631131,686.1066462401442,686.1066462401442,270.0,139.0
44,1,nisson,2,2,2,2,teana,657.9906945071817,2,177.55374840000005,-105.0928688,-157.0261063,198.2572531,-73.89149844,-245.85,303.1036266000001,-53.85149219,-196.8404938,318.6414984,-135.4215156,-110.06100159999998,0.0,0.0,18:42.8,85.12568427944305,-7.553748400000018,73.09286879999998,-42.97389369999999,177.55374840000005,-105.0928688,-157.0261063,264.4314656012026,170,-32,-200,273.8853503184713,583.8638016797327,-0.14917144580536004,59.72527843183237,84.15461959987698,472.22855577879835,597.2527843183237,597.2527843183237,230.0,122.0
45,1,nisson,2,2,2,2,teana,657.9906945071817,2,177.55374840000005,-105.0928688,-157.0261063,198.2572531,-73.89149844,-245.85,303.1036266000001,-53.85149219,-196.8404938,318.6414984,-135.4215156,-110.06100159999998,0.0,0.0,18:43.2,91.4806276970344,-5.5537484000000195,81.09286879999998,-41.97389369999999,177.55374840000005,-105.0928688,-157.0261063,264.1230773711377,172,-24,-199,267.51592356687894,564.3004636384765,-0.10802088244203782,61.270811196322626,90.49309365912958,491.15029327825397,612.7081119632263,612.7081119632263,244.0,127.0
46,1,nisson,2,2,2,2,teana,657.9906945071817,2,177.55374840000005,-105.0928688,-157.0261063,198.2572531,-73.89149844,-245.85,303.1036266000001,-53.85149219,-196.8404938,318.6414984,-135.4215156,-110.06100159999998,0.0,0.0,18:43.6,96.82526450799614,-4.553748400000019,85.09286879999998,-45.97389369999999,177.55374840000005,-105.0928688,-157.0261063,267.4658856751642,173,-20,-203,292.99363057324837,554.1129088586463,-0.11614573900067453,65.86767516203163,95.85405573057407,517.1798978595712,658.6767516203163,658.6767516203163,260.0,134.0
47,1,nisson,2,2,2,2,teana,657.9906945071817,2,177.55374840000005,-105.0928688,-157.0261063,198.2572531,-73.89149844,-245.85,303.1036266000001,-53.85149219,-196.8404938,318.6414984,-135.4215156,-110.06100159999998,0.0,0.0,18:44.1,97.78457312400265,-6.553748400000018,87.09286879999998,-43.97389369999999,177.55374840000005,-105.0928688,-157.0261063,264.51086934188544,171,-18,-201,280.25477707006365,549.5951187197245,-0.11481189896354387,65.29988464847744,96.78842906050289,525.1587079377701,652.9988464847745,652.9988464847745,260.0,136.0
48,1,nisson,2,2,2,2,teana,657.9906945071817,2,177.55374840000005,-105.0928688,-157.0261063,198.2572531,-73.89149844,-245.85,303.1036266000001,-53.85149219,-196.8404938,318.6414984,-135.4215156,-110.06100159999998,0.0,0.0,18:44.5,105.28751640172457,-4.553748400000019,93.09286879999999,-48.97389369999999,177.55374840000005,-105.0928688,-157.0261063,269.27495241852705,173,-12,-206,312.1019108280254,533.4004227967982,-0.11848335354650161,71.23422738169822,104.31203190428226,557.7791537974525,712.3422738169822,712.3422738169822,282.0,145.0
49,1,nisson,2,2,2,2,teana,657.9906945071817,2,177.55374840000005,-105.0928688,-157.0261063,198.2572531,-73.89149844,-245.85,303.1036266000001,-53.85149219,-196.8404938,318.6414984,-135.4215156,-110.06100159999998,0.0,0.0,18:44.9,87.0791396135918,-5.5537484000000195,76.09286879999998,-41.97389369999999,177.55374840000005,-105.0928688,-157.0261063,264.62426192622627,172,-29,-199,267.51592356687894,576.1701679613795,-0.11913976082702146,59.52188545846966,86.10458756651704,472.23406621470355,595.2188545846966,595.2188545846966,234.0,122.0
50,1,nisson,2,2,2,2,teana,657.9906945071817,2,177.55374840000005,-105.0928688,-157.0261063,198.2572531,-73.89149844,-245.85,303.1036266000001,-53.85149219,-196.8404938,318.6414984,-135.4215156,-110.06100159999998,0.0,0.0,18:45.3,98.5875414149446,-4.553748400000019,87.09286879999998,-45.97389369999999,177.55374840000005,-105.0928688,-157.0261063,267.32377372766535,173,-18,-203,292.99363057324837,549.0591683206768,-0.11253998889608431,66.57747129791632,97.61147473529944,524.681337951517,665.7747129791632,665.7747129791632,264.0,136.0
51,1,nisson,2,2,2,2,teana,657.9906945071817,2,177.55374840000005,-105.0928688,-157.0261063,198.2572531,-73.89149844,-245.85,303.1036266000001,-53.85149219,-196.8404938,318.6414984,-135.4215156,-110.06100159999998,0.0,0.0,18:45.8,111.104604586144,-4.553748400000019,98.09286879999999,-51.97389369999999,177.55374840000005,-105.0928688,-157.0261063,271.4019159843939,173,-7,-209,331.21019108280245,519.8058727126486,-0.12594667448305294,75.52576373333622,110.13173929435601,586.644550842196,755.2576373333621,755.2576373333621,298.0,153.0
52,1,nisson,2,2,2,2,teana,657.9906945071817,2,177.55374840000005,-105.0928688,-157.0261063,198.2572531,-73.89149844,-245.85,303.1036266000001,-53.85149219,-196.8404938,318.6414984,-135.4215156,-110.06100159999998,0.0,0.0,18:46.2,94.19965304736219,-4.553748400000019,82.09286879999998,-45.97389369999999,177.55374840000005,-105.0928688,-157.0261063,267.7069293088993,173,-23,-203,292.99363057324837,561.5331301895546,-0.12207364936427206,64.81201852658788,93.23625904121208,505.93994925589413,648.1201852658788,648.1201852658788,254.0,131.0
53,1,nisson,2,2,2,2,teana,657.9906945071817,2,177.55374840000005,-105.0928688,-157.0261063,198.2572531,-73.89149844,-245.85,303.1036266000001,-53.85149219,-196.8404938,318.6414984,-135.4215156,-110.06100159999998,0.0,0.0,18:46.6,110.18320010529473,-4.553748400000019,98.09286879999999,-49.97389369999999,177.55374840000005,-105.0928688,-157.0261063,269.86478095520357,173,-7,-207,318.47133757961774,519.8058727126486,-0.11635149845558074,73.87411017557426,109.20164833920778,579.842058419265,738.7411017557426,738.7411017557426,294.0,151.0
54,1,nisson,2,2,2,2,teana,657.9906945071817,2,177.55374840000005,-105.0928688,-157.0261063,198.2572531,-73.89149844,-245.85,303.1036266000001,-53.85149219,-196.8404938,318.6414984,-135.4215156,-110.06100159999998,0.0,0.0,18:47.0,97.30405764634594,-4.553748400000019,85.09286879999998,-46.97389369999999,177.55374840000005,-105.0928688,-157.0261063,268.2256512714621,173,-20,-204,299.3630573248407,554.1129088586463,-0.12165916377428476,66.70901187691878,96.33794683301072,520.8021984134677,667.0901187691878,667.0901187691878,262.0,135.0
55,1,nisson,2,2,2,2,teana,657.9906945071817,2,177.55374840000005,-105.0928688,-157.0261063,198.2572531,-73.89149844,-245.85,303.1036266000001,-53.85149219,-196.8404938,318.6414984,-135.4215156,-110.06100159999998,0.0,0.0,18:47.5,102.43282326014165,-5.5537484000000195,88.09286879999998,-51.97389369999999,177.55374840000005,-105.0928688,-157.0261063,271.2084069493422,172,-17,-209,331.21019108280245,546.7545288757855,-0.14913791637020238,72.15996112032809,101.47906187977893,553.5359788854986,721.599611203281,721.599611203281,278.0,144.0
56,1,nisson,2,2,2,2,teana,657.9906945071817,2,177.55374840000005,-105.0928688,-157.0261063,198.2572531,-73.89149844,-245.85,303.1036266000001,-53.85149219,-196.8404938,318.6414984,-135.4215156,-110.06100159999998,0.0,0.0,18:47.9,90.732226029363,-6.553748400000018,79.09286879999998,-43.97389369999999,177.55374840000005,-105.0928688,-157.0261063,265.17541364161195,171,-26,-201,280.25477707006365,569.4783391560425,-0.13145103782719184,62.46207798736818,89.7552226892675,494.87630690877836,624.6207798736818,624.6207798736818,244.0,128.0
57,1,nisson,2,2,2,2,teana,0.0,0,177.55374840000005,-105.0928688,-157.0261063,198.2572531,-73.89149844,-245.85,303.1036266000001,-53.85149219,-196.8404938,318.6414984,-135.4215156,-110.06100159999998,0.0,0.0,18:48.3,38.380766412923755,-15.553748400000016,-33.907131199999995,9.02610630000001,177.55374840000005,-105.0928688,-157.0261063,259.7479547561444,162,-139,-148,-57.3248407643312,705.0514541126346,0.4609637700492956,13.65859479303001,39.1279950930277,231.60618910314622,136.5859479303001,136.5859479303001,88.0,59.0
58,1,nisson,2,2,2,2,teana,0.0,0,177.55374840000005,-105.0928688,-157.0261063,198.2572531,-73.89149844,-245.85,303.1036266000001,-53.85149219,-196.8404938,318.6414984,-135.4215156,-110.06100159999998,0.0,0.0,18:48.7,38.031216036874454,-15.553748400000016,-32.907131199999995,11.02610630000001,177.55374840000005,-105.0928688,-157.0261063,258.0775077375012,162,-138,-146,-70.06369426751591,704.8548430432512,0.4318866901664797,11.939915275447245,38.7556447501522,231.21984696930764,119.39915275447244,119.39915275447244,90.0,60.0
59,1,nisson,2,2,2,2,teana,0.0,0,177.55374840000005,-105.0928688,-157.0261063,198.2572531,-73.89149844,-245.85,303.1036266000001,-53.85149219,-196.8404938,318.6414984,-135.4215156,-110.06100159999998,0.0,0.0,18:49.1,39.67373173326926,-16.553748400000018,-34.907131199999995,9.02610630000001,177.55374840000005,-105.0928688,-157.0261063,259.6632434519757,161,-140,-148,-57.3248407643312,705.3921185441457,0.4740673500509964,14.425934447942135,40.4103947023535,239.0937023115123,144.25934447942134,144.25934447942134,90.0,61.0
60,1,nisson,2,2,2,2,teana,0.0,0,177.55374840000005,-105.0928688,-157.0261063,198.2572531,-73.89149844,-245.85,303.1036266000001,-53.85149219,-196.8404938,318.6414984,-135.4215156,-110.06100159999998,0.0,0.0,18:49.6,37.06972542174296,-15.553748400000016,-32.907131199999995,7.026106300000008,177.55374840000005,-105.0928688,-157.0261063,260.36128744496557,162,-138,-150,-44.585987261146485,704.8548430432512,0.49090096069595923,14.569257558058036,37.815340802378074,221.63456693161498,145.69257558058035,145.69257558058035,82.0,56.0
61,1,nisson,2,2,2,2,teana,0.0,0,177.55374840000005,-105.0928688,-157.0261063,198.2572531,-73.89149844,-245.85,303.1036266000001,-53.85149219,-196.8404938,318.6414984,-135.4215156,-110.06100159999998,0.0,0.0,18:50.0,39.041554014196414,-16.553748400000018,-33.907131199999995,10.02610630000001,177.55374840000005,-105.0928688,-157.0261063,258.55560330420224,161,-139,-147,-63.694267515923556,705.2130841171274,0.45988314913865985,13.367581734317447,39.761790704142086,236.30552132106098,133.67581734317446,133.67581734317446,90.0,61.0
62,1,nisson,2,2,2,2,teana,0.0,0,177.55374840000005,-105.0928688,-157.0261063,198.2572531,-73.89149844,-245.85,303.1036266000001,-53.85149219,-196.8404938,318.6414984,-135.4215156,-110.06100159999998,0.0,0.0,18:50.4,38.85605573965808,-15.553748400000016,-34.907131199999995,7.026106300000008,177.55374840000005,-105.0928688,-157.0261063,261.4268540146555,162,-140,-150,-44.585987261146485,705.2379841280854,0.48970729864754636,15.371861984756684,39.6232255123179,232.00886610700655,153.71861984756686,153.71861984756686,86.0,58.0
63,1,nisson,2,2,2,1,teana,0.0,0,177.55374840000005,-105.0928688,-157.0261063,198.2572531,-73.89149844,-245.85,303.1036266000001,-53.85149219,-196.8404938,318.6414984,-135.4215156,-110.06100159999998,0.0,0.0,18:50.8,36.66138358059357,-14.553748400000016,-32.907131199999995,7.026106300000008,177.55374840000005,-105.0928688,-157.0261063,260.98467387952115,163,-138,-150,-44.585987261146485,704.680382511775,0.47725798839515665,14.208111260764989,37.429934544425805,219.39922676236256,142.08111260764989,142.08111260764989,82.0,55.0
64,1,nisson,2,2,2,1,teana,0.0,0,177.55374840000005,-105.0928688,-157.0261063,198.2572531,-73.89149844,-245.85,303.1036266000001,-53.85149219,-196.8404938,318.6414984,-135.4215156,-110.06100159999998,0.0,0.0,18:51.3,39.4582409268763,-16.553748400000018,-34.907131199999995,8.02610630000001,177.55374840000005,-105.0928688,-157.0261063,260.23450962545303,161,-140,-149,-50.95541401273884,705.3921185441457,0.48824587762780564,15.080630559895013,40.19950248448356,236.67974337752085,150.80630559895013,150.80630559895013,88.0,60.0
65,1,nisson,2,1,2,1,teana,0.0,0,177.55374840000005,-105.0928688,-157.0261063,198.2572531,-73.89149844,-245.85,303.1036266000001,-53.85149219,-196.8404938,318.6414984,-135.4215156,-110.06100159999998,0.0,0.0,18:51.7,40.15858258508903,-15.553748400000016,-35.90713119999999,9.02610630000001,177.55374840000005,-105.0928688,-157.0261063,260.82369524259104,162,-141,-148,-57.3248407643312,705.4145987272741,0.4613619853054739,14.461916744338577,40.92676385936225,241.98942045008377,144.61916744338578,144.61916744338578,92.0,61.0
66,1,nisson,2,1,2,1,teana,0.0,0,177.55374840000005,-105.0928688,-157.0261063,198.2572531,-73.89149844,-245.85,303.1036266000001,-53.85149219,-196.8404938,318.6414984,-135.4215156,-110.06100159999998,0.0,0.0,18:52.1,38.21039242723655,-16.553748400000018,-33.907131199999995,6.026106300000008,177.55374840000005,-105.0928688,-157.0261063,260.85053191435134,161,-139,-151,-38.21656050955413,705.2130841171274,0.5185457463620092,15.990211807100751,38.948684188300895,226.72163003117518,159.90211807100752,159.90211807100752,82.0,57.0
67,1,nisson,2,1,1,1,teana,0.0,0,177.55374840000005,-105.0928688,-157.0261063,198.2572531,-73.89149844,-245.85,303.1036266000001,-53.85149219,-196.8404938,318.6414984,-135.4215156,-110.06100159999998,0.0,0.0,18:52.5,39.26704170730736,-16.553748400000018,-34.907131199999995,7.026106300000008,177.55374840000005,-105.0928688,-157.0261063,260.8083587617544,161,-140,-150,-44.585987261146485,705.3921185441457,0.5026757652973041,15.735328642105594,40.01249804748511,234.28285291384123,157.35328642105594,157.35328642105594,86.0,59.0
68,1,nisson,1,1,1,1,teana,0.0,0,177.55374840000005,-105.0928688,-157.0261063,198.2572531,-73.89149844,-245.85,303.1036266000001,-53.85149219,-196.8404938,318.6414984,-135.4215156,-110.06100159999998,0.0,0.0,18:53.0,38.380766412923755,-15.553748400000016,-33.907131199999995,9.02610630000001,177.55374840000005,-105.0928688,-157.0261063,259.7479547561444,162,-139,-148,-57.3248407643312,705.0514541126346,0.4609637700492956,13.65859479303001,39.1279950930277,231.60618910314622,136.5859479303001,136.5859479303001,88.0,59.0
69,1,nisson,1,1,1,1,teana,0.0,0,177.55374840000005,-105.0928688,-157.0261063,198.2572531,-73.89149844,-245.85,303.1036266000001,-53.85149219,-196.8404938,318.6414984,-135.4215156,-110.06100159999998,0.0,0.0,18:53.4,39.77438771424918,-15.553748400000016,-34.907131199999995,11.02610630000001,177.55374840000005,-105.0928688,-157.0261063,259.1524647770111,162,-140,-146,-70.06369426751591,705.2379841280854,0.43354555963686725,12.750235938978694,40.52159917870962,241.6696503504283,127.50235938978693,127.50235938978693,94.0,62.0
70,1,nisson,1,1,1,1,teana,0.0,0,177.55374840000005,-105.0928688,-157.0261063,198.2572531,-73.89149844,-245.85,303.1036266000001,-53.85149219,-196.8404938,318.6414984,-135.4215156,-110.06100159999998,0.0,0.0,18:53.8,38.95890320893821,-16.553748400000018,-34.907131199999995,5.026106300000009,177.55374840000005,-105.0928688,-157.0261063,261.9637379485947,161,-140,-152,-31.847133757961778,705.3921185441457,0.5323132434458742,17.044726484486716,39.71145930332956,229.53993995285305,170.44726484486716,170.44726484486716,82.0,57.0
71,1,nisson,1,1,1,1,teana,0.0,0,177.55374840000005,-105.0928688,-157.0261063,198.2572531,-73.89149844,-245.85,303.1036266000001,-53.85149219,-196.8404938,318.6414984,-135.4215156,-110.06100159999998,0.0,0.0,18:54.2,38.62816903560685,-15.553748400000016,-33.907131199999995,10.02610630000001,177.55374840000005,-105.0928688,-157.0261063,259.1794744959562,162,-139,-147,-63.694267515923556,705.0514541126346,0.446706809393994,13.002230272892422,39.370039370059054,234.02054737483968,130.02230272892425,130.02230272892425,90.0,60.0
72,1,nisson,1,1,1,1,teana,0.0,0,177.55374840000005,-105.0928688,-157.0261063,198.2572531,-73.89149844,-245.85,303.1036266000001,-53.85149219,-196.8404938,318.6414984,-135.4215156,-110.06100159999998,0.0,0.0,18:54.6,40.345595043863405,-16.553748400000018,-35.90713119999999,8.02610630000001,177.55374840000005,-105.0928688,-157.0261063,260.7738483820799,161,-141,-149,-50.95541401273884,705.561258309684,0.48788799209842754,15.480794428785105,41.09744517606904,241.86556548095518,154.80794428785106,154.80794428785106,90.0,61.0
73,1,nisson,1,1,1,1,teana,0.0,0,177.55374840000005,-105.0928688,-157.0261063,198.2572531,-73.89149844,-245.85,303.1036266000001,-53.85149219,-196.8404938,318.6414984,-135.4215156,-110.06100159999998,0.0,0.0,18:55.1,40.39509831456553,-15.553748400000016,-35.90713119999999,10.02610630000001,177.55374840000005,-105.0928688,-157.0261063,260.2575647315559,162,-141,-147,-63.694267515923556,705.4145987272741,0.44777452349183394,13.807460064924493,41.15823125451335,244.42230759536466,138.07460064924493,138.07460064924493,94.0,62.0
74,1,nisson,1,1,1,1,teana,0.0,0,177.55374840000005,-105.0928688,-157.0261063,198.2572531,-73.89149844,-245.85,303.1036266000001,-53.85149219,-196.8404938,318.6414984,-135.4215156,-110.06100159999998,0.0,0.0,18:55.5,38.157974498699694,-15.553748400000016,-33.907131199999995,8.02610630000001,177.55374840000005,-105.0928688,-157.0261063,260.31903503201613,162,-139,-149,-50.95541401273884,705.0514541126346,0.47547771552388285,14.314962732390256,38.91015291668744,229.20897509069394,143.14962732390256,143.14962732390256,86.0,58.0
75,1,nisson,1,1,1,1,teana,0.0,0,177.55374840000005,-105.0928688,-157.0261063,198.2572531,-73.89149844,-245.85,303.1036266000001,-53.85149219,-196.8404938,318.6414984,-135.4215156,-110.06100159999998,0.0,0.0,18:55.9,37.50025290639272,-15.553748400000016,-32.907131199999995,9.02610630000001,177.55374840000005,-105.0928688,-157.0261063,259.21419714205473,162,-138,-148,-57.3248407643312,704.8548430432512,0.46085700557075054,13.254580333916943,38.23610858861032,226.39278285474674,132.54580333916942,132.54580333916942,86.0,58.0
76,1,nisson,1,1,1,1,teana,0.0,0,177.55374840000005,-105.0928688,-157.0261063,198.2572531,-73.89149844,-245.85,303.1036266000001,-53.85149219,-196.8404938,318.6414984,-135.4215156,-110.06100159999998,0.0,0.0,18:56.3,39.4582409268763,-16.553748400000018,-34.907131199999995,8.02610630000001,177.55374840000005,-105.0928688,-157.0261063,260.23450962545303,161,-140,-149,-50.95541401273884,705.3921185441457,0.48824587762780564,15.080630559895013,40.19950248448356,236.67974337752085,150.80630559895013,150.80630559895013,88.0,60.0
77,1,nisson,1,1,1,1,teana,0.0,0,177.55374840000005,-105.0928688,-157.0261063,198.2572531,-73.89149844,-245.85,303.1036266000001,-53.85149219,-196.8404938,318.6414984,-135.4215156,-110.06100159999998,0.0,0.0,18:56.8,37.27219815684897,-15.553748400000016,-32.907131199999995,8.02610630000001,177.55374840000005,-105.0928688,-157.0261063,259.7864507629295,162,-138,-149,-50.95541401273884,704.8548430432512,0.47574154006805947,13.911918046676487,38.01315561749642,224.00511176079962,139.11918046676485,139.11918046676485,84.0,57.0
78,1,nisson,1,1,1,1,teana,0.0,0,177.55374840000005,-105.0928688,-157.0261063,198.2572531,-73.89149844,-245.85,303.1036266000001,-53.85149219,-196.8404938,318.6414984,-135.4215156,-110.06100159999998,0.0,0.0,18:57.2,38.842553039719405,-16.553748400000018,-34.907131199999995,4.026106300000009,177.55374840000005,-105.0928688,-157.0261063,262.54523419784255,161,-140,-153,-25.47770700636942,705.3921185441457,0.5475331362470793,17.69942416855499,39.59797974644666,227.19374703369965,176.9942416855499,176.9942416855499,80.0,56.0
79,1,nisson,1,1,1,1,teana,0.0,0,177.55374840000005,-105.0928688,-157.0261063,198.2572531,-73.89149844,-245.85,303.1036266000001,-53.85149219,-196.8404938,318.6414984,-135.4215156,-110.06100159999998,0.0,0.0,18:57.6,38.686425286441434,-16.553748400000018,-34.907131199999995,2.026106300000009,177.55374840000005,-105.0928688,-157.0261063,263.71575607081195,161,-140,-155,-12.73885350318471,705.3921185441457,0.5788075440748296,19.008811992292472,39.44616584663204,222.55145749978388,190.08811992292473,190.08811992292473,76.0,54.0
80,1,nisson,1,1,1,1,teana,0.0,0,177.55374840000005,-105.0928688,-157.0261063,198.2572531,-73.89149844,-245.85,303.1036266000001,-53.85149219,-196.8404938,318.6414984,-135.4215156,-110.06100159999998,0.0,0.0,18:58.0,188.7635645728365,-26.55374840000001,-178.90713119999995,54.02610630000001,177.55374840000005,-105.0928688,-157.0261063,337.73658374537985,151,-284,-103,-343.9490445859873,676.2064685773124,0.5422530907389631,33.230714685952854,189.71557658769086,978.7633079429356,332.30714685952853,332.30714685952853,468.0,260.0
81,1,nisson,1,1,1,1,teana,0.0,0,177.55374840000005,-105.0928688,-157.0261063,198.2572531,-73.89149844,-245.85,303.1036266000001,-53.85149219,-196.8404938,318.6414984,-135.4215156,-110.06100159999998,0.0,0.0,18:58.5,67.81948099656482,-15.553748400000016,-64.90713120000001,12.02610630000001,177.55374840000005,-105.0928688,-157.0261063,275.98731854924057,162,-170,-145,-76.43312101910826,706.9015847860613,0.4583204350223873,23.501188350060744,68.7386354243376,393.53706571899403,235.0118835006074,235.0118835006074,156.0,93.0
82,1,nisson,1,1,1,1,teana,657.9906945071817,2,177.55374840000005,-105.0928688,-157.0261063,198.2572531,-73.89149844,-245.85,303.1036266000001,-53.85149219,-196.8404938,318.6414984,-135.4215156,-110.06100159999998,0.0,0.0,18:58.9,82.8761758350578,-8.553748400000018,72.09286879999998,-39.97389369999999,177.55374840000005,-105.0928688,-157.0261063,261.64670836836456,169,-33,-197,254.77707006369423,586.5553831804314,-0.14099795398140336,57.00141342056089,81.88406438373708,460.6822143716311,570.0141342056089,570.0141342056089,222.0,119.0
83,1,nisson,1,1,1,1,teana,657.9906945071817,2,177.55374840000005,-105.0928688,-157.0261063,198.2572531,-73.89149844,-245.85,303.1036266000001,-53.85149219,-196.8404938,318.6414984,-135.4215156,-110.06100159999998,0.0,0.0,18:59.3,69.68968677102384,-9.553748400000018,60.09286880000001,-33.97389369999999,177.55374840000005,-105.0928688,-157.0261063,258.3215051055564,168,-45,-191,216.56050955414008,612.3420683636643,-0.1512325183531829,47.927709924959245,68.68769904429759,394.62676244323507,479.2770992495924,479.2770992495924,186.0,102.0
84,1,nisson,1,1,1,1,teana,657.9906945071817,2,177.55374840000005,-105.0928688,-157.0261063,198.2572531,-73.89149844,-245.85,303.1036266000001,-53.85149219,-196.8404938,318.6414984,-135.4215156,-110.06100159999998,0.0,0.0,18:59.7,65.76444103345986,-9.553748400000018,56.09286880000001,-32.97389369999999,177.55374840000005,-105.0928688,-157.0261063,258.3118270617898,168,-49,-190,210.19108280254773,620.0,-0.16213209199508644,45.73916192295401,64.7688196588451,375.26712146466843,457.3916192295401,457.3916192295401,176.0,97.0
85,1,nisson,1,1,1,1,teana,657.9906945071817,2,177.55374840000005,-105.0928688,-157.0261063,198.2572531,-73.89149844,-245.85,303.1036266000001,-53.85149219,-196.8404938,318.6414984,-135.4215156,-110.06100159999998,0.0,0.0,19:00.1,56.48640464787449,-11.553748400000016,47.09286880000001,-28.97389369999999,177.55374840000005,-105.0928688,-157.0261063,255.9609345193129,166,-58,-186,184.7133757961783,636.9396428764104,-0.20663240809366107,39.685030314429824,55.47972602672079,331.3317972473486,396.85030314429827,396.85030314429827,150.0,86.0
86,1,nisson,1,1,1,1,teana,657.9906945071817,2,177.55374840000005,-105.0928688,-157.0261063,198.2572531,-73.89149844,-245.85,303.1036266000001,-53.85149219,-196.8404938,318.6414984,-135.4215156,-110.06100159999998,0.0,0.0,19:00.6,54.10440971532186,-10.553748400000018,45.09286880000001,-27.97389369999999,177.55374840000005,-105.0928688,-157.0261063,256.347420505844,167,-60,-185,178.34394904458594,639.6117407364139,-0.19842537081458145,38.00974165425032,53.103672189407014,315.95180152602035,380.09741654250325,380.09741654250325,144.0,82.0
87,1,nisson,1,1,1,1,teana,657.9906945071817,2,177.55374840000005,-105.0928688,-157.0261063,198.2572531,-73.89149844,-245.85,303.1036266000001,-53.85149219,-196.8404938,318.6414984,-135.4215156,-110.06100159999998,0.0,0.0,19:01.0,47.85435403433439,-10.553748400000018,38.09286880000001,-26.97389369999999,177.55374840000005,-105.0928688,-157.0261063,257.35967050025533,167,-67,-184,171.97452229299358,650.2207914588049,-0.2531637532682045,35.00116265978969,46.88283267892417,285.5113180067102,350.0116265978969,350.0116265978969,128.0,74.0
88,1,nisson,1,1,1,1,teana,657.9906945071817,2,177.55374840000005,-105.0928688,-157.0261063,198.2572531,-73.89149844,-245.85,303.1036266000001,-53.85149219,-196.8404938,318.6414984,-135.4215156,-110.06100159999998,0.0,0.0,19:01.4,48.334813474796974,-12.553748400000016,38.09286880000001,-26.97389369999999,177.55374840000005,-105.0928688,-157.0261063,256.06639763936226,165,-67,-184,171.97452229299358,651.3770879757257,-0.2877348450483884,35.32299839010263,47.34976240700686,292.34057067135086,353.22998390102634,353.22998390102634,128.0,76.0
89,1,nisson,1,1,1,1,teana,657.9906945071817,2,177.55374840000005,-105.0928688,-157.0261063,198.2572531,-73.89149844,-245.85,303.1036266000001,-53.85149219,-196.8404938,318.6414984,-135.4215156,-110.06100159999998,0.0,0.0,19:01.8,49.43966243658443,-11.553748400000016,39.09286880000001,-27.97389369999999,177.55374840000005,-105.0928688,-157.0261063,257.1711492372346,166,-66,-185,178.34394904458594,649.3531887967066,-0.2701543366907335,36.34914550508656,48.46648326421054,297.0342822981991,363.4914550508656,363.4914550508656,132.0,77.0
90,1,nisson,1,1,1,1,teana,0.0,0,177.55374840000005,-105.0928688,-157.0261063,198.2572531,-73.89149844,-245.85,303.1036266000001,-53.85149219,-196.8404938,318.6414984,-135.4215156,-110.06100159999998,0.0,0.0,19:02.3,41.691592786117155,-11.553748400000016,32.092868800000005,-23.97389369999999,177.55374840000005,-105.0928688,-157.0261063,256.21475367355407,166,-73,-181,152.8662420382165,658.9750658778257,-0.3146707507548398,30.732548247765816,40.718546143004666,253.41935199266925,307.32548247765817,307.32548247765817,110.0,66.0
91,1,nisson,1,1,1,1,teana,0.0,0,177.55374840000005,-105.0928688,-157.0261063,198.2572531,-73.89149844,-245.85,303.1036266000001,-53.85149219,-196.8404938,318.6414984,-135.4215156,-110.06100159999998,0.0,0.0,19:02.7,39.62955012163797,-12.553748400000016,28.092868800000005,-24.97389369999999,177.55374840000005,-105.0928688,-157.0261063,257.44513978710097,165,-77,-182,159.23566878980887,664.5343026631947,-0.4254154232388674,30.650004815995143,38.704004960727254,246.73259030960276,306.5000481599514,306.5000481599514,104.0,64.0
92,1,nisson,2,1,1,1,teana,0.0,0,177.55374840000005,-105.0928688,-157.0261063,198.2572531,-73.89149844,-245.85,303.1036266000001,-53.85149219,-196.8404938,318.6414984,-135.4215156,-110.06100159999998,0.0,0.0,19:03.1,32.580487578356106,-11.553748400000016,22.092868800000005,-20.973893699999987,177.55374840000005,-105.0928688,-157.0261063,257.15559492260707,166,-83,-178,133.75796178343947,670.8203932499368,-0.4939551010536136,25.274306556949444,31.670175244226233,203.69451779678104,252.74306556949443,252.74306556949443,84.0,53.0
93,1,nisson,2,1,1,1,teana,0.0,0,177.55374840000005,-105.0928688,-157.0261063,198.2572531,-73.89149844,-245.85,303.1036266000001,-53.85149219,-196.8404938,318.6414984,-135.4215156,-110.06100159999998,0.0,0.0,19:03.5,34.1046456108756,-13.553748400000016,24.092868800000005,-19.973893699999987,177.55374840000005,-105.0928688,-157.0261063,254.5309411446868,164,-81,-177,127.38853503184711,669.7189544107306,-0.48164517134942764,25.210412542520743,33.13608305156178,212.6338625204225,252.10412542520743,252.10412542520743,86.0,56.0
94,1,nisson,2,1,1,1,teana,0.0,0,177.55374840000005,-105.0928688,-157.0261063,198.2572531,-73.89149844,-245.85,303.1036266000001,-53.85149219,-196.8404938,318.6414984,-135.4215156,-110.06100159999998,0.0,0.0,19:03.9,33.01262815716761,-12.553748400000016,23.092868800000005,-19.973893699999987,177.55374840000005,-105.0928688,-157.0261063,255.49559683094344,165,-82,-177,127.38853503184711,670.275683934607,-0.4794992423165721,24.791044861391942,32.0624390837628,205.81462785934113,247.9104486139194,247.9104486139194,84.0,54.0
95,1,nisson,2,1,1,1,teana,0.0,0,177.55374840000005,-105.0928688,-157.0261063,198.2572531,-73.89149844,-245.85,303.1036266000001,-53.85149219,-196.8404938,318.6414984,-135.4215156,-110.06100159999998,0.0,0.0,19:04.4,35.298628458389366,-11.553748400000016,25.092868800000005,-21.97389369999999,177.55374840000005,-105.0928688,-157.0261063,256.8988127648705,166,-80,-179,140.12738853503183,667.4932049855261,-0.42522772230186867,26.98223962095158,34.36568055487916,218.98887849374987,269.82239620951583,269.82239620951583,92.0,57.0
96,1,nisson,1,1,1,1,teana,657.9906945071817,2,177.55374840000005,-105.0928688,-157.0261063,198.2572531,-73.89149844,-245.85,303.1036266000001,-53.85149219,-196.8404938,318.6414984,-135.4215156,-110.06100159999998,0.0,0.0,19:04.8,53.54261153738596,-10.553748400000018,43.09286880000001,-29.97389369999999,177.55374840000005,-105.0928688,-157.0261063,258.2673033893373,167,-62,-187,191.08280254777065,642.7615965378831,-0.2355938242445414,39.167502719587524,52.57375771237966,317.169740834542,391.6750271958752,391.6750271958752,144.0,82.0
97,1,nisson,1,1,1,1,teana,0.0,0,177.55374840000005,-105.0928688,-157.0261063,198.2572531,-73.89149844,-245.85,303.1036266000001,-53.85149219,-196.8404938,318.6414984,-135.4215156,-110.06100159999998,0.0,0.0,19:05.2,42.4146937162514,-12.553748400000016,31.092868800000005,-25.97389369999999,177.55374840000005,-105.0928688,-157.0261063,257.27417281958174,165,-74,-183,165.60509554140123,660.8264057111078,-0.379220799943743,32.39055224779271,41.47288270665544,262.1253306855407,323.90552247792715,323.90552247792715,112.0,68.0
98,1,nisson,1,1,1,1,teana,0.0,0,177.55374840000005,-105.0928688,-157.0261063,198.2572531,-73.89149844,-245.85,303.1036266000001,-53.85149219,-196.8404938,318.6414984,-135.4215156,-110.06100159999998,0.0,0.0,19:05.6,35.035999829367164,-11.553748400000016,27.092868800000005,-18.973893699999987,177.55374840000005,-105.0928688,-157.0261063,254.1967741730804,166,-78,-176,121.01910828025476,665.1687492078315,-0.3330665015060295,24.84032846629872,34.02939905434711,212.2826566089468,248.40328466298718,248.40328466298718,90.0,56.0
99,1,nisson,1,1,1,1,teana,0.0,0,177.55374840000005,-105.0928688,-157.0261063,198.2572531,-73.89149844,-245.85,303.1036266000001,-53.85149219,-196.8404938,318.6414984,-135.4215156,-110.06100159999998,0.0,0.0,19:06.1,40.64680652700057,-12.553748400000016,31.092868800000005,-22.97389369999999,177.55374840000005,-105.0928688,-157.0261063,255.14897609044013,165,-74,-180,146.49681528662418,660.8264057111078,-0.33977099390619114,29.705962895827064,39.66106403010388,248.5544967157668,297.05962895827065,297.05962895827065,106.0,65.0
100,1,nisson,1,1,1,1,teana,0.0,0,177.55374840000005,-105.0928688,-157.0261063,198.2572531,-73.89149844,-245.85,303.1036266000001,-53.85149219,-196.8404938,318.6414984,-135.4215156,-110.06100159999998,0.0,0.0,19:06.5,33.34221295060386,-13.553748400000016,22.092868800000005,-20.973893699999987,177.55374840000005,-105.0928688,-157.0261063,255.86910716223642,164,-83,-178,133.75796178343947,671.9005490304943,-0.5628137629017329,25.569110698489567,32.41913015489465,210.1228203308983,255.69110698489567,255.69110698489567,84.0,55.0
101,1,nisson,1,1,1,1,teana,0.0,0,177.55374840000005,-105.0928688,-157.0261063,198.2572531,-73.89149844,-245.85,303.1036266000001,-53.85149219,-196.8404938,318.6414984,-135.4215156,-110.06100159999998,0.0,0.0,19:06.9,42.22316026594192,-10.553748400000018,35.092868800000005,-20.973893699999987,177.55374840000005,-105.0928688,-157.0261063,253.9153402218936,167,-70,-178,133.75796178343947,654.4165356753758,-0.21436231121192367,28.764646595181674,41.19465984809196,247.4310402952733,287.64646595181677,287.64646595181677,110.0,65.0
102,1,nisson,1,1,1,1,teana,657.9906945071817,2,177.55374840000005,-105.0928688,-157.0261063,198.2572531,-73.89149844,-245.85,303.1036266000001,-53.85149219,-196.8404938,318.6414984,-135.4215156,-110.06100159999998,0.0,0.0,19:07.3,53.70065157373247,-9.553748400000018,47.09286880000001,-23.97389369999999,177.55374840000005,-105.0928688,-157.0261063,253.67104683033887,168,-58,-181,152.8662420382165,635.7953961310359,-0.130000135597071,34.92191152703167,52.65928218272634,302.39685503443894,349.2191152703167,349.2191152703167,140.0,79.0
103,1,nisson,1,1,1,1,teana,657.9906945071817,2,177.55374840000005,-105.0928688,-157.0261063,198.2572531,-73.89149844,-245.85,303.1036266000001,-53.85149219,-196.8404938,318.6414984,-135.4215156,-110.06100159999998,0.0,0.0,19:07.7,68.88079477360446,-6.553748400000018,57.09286880000001,-37.97389369999999,177.55374840000005,-105.0928688,-157.0261063,263.7612556839992,171,-48,-195,242.0382165605095,616.5223899799972,-0.16582066180896982,49.90123687015442,67.94115100585212,388.8005746440289,499.0123687015442,499.0123687015442,188.0,100.0
104,1,nisson,1,1,1,1,teana,657.9906945071817,2,177.55374840000005,-105.0928688,-157.0261063,198.2572531,-73.89149844,-245.85,303.1036266000001,-53.85149219,-196.8404938,318.6414984,-135.4215156,-110.06100159999998,0.0,0.0,19:08.2,85.33700885690459,-5.5537484000000195,74.09286879999998,-41.97389369999999,177.55374840000005,-105.0928688,-157.0261063,264.85090145211893,172,-31,-199,267.51592356687894,580.7590384402729,-0.1242025175127569,58.83174169738208,84.3682404699778,464.6891151749,588.3174169738207,588.3174169738207,230.0,120.0
105,1,nisson,1,1,1,1,teana,657.9906945071817,2,177.55374840000005,-105.0928688,-157.0261063,198.2572531,-73.89149844,-245.85,303.1036266000001,-53.85149219,-196.8404938,318.6414984,-135.4215156,-110.06100159999998,0.0,0.0,19:08.6,70.54739799484751,-6.553748400000018,59.09286880000001,-37.97389369999999,177.55374840000005,-105.0928688,-157.0261063,263.4046316980777,171,-46,-195,242.0382165605095,612.7206047854551,-0.1566185967163087,50.54811099906315,69.59885056522126,396.27026217217986,505.48110999063147,505.48110999063147,192.0,102.0
106,1,nisson,2,1,1,1,teana,657.9906945071817,2,177.55374840000005,-105.0928688,-157.0261063,198.2572531,-73.89149844,-245.85,303.1036266000001,-53.85149219,-196.8404938,318.6414984,-135.4215156,-110.06100159999998,0.0,0.0,19:09.0,62.11283088415321,-7.553748400000018,52.09286880000001,-32.97389369999999,177.55374840000005,-105.0928688,-157.0261063,260.4016128982307,170,-53,-190,210.19108280254773,626.1575108716281,-0.16103924159823194,44.109205142305576,61.14736298484179,353.06462653835234,441.09205142305575,441.09205142305575,168.0,91.0
107,1,nisson,1,1,1,1,teana,657.9906945071817,2,177.55374840000005,-105.0928688,-157.0261063,198.2572531,-73.89149844,-245.85,303.1036266000001,-53.85149219,-196.8404938,318.6414984,-135.4215156,-110.06100159999998,0.0,0.0,19:09.4,66.01283585972818,-7.553748400000018,56.09286880000001,-33.97389369999999,177.55374840000005,-105.0928688,-157.0261063,260.3497647396671,170,-49,-191,216.56050955414008,618.9207069106393,-0.14891174847206295,46.26548808732774,65.0384501660364,372.24432284619405,462.65488087327736,462.65488087327736,178.0,96.0
108,1,nisson,1,1,1,1,teana,657.9906945071817,2,177.55374840000005,-105.0928688,-157.0261063,198.2572531,-73.89149844,-245.85,303.1036266000001,-53.85149219,-196.8404938,318.6414984,-135.4215156,-110.06100159999998,0.0,0.0,19:09.9,68.43773519078064,-7.553748400000018,57.09286880000001,-36.97389369999999,177.55374840000005,-105.0928688,-157.0261063,262.37377917772204,170,-48,-194,235.66878980891715,617.0514302976331,-0.16829282767537285,49.20635523555644,67.48333127521195,388.31939699348277,492.06355235556435,492.06355235556435,186.0,100.0
109,1,nisson,1,1,1,1,teana,657.9906945071817,2,177.55374840000005,-105.0928688,-157.0261063,198.2572531,-73.89149844,-245.85,303.1036266000001,-53.85149219,-196.8404938,318.6414984,-135.4215156,-110.06100159999998,0.0,0.0,19:10.3,69.17226206250173,-6.553748400000018,58.09286880000001,-36.97389369999999,177.55374840000005,-105.0928688,-157.0261063,262.8421579579654,171,-47,-194,235.66878980891715,614.633423133715,-0.15333201535546892,49.3544154076767,68.22023160324215,388.4823990178354,493.544154076767,493.544154076767,188.0,100.0
110,1,nisson,1,1,1,1,teana,657.9906945071817,2,177.55374840000005,-105.0928688,-157.0261063,198.2572531,-73.89149844,-245.85,303.1036266000001,-53.85149219,-196.8404938,318.6414984,-135.4215156,-110.06100159999998,0.0,0.0,19:10.7,92.61702325298205,-4.553748400000019,79.09286879999998,-47.97389369999999,177.55374840000005,-105.0928688,-157.0261063,269.49953617770853,173,-26,-205,305.732484076433,568.7571755311606,-0.14033788747840456,65.45972328741807,91.67333309092672,502.0554413492028,654.5972328741807,654.5972328741807,252.0,130.0
111,1,nisson,1,1,1,1,teana,657.9906945071817,2,177.55374840000005,-105.0928688,-157.0261063,198.2572531,-73.89149844,-245.85,303.1036266000001,-53.85149219,-196.8404938,318.6414984,-135.4215156,-110.06100159999998,0.0,0.0,19:11.1,93.672404421171,-3.5537484000000177,82.09286879999998,-44.97389369999999,177.55374840000005,-105.0928688,-157.0261063,267.5985799663369,174,-23,-202,286.624203821656,561.2102881291726,-0.10945153920428939,63.77173764527237,92.70922284217467,498.47665523557214,637.7173764527237,637.7173764527237,252.0,129.0
112,1,nisson,1,1,1,1,teana,657.9906945071817,2,177.55374840000005,-105.0928688,-157.0261063,198.2572531,-73.89149844,-245.85,303.1036266000001,-53.85149219,-196.8404938,318.6414984,-135.4215156,-110.06100159999998,0.0,0.0,19:11.6,82.49436766618321,-4.553748400000019,73.09286879999998,-37.97389369999999,177.55374840000005,-105.0928688,-157.0261063,262.63663110845755,173,-32,-195,242.0382165605095,582.6026980624245,-0.09323890369032002,54.87625817552216,81.51073548925933,441.7165323380702,548.7625817552216,548.7625817552216,220.0,114.0
113,1,nisson,2,1,1,1,teana,657.9906945071817,2,177.55374840000005,-105.0928688,-157.0261063,198.2572531,-73.89149844,-245.85,303.1036266000001,-53.85149219,-196.8404938,318.6414984,-135.4215156,-110.06100159999998,0.0,0.0,19:12.0,83.82567855045025,-4.553748400000019,75.09286879999998,-36.97389369999999,177.55374840000005,-105.0928688,-157.0261063,261.658173959844,173,-30,-194,235.66878980891715,578.0778425268522,-0.08234973596824977,54.71179035675755,82.83115355951527,445.39593137492017,547.1179035675755,547.1179035675755,222.0,115.0
114,1,nisson,2,1,1,1,teana,657.9906945071817,2,177.55374840000005,-105.0928688,-157.0261063,198.2572531,-73.89149844,-245.85,303.1036266000001,-53.85149219,-196.8404938,318.6414984,-135.4215156,-110.06100159999998,0.0,0.0,19:12.4,77.0095065965457,-1.5537484000000177,69.09286879999999,-33.97389369999999,177.55374840000005,-105.0928688,-157.0261063,262.20793275566626,176,-36,-191,216.56050955414008,590.055584215636,-0.05145514373059645,49.53123464072456,76.03288762108144,399.7028420808763,495.3123464072456,495.3123464072456,204.0,103.0
115,1,nisson,2,1,1,1,teana,657.9906945071817,2,177.55374840000005,-105.0928688,-157.0261063,198.2572531,-73.89149844,-245.85,303.1036266000001,-53.85149219,-196.8404938,318.6414984,-135.4215156,-110.06100159999998,0.0,0.0,19:12.8,103.39997959885395,21.446251599999982,91.09286879999999,-43.97389369999999,177.55374840000005,-105.0928688,-157.0261063,283.19251402535343,199,-14,-201,280.25477707006365,533.8563836743252,0.05053653576486008,65.10624673540882,102.56705123966468,473.09369445369407,651.0624673540882,651.0624673540882,268.0,156.0
116,1,nisson,2,1,1,1,teana,657.9906945071817,2,177.55374840000005,-105.0928688,-157.0261063,198.2572531,-73.89149844,-245.85,303.1036266000001,-53.85149219,-196.8404938,318.6414984,-135.4215156,-110.06100159999998,0.0,0.0,19:13.3,129.41080359167628,35.44625159999997,100.09286879999999,-73.97389369999998,177.55374840000005,-105.0928688,-157.0261063,314.25308272155416,213,-5,-231,471.3375796178343,511.5961543959813,-0.018283973803780593,86.48996621512251,128.73616430514,521.1598836987912,864.899662151225,864.899662151225,346.0,209.0
117,1,nisson,2,1,1,1,teana,657.9906945071817,2,177.55374840000005,-105.0928688,-157.0261063,198.2572531,-73.89149844,-245.85,303.1036266000001,-53.85149219,-196.8404938,318.6414984,-135.4215156,-110.06100159999998,0.0,0.0,19:13.7,141.8862292953175,53.44625159999998,79.09286879999998,-104.9738937,177.55374840000005,-105.0928688,-157.0261063,350.25847598594953,231,-26,-262,668.7898089171975,552.7866073739519,-0.077249488941222,102.23164388452571,141.50971698084905,494.0671242287582,1022.316438845257,1022.316438845257,366.0,237.0
118,1,nisson,2,1,1,1,teana,657.9906945071817,2,177.55374840000005,-105.0928688,-157.0261063,198.2572531,-73.89149844,-245.85,303.1036266000001,-53.85149219,-196.8404938,318.6414984,-135.4215156,-110.06100159999998,0.0,0.0,19:14.1,199.2300646515064,63.44625159999998,135.09286880000002,-131.9738937,177.55374840000005,-105.0928688,-157.0261063,377.49437081895684,241,30,-289,840.7643312101911,434.4065789143536,-0.096381755319195,136.90860712814361,198.68568141665367,686.417549900842,1369.086071281436,1369.086071281436,532.0,330.0
119,1,nisson,2,2,2,2,teana,657.9906945071817,2,177.55374840000005,-105.0928688,-157.0261063,198.2572531,-73.89149844,-245.85,303.1036266000001,-53.85149219,-196.8404938,318.6414984,-135.4215156,-110.06100159999998,0.0,0.0,19:14.5,255.93279883290344,58.44625159999998,223.0928688,-110.9738937,177.55374840000005,-105.0928688,-157.0261063,376.0904146611557,236,118,-268,707.0063694267517,223.60679774997897,-0.08008768768977796,148.05225013001598,255.11957980523565,878.6322154763668,1480.5225013001598,1480.5225013001598,666.0,392.0
120,1,nisson,2,2,2,2,teana,328.99534725359086,1,177.55374840000005,-105.0928688,-157.0261063,198.2572531,-73.89149844,-245.85,303.1036266000001,-53.85149219,-196.8404938,318.6414984,-135.4215156,-110.06100159999998,0.0,0.0,19:14.9,657.9906945071817,-15.553748400000016,33.092868800000005,-656.9738937000002,177.55374840000005,-105.0928688,-157.0261063,833.0810284720209,162,-72,-814,4184.713375796178,659.9750073368523,-1.552014254730002,499.10988057213916,657.9498461129085,1176.002741037629,4991.098805721392,4991.098805721392,1378.0,704.0
121,1,nisson,2,2,2,2,teana,0.0,0,177.55374840000005,-105.0928688,-157.0261063,198.2572531,-73.89149844,-245.85,303.1036266000001,-53.85149219,-196.8404938,318.6414984,-135.4215156,-110.06100159999998,0.0,0.0,19:15.4,241.1492127464724,-206.5537484,-10.907131199999995,-123.9738937,177.55374840000005,-105.0928688,-157.0261063,305.3817283335727,-29,-116,-281,789.8089171974523,363.80343755449945,-34.57648079846713,159.21900463501717,240.74052421642685,1115.0624415575683,1592.1900463501718,1592.1900463501718,388.0,342.0
122,1,nisson,2,2,2,2,teana,0.0,0,177.55374840000005,-105.0928688,-157.0261063,198.2572531,-73.89149844,-245.85,303.1036266000001,-53.85149219,-196.8404938,318.6414984,-135.4215156,-110.06100159999998,0.0,0.0,19:15.8,80.59988454857375,-79.55374840000002,-12.907131199999995,-0.9738936999999908,177.55374840000005,-105.0928688,-157.0261063,220.20899164203084,98,-118,-158,6.369426751592355,704.0949829282262,1.7971924900631442,37.965040484582914,80.23714850367004,483.3026782038101,379.65040484582914,379.65040484582914,156.0,94.0
123,1,nisson,2,2,2,2,teana,0.0,0,177.55374840000005,-105.0928688,-157.0261063,198.2572531,-73.89149844,-245.85,303.1036266000001,-53.85149219,-196.8404938,318.6414984,-135.4215156,-110.06100159999998,0.0,0.0,19:16.2,38.106750599380895,-32.55374840000002,-12.907131199999995,15.02610630000001,177.55374840000005,-105.0928688,-157.0261063,234.7615811839748,145,-118,-142,-95.54140127388533,703.4097372936751,0.6706119145072186,7.190646362361653,38.01315561749642,170.05739715535162,71.90646362361652,71.90646362361652,94.0,61.0
124,1,nisson,2,2,2,2,teana,0.0,0,177.55374840000005,-105.0928688,-157.0261063,198.2572531,-73.89149844,-245.85,303.1036266000001,-53.85149219,-196.8404938,318.6414984,-135.4215156,-110.06100159999998,0.0,0.0,19:16.6,22.053553197691674,-15.553748400000016,-6.907131199999995,14.02610630000001,177.55374840000005,-105.0928688,-157.0261063,243.38652386687312,162,-112,-143,-89.17197452229297,695.6197014920197,0.3333445364105001,-1.2148354979486797,22.02271554554524,96.95933849327871,-12.148354979486797,-12.148354979486797,58.0,37.0
125,1,nisson,2,2,2,2,teana,0.0,0,177.55374840000005,-105.0928688,-157.0261063,198.2572531,-73.89149844,-245.85,303.1036266000001,-53.85149219,-196.8404938,318.6414984,-135.4215156,-110.06100159999998,0.0,0.0,19:17.1,16.123934936714928,-9.553748400000018,-4.907131199999995,12.02610630000001,177.55374840000005,-105.0928688,-157.0261063,247.6873028639135,168,-110,-145,-76.43312101910826,692.202234996044,0.15801910583319664,-2.8141177818192475,16.15549442140351,70.3549078076896,-28.141177818192475,-28.141177818192475,42.0,27.0
126,1,nisson,2,2,2,2,teana,0.0,0,177.55374840000005,-105.0928688,-157.0261063,198.2572531,-73.89149844,-245.85,303.1036266000001,-53.85149219,-196.8404938,318.6414984,-135.4215156,-110.06100159999998,0.0,0.0,19:17.5,11.684395844176796,-4.553748400000019,-3.9071311999999954,10.02610630000001,177.55374840000005,-105.0928688,-157.0261063,251.8312927338459,173,-109,-147,-63.694267515923556,689.5710634984957,-0.06914189052122674,-3.116744642236452,11.874342087037917,56.28122018065257,-31.16744642236452,-31.16744642236452,30.0,19.0
127,1,nisson,2,2,2,2,teana,0.0,0,177.55374840000005,-105.0928688,-157.0261063,198.2572531,-73.89149844,-245.85,303.1036266000001,-53.85149219,-196.8404938,318.6414984,-135.4215156,-110.06100159999998,0.0,0.0,19:17.9,6.996549824264523,-3.5537484000000177,0.09286880000000508,6.026106300000008,177.55374840000005,-105.0928688,-157.0261063,253.183727755162,174,-105,-151,-38.21656050955413,686.426314475012,-0.1935959992675793,-2.352047884152425,6.782329983125268,25.76976432681105,-23.520478841524252,-23.520478841524252,18.0,10.0
128,1,nisson,2,2,2,2,teana,0.0,0,177.55374840000005,-105.0928688,-157.0261063,198.2572531,-73.89149844,-245.85,303.1036266000001,-53.85149219,-196.8404938,318.6414984,-135.4215156,-110.06100159999998,0.0,0.0,19:18.3,7.530649881877121,-2.5537484000000177,-0.9071311999999948,7.026106300000008,177.55374840000005,-105.0928688,-157.0261063,253.69469840735732,175,-106,-150,-44.585987261146485,686.7070797039278,-0.32046313775241425,-2.4225902993801727,7.54983443527075,36.576741442194525,-24.22590299380173,-24.22590299380173,18.0,11.0
129,1,nisson,2,2,2,2,teana,0.0,0,177.55374840000005,-105.0928688,-157.0261063,198.2572531,-73.89149844,-245.85,303.1036266000001,-53.85149219,-196.8404938,318.6414984,-135.4215156,-110.06100159999998,0.0,0.0,19:18.8,5.261606526852408,-1.5537484000000177,0.09286880000000508,5.026106300000009,177.55374840000005,-105.0928688,-157.0261063,255.15681452785068,176,-105,-152,-31.847133757961778,685.5616398468306,-0.5389691668596516,-1.7834065913960195,5.196152422706632,25.779495065737624,-17.834065913960195,-17.834065913960195,12.0,7.0
130,1,nisson,2,2,2,2,teana,0.0,0,177.55374840000005,-105.0928688,-157.0261063,198.2572531,-73.89149844,-245.85,303.1036266000001,-53.85149219,-196.8404938,318.6414984,-135.4215156,-110.06100159999998,0.0,0.0,19:19.2,5.338423516677543,-1.5537484000000177,-0.9071311999999948,5.026106300000009,177.55374840000005,-105.0928688,-157.0261063,255.56995128535752,176,-106,-152,-31.847133757961778,686.2796923747775,-0.3070114501653672,-1.5701501868851442,5.477225575051661,28.875046196105814,-15.701501868851441,-15.701501868851441,14.0,8.0
131,1,nisson,2,2,2,2,teana,0.0,0,177.55374840000005,-105.0928688,-157.0261063,198.2572531,-73.89149844,-245.85,303.1036266000001,-53.85149219,-196.8404938,318.6414984,-135.4215156,-110.06100159999998,0.0,0.0,19:19.6,7.106032229269428,-0.5537484000000177,-0.9071311999999948,7.026106300000008,177.55374840000005,-105.0928688,-157.0261063,255.0784193145316,177,-106,-150,-44.585987261146485,685.851544523549,-0.6873258988253367,-2.2393727450758627,7.280109889280518,41.61632827299966,-22.393727450758625,-22.393727450758625,18.0,9.0
132,1,nisson,2,2,2,2,teana,0.0,0,177.55374840000005,-105.0928688,-157.0261063,198.2572531,-73.89149844,-245.85,303.1036266000001,-53.85149219,-196.8404938,318.6414984,-135.4215156,-110.06100159999998,0.0,0.0,19:20.0,2.1024672752306395,-0.5537484000000177,0.09286880000000508,2.026106300000009,177.55374840000005,-105.0928688,-157.0261063,257.64122340960887,177,-105,-155,-12.73885350318471,685.1282835943028,-0.4160809249080366,-0.5463987665604908,2.23606797749979,13.141586617491042,-5.463987665604908,-5.463987665604908,6.0,3.0
133,1,nisson,2,0,0,0,teana,0.0,0,177.55374840000005,-105.0928688,-157.0261063,198.2572531,-73.89149844,-245.85,303.1036266000001,-53.85149219,-196.8404938,318.6414984,-135.4215156,-110.06100159999998,0.0,0.0,19:20.4,9.043553330600526,-0.5537484000000177,0.09286880000000508,9.02610630000001,177.55374840000005,-105.0928688,-157.0261063,253.49161721840042,177,-105,-148,-57.3248407643312,685.1282835943028,-1.133367097551481,-3.213249046863348,9.055385138137417,48.8251337255951,-32.13249046863348,-32.13249046863348,20.0,10.0
134,1,nisson,2,0,0,0,teana,0.0,0,177.55374840000005,-105.0928688,-157.0261063,198.2572531,-73.89149844,-245.85,303.1036266000001,-53.85149219,-196.8404938,318.6414984,-135.4215156,-110.06100159999998,0.0,0.0,19:20.9,4.208388223942249,-0.5537484000000177,1.092868800000005,4.026106300000009,177.55374840000005,-105.0928688,-157.0261063,256.0351538363433,177,-104,-153,-25.47770700636942,684.3894326185135,-1.7019230769230944,-1.5242638427810928,4.0,20.13939739264181,-15.242638427810927,-15.242638427810927,8.0,4.0
135,1,nisson,2,0,0,0,teana,0.0,0,177.55374840000005,-105.0928688,-157.0261063,198.2572531,-73.89149844,-245.85,303.1036266000001,-53.85149219,-196.8404938,318.6414984,-135.4215156,-110.06100159999998,0.0,0.0,19:21.3,4.051826383671412,0.4462515999999823,0.09286880000000508,4.026106300000009,177.55374840000005,-105.0928688,-157.0261063,257.1342062036866,178,-105,-153,-25.47770700636942,684.6943409901618,-1.2424330073774594,-1.2155597038711552,4.242640687119285,25.78061210358734,-12.155597038711552,-12.155597038711552,10.0,6.0
136,1,nisson,2,0,0,0,teana,0.0,0,177.55374840000005,-105.0928688,-157.0261063,198.2572531,-73.89149844,-245.85,303.1036266000001,-53.85149219,-196.8404938,318.6414984,-135.4215156,-110.06100159999998,0.0,0.0,19:21.7,6.149386688395505,-0.5537484000000177,1.092868800000005,6.026106300000008,177.55374840000005,-105.0928688,-157.0261063,254.8450509623445,177,-104,-151,-38.21656050955413,684.3894326185135,-1.7019230769230829,-2.2856242319438556,6.0,30.32193664992994,-22.856242319438557,-22.856242319438557,12.0,6.0
137,1,nisson,2,0,0,0,teana,0.0,0,177.55374840000005,-105.0928688,-157.0261063,198.2572531,-73.89149844,-245.85,303.1036266000001,-53.85149219,-196.8404938,318.6414984,-135.4215156,-110.06100159999998,0.0,0.0,19:22.1,5.1628719956450375,0.4462515999999823,1.092868800000005,5.026106300000009,177.55374840000005,-105.0928688,-157.0261063,256.1327780663771,178,-104,-152,-31.847133757961778,683.950462602459,-2.776505542992604,-1.81261510634807,5.0990195135927845,27.757300113475214,-18.126151063480698,-18.126151063480698,10.0,6.0
138,1,nisson,2,0,0,0,teana,0.0,0,177.55374840000005,-105.0928688,-157.0261063,198.2443905,-73.89692352,-245.5075,303.0984452,-53.85891758,-196.7484691,318.6094235,-135.3004398,-109.85795149999998,0.0,0.0,19:22.6,3.264708079356526,-0.5537484000000177,1.092868800000005,3.026106300000009,177.55374840000005,-105.0928688,-157.0261063,256.6339806027253,177,-104,-154,-19.108280254777064,684.3894326185135,-1.7019230769231029,-1.1434118429870632,3.0,15.07626323388167,-11.434118429870633,-11.434118429870633,6.0,3.0
139,1,nisson,0,0,0,0,teana,0.0,0,177.55374840000005,-105.0928688,-157.0261063,198.2821709,-73.95207734,-245.332125,303.093523,-53.81597170000001,-196.4610456,318.5289523,-135.2354179,-109.6150539,0.0,0.0,19:23.0,3.4029513724729896,-1.5537484000000177,0.09286880000000508,3.026106300000009,177.55374840000005,-105.0928688,-157.0261063,256.3532718730151,176,-105,-154,-19.108280254777064,685.5616398468306,-0.23497425141993694,-1.0235145952913638,3.3166247903554,15.618147591794695,-10.235145952913637,-10.235145952913637,8.0,5.0
140,1,nisson,0,0,0,0,teana,0.0,0,177.55374840000005,-105.0928688,-157.0261063,198.2821709,-73.95207734,-245.332125,303.093523,-53.81597170000001,-196.4610456,318.5289523,-135.2354179,-109.6150539,0.0,0.0,19:23.4,4.051826383671412,0.4462515999999823,0.09286880000000508,4.026106300000009,177.55374840000005,-105.0928688,-157.0261063,257.1342062036866,178,-105,-153,-25.47770700636942,684.6943409901618,-1.2424330073774594,-1.2155597038711552,4.242640687119285,25.78061210358734,-12.155597038711552,-12.155597038711552,10.0,6.0
141,1,nisson,0,0,0,0,teana,0.0,0,177.55374840000005,-105.0928688,-157.0261063,198.2680624,-73.95447347,-245.3655188,303.08884680000006,-53.77517311,-196.38799330000003,318.5025047,-135.173647,-109.4843012,0.0,0.0,19:23.8,4.065069967837673,-0.5537484000000177,0.09286880000000508,4.026106300000009,177.55374840000005,-105.0928688,-157.0261063,256.4429761174987,177,-105,-153,-25.47770700636942,685.1282835943028,-0.7594306303759163,-1.3088503441960053,4.123105625617661,23.24385698300385,-13.088503441960054,-13.088503441960054,10.0,5.0
142,1,nisson,0,0,0,0,teana,0.0,0,177.55374840000005,-105.0928688,-157.0261063,198.2680624,-73.95447347,-245.3655188,303.08884680000006,-53.77517311,-196.38799330000003,318.5025047,-135.173647,-109.4843012,0.0,0.0,19:24.3,4.065069967837673,-0.5537484000000177,0.09286880000000508,4.026106300000009,177.55374840000005,-105.0928688,-157.0261063,256.4429761174987,177,-105,-153,-25.47770700636942,685.1282835943028,-0.7594306303759163,-1.3088503441960053,4.123105625617661,23.24385698300385,-13.088503441960054,-13.088503441960054,10.0,5.0
143,1,nisson,0,0,0,0,teana,0.0,0,177.55374840000005,-105.0928688,-157.0261063,198.2546593,-73.9567498,-245.19724280000003,303.0844045,-53.73641446,-196.3685937,318.4773795,-135.1149646,-109.4600862,0.0,0.0,19:24.7,5.046732571022144,0.4462515999999823,0.09286880000000508,5.026106300000009,177.55374840000005,-105.0928688,-157.0261063,256.5404451543655,178,-105,-152,-31.847133757961778,684.6943409901618,-1.304581046871938,-1.5977710027983039,5.196152422706632,30.848777068784806,-15.977710027983038,-15.977710027983038,12.0,7.0
144,1,nisson,0,0,0,0,teana,0.0,0,177.55374840000005,-105.0928688,-157.0261063,198.2546593,-73.9567498,-245.19724280000003,303.0844045,-53.73641446,-196.3685937,318.4773795,-135.1149646,-109.4600862,0.0,0.0,19:25.1,4.316513714030783,-1.5537484000000177,0.09286880000000508,4.026106300000009,177.55374840000005,-105.0928688,-157.0261063,255.7537878507374,176,-105,-153,-25.47770700636942,685.5616398468306,-0.40485597312488564,-1.4035224333115714,4.242640687119285,20.689393848588423,-14.035224333115714,-14.035224333115714,10.0,6.0
145,1,nisson,0,0,0,0,teana,0.0,0,177.55374840000005,-105.0928688,-157.0261063,198.2419263,-73.95891231,-245.0873807,303.0801843000001,-53.74959374,-196.200164,318.4535105,-135.1092164,-109.2870818,0.0,0.0,19:25.5,5.126770137563782,0.4462515999999823,-0.9071311999999948,5.026106300000009,177.55374840000005,-105.0928688,-157.0261063,256.95135726436627,178,-106,-152,-31.847133757961778,685.4227068354727,-0.7777907910701338,-1.385004484065372,5.477225575051661,33.923956545932995,-13.85004484065372,-13.85004484065372,14.0,8.0
146,1,nisson,0,0,0,0,teana,0.0,0,177.55374840000005,-105.0928688,-157.0261063,198.2419263,-73.95891231,-245.0873807,303.0801843000001,-53.74959374,-196.200164,318.4535105,-135.1092164,-109.2870818,0.0,0.0,19:25.9,4.37310674960213,1.4462515999999823,-0.9071311999999948,4.026106300000009,177.55374840000005,-105.0928688,-157.0261063,258.23632587225217,179,-106,-153,-25.47770700636942,684.9932479268582,-1.0283291456620736,-0.91079418905603,4.898979485566356,31.36773671947124,-9.107941890560301,-9.107941890560301,12.0,8.0
147,1,nisson,0,0,0,0,teana,0.0,0,177.55374840000005,-105.0928688,-157.0261063,198.27983,-73.96096669,-244.9330116,303.076175,-53.71211405,-196.0401558,318.480835,-135.00375559999998,-109.2727278,0.0,0.0,19:26.4,6.043320465060228,0.4462515999999823,0.09286880000000508,6.026106300000008,177.55374840000005,-105.0928688,-157.0261063,255.94921371240815,178,-105,-151,-38.21656050955413,684.6943409901618,-1.3517426910739285,-1.9798932071454445,6.164414002968976,35.935359816209434,-19.798932071454445,-19.798932071454445,14.0,8.0
148,1,nisson,0,0,0,0,teana,0.0,0,177.55374840000005,-105.0928688,-157.0261063,198.27983,-73.96096669,-244.9330116,303.076175,-53.71211405,-196.0401558,318.480835,-135.00375559999998,-109.2727278,0.0,0.0,19:26.8,3.858252511619176,1.4462515999999823,-1.9071311999999951,3.026106300000009,177.55374840000005,-105.0928688,-157.0261063,259.24120042925284,179,-107,-154,-19.108280254777064,685.7113430501084,-0.5429439954252533,-0.3159050125305207,4.69041575982343,29.386372009283125,-3.1590501253052072,-3.1590501253052072,12.0,8.0
149,1,nisson,0,0,0,0,teana,0.0,0,177.62606100000005,-105.0882253,-156.7748009,198.3158385,-73.96291836,-244.8363611,303.1223663,-53.72650835,-195.838148,318.5567932,-134.90356780000002,-109.3090914,0.0,0.0,19:27.2,4.969327491112038,1.3739389999999787,0.08822530000000484,4.7748009000000025,177.62606100000005,-105.0882253,-156.7748009,257.2353008434107,179,-105,-152,-31.847133757961778,684.2598791560375,-1.9023874641054075,-1.5070070343025377,5.477225575051661,33.35690243919692,-15.070070343025376,-15.070070343025376,12.0,8.0
150,1,nisson,0,0,0,0,teana,0.0,0,177.62606100000005,-105.0882253,-156.7748009,198.3158385,-73.96291836,-244.8363611,303.1223663,-53.72650835,-195.838148,318.5567932,-134.90356780000002,-109.3090914,0.0,0.0,19:27.6,3.0039282138429853,0.3739389999999787,1.0882253000000048,2.7748009000000025,177.62606100000005,-105.0882253,-156.7748009,257.32469760984856,178,-104,-154,-19.108280254777064,683.950462602459,-3.919423277661772,-1.0487053800622204,3.1622776601683795,17.634067103584616,-10.487053800622203,-10.487053800622203,6.0,4.0
151,1,nisson,0,0,0,0,teana,0.0,0,177.62606100000005,-105.0882253,-156.7748009,198.3158385,-73.96291836,-244.8363611,303.1223663,-53.72650835,-195.838148,318.5567932,-134.90356780000002,-109.3090914,0.0,0.0,19:28.1,2.8012736592346523,0.3739389999999787,0.08822530000000484,2.7748009000000025,177.62606100000005,-105.0882253,-156.7748009,257.73047937719747,178,-105,-154,-19.108280254777064,684.6943409901618,-1.1568117270615168,-0.833244977012243,3.3166247903554,20.73092081173472,-8.33244977012243,-8.33244977012243,8.0,5.0
152,1,nisson,0,0,0,0,teana,0.0,0,177.62606100000005,-105.0882253,-156.7748009,198.3158385,-73.96291836,-244.8363611,303.1223663,-53.72650835,-195.838148,318.5567932,-134.90356780000002,-109.3090914,0.0,0.0,19:28.5,4.1192430510861895,1.3739389999999787,-0.9117746999999952,3.7748009000000025,177.62606100000005,-105.0882253,-156.7748009,258.23632587225217,179,-106,-153,-25.47770700636942,684.9932479268582,-1.0283291456620736,-0.91079418905603,4.898979485566356,31.36773671947124,-9.107941890560301,-9.107941890560301,12.0,8.0
153,1,nisson,0,0,0,0,teana,0.0,0,177.62606100000005,-105.0882253,-156.7748009,198.3158385,-73.96291836,-244.8363611,303.1223663,-53.72650835,-195.838148,318.5567932,-134.90356780000002,-109.3090914,0.0,0.0,19:28.9,4.790233576134039,0.3739389999999787,0.08822530000000484,4.7748009000000025,177.62606100000005,-105.0882253,-156.7748009,256.5404451543655,178,-105,-152,-31.847133757961778,684.6943409901618,-1.304581046871938,-1.5977710027983039,5.196152422706632,30.848777068784806,-15.977710027983038,-15.977710027983038,12.0,7.0
154,1,nisson,0,0,0,0,teana,0.0,0,177.62606100000005,-105.0882253,-156.7748009,198.3158385,-73.96291836,-244.8363611,303.1223663,-53.72650835,-195.838148,318.5567932,-134.90356780000002,-109.3090914,0.0,0.0,19:29.3,2.115179168279109,0.3739389999999787,1.0882253000000048,1.7748009000000025,177.62606100000005,-105.0882253,-156.7748009,257.92440753057855,178,-104,-155,-12.73885350318471,683.950462602459,-6.472203471132358,-0.6665726820169915,2.23606797749979,12.600377849300404,-6.665726820169915,-6.665726820169915,4.0,3.0
155,1,nisson,0,0,0,0,teana,0.0,0,177.644758,-105.033814,-156.5860609,198.3000466,-73.96477244,-244.744543,303.116248,-53.74018293,-195.8462406,318.5789536000001,-134.8083894,-109.1936368,0.0,0.0,19:29.7,3.7489733319495415,0.35524200000000405,1.0338139999999925,3.5860609000000068,177.644758,-105.033814,-156.5860609,256.72748197261626,178,-104,-153,-25.47770700636942,683.950462602459,-3.1485117824987405,-1.4307148263393465,4.123105625617661,22.686391798731055,-14.307148263393465,-14.307148263393465,8.0,5.0
156,1,nisson,0,0,0,0,teana,0.0,0,177.644758,-105.033814,-156.5860609,198.3000466,-73.96477244,-244.744543,303.116248,-53.74018293,-195.8462406,318.5789536000001,-134.8083894,-109.1936368,0.0,0.0,19:30.2,2.8076109494851367,0.35524200000000405,1.0338139999999925,2.5860609000000068,177.644758,-105.033814,-156.5860609,257.32469760984856,178,-104,-154,-19.108280254777064,683.950462602459,-3.919423277661772,-1.0487053800622204,3.1622776601683795,17.634067103584616,-10.487053800622203,-10.487053800622203,6.0,4.0
157,1,nisson,0,0,0,0,teana,0.0,0,177.644758,-105.033814,-156.5860609,198.3000466,-73.96477244,-244.744543,303.116248,-53.74018293,-195.8462406,318.5789536000001,-134.8083894,-109.1936368,0.0,0.0,19:30.6,3.970552234094,1.3552420000000045,1.0338139999999925,3.5860609000000068,177.644758,-105.033814,-156.5860609,257.42183279589943,179,-104,-153,-25.47770700636942,683.5110757146773,-6.557818917692439,-1.3385328372762406,4.47213595499958,25.215717851196473,-13.385328372762405,-13.385328372762405,8.0,6.0
158,1,nisson,0,0,0,0,teana,0.0,0,177.644758,-105.033814,-156.5860609,198.3000466,-73.96477244,-244.744543,303.116248,-53.74018293,-195.8462406,318.5789536000001,-134.8083894,-109.1936368,0.0,0.0,19:31.0,1.6257089049607971,0.35524200000000405,0.03381399999999246,1.5860609000000068,177.644758,-105.033814,-156.5860609,258.3292472795134,178,-105,-155,-12.73885350318471,684.6943409901618,-1.0313309218384843,-0.45081273313385406,2.449489742783178,15.699755953631044,-4.508127331338541,-4.508127331338541,6.0,4.0
159,1,nisson,0,0,0,0,teana,0.0,0,177.644758,-105.033814,-156.5860609,198.3000466,-73.96477244,-244.744543,303.116248,-53.74018293,-195.8462406,318.5789536000001,-134.8083894,-109.1936368,0.0,0.0,19:31.4,2.7834193438411075,0.35524200000000405,-0.9661860000000076,2.5860609000000068,177.644758,-105.033814,-156.5860609,258.13949717158744,178,-106,-154,-19.108280254777064,685.4227068354727,-0.5696772147402055,-0.619841166620938,3.7416573867739413,23.811724978294645,-6.19841166620938,-6.19841166620938,10.0,6.0
160,1,nisson,0,0,0,0,teana,0.0,0,177.644758,-105.033814,-156.5860609,198.3000466,-73.96477244,-244.744543,303.116248,-53.74018293,-195.8462406,318.5789536000001,-134.8083894,-109.1936368,0.0,0.0,19:31.9,3.833752345114232,1.3552420000000045,0.03381399999999246,3.5860609000000068,177.644758,-105.033814,-156.5860609,257.82746168707473,179,-105,-153,-25.47770700636942,684.2598791560375,-1.9406437921499078,-1.1236346017883703,4.58257569495584,28.29977372934056,-11.236346017883703,-11.236346017883703,10.0,7.0
161,1,nisson,0,0,0,0,teana,0.0,0,177.7625201,-105.0321233,-156.4067578,198.3350442,-74.01653382,-244.5073159,303.1604356,-53.75317378,-195.7539286,318.6500059,-134.7679699,-109.233955,0.0,0.0,19:32.3,4.075947364376513,2.2374799000000105,0.03212329999999497,3.4067578000000083,177.7625201,-105.0321233,-156.4067578,258.52272627372645,180,-105,-153,-25.47770700636942,683.8249632112597,-3.0417155933260513,-1.0330592647962988,5.0990195135927845,30.801456368674152,-10.330592647962987,-10.330592647962987,10.0,8.0
162,1,nisson,0,0,0,0,teana,0.0,0,177.7625201,-105.0321233,-156.4067578,198.3350442,-74.01653382,-244.5073159,303.1604356,-53.75317378,-195.7539286,318.6500059,-134.7679699,-109.233955,0.0,0.0,19:32.7,2.7064499842354017,1.237479900000011,0.03212329999999497,2.4067578000000083,177.7625201,-105.0321233,-156.4067578,258.4221352748251,179,-105,-154,-19.108280254777064,684.2598791560375,-1.9972409701050002,-0.7401686627322435,3.7416573867739413,23.260930101728803,-7.401686627322435,-7.401686627322435,8.0,6.0
163,1,nisson,0,0,0,0,teana,0.0,0,177.7625201,-105.0321233,-156.4067578,198.3350442,-74.01653382,-244.5073159,303.1604356,-53.75317378,-195.7539286,318.6500059,-134.7679699,-109.233955,0.0,0.0,19:33.1,1.8738612321001231,1.237479900000011,0.03212329999999497,1.4067578000000085,177.7625201,-105.0321233,-156.4067578,259.01930429989187,179,-105,-155,-12.73885350318471,684.2598791560375,-2.0895201655339593,-0.3565951581898541,3.0,18.24042553819927,-3.565951581898541,-3.565951581898541,6.0,5.0
164,1,nisson,0,0,0,0,teana,0.0,0,177.7625201,-105.0321233,-156.4067578,198.3350442,-74.01653382,-244.5073159,303.1604356,-53.75317378,-195.7539286,318.6500059,-134.7679699,-109.233955,0.0,0.0,19:33.5,4.94235394495051,2.2374799000000105,0.03212329999999497,4.406757800000007,177.7625201,-105.0321233,-156.4067578,257.93216162394333,180,-105,-152,-31.847133757961778,683.8249632112597,-2.777816239693394,-1.417591053351902,5.916079783099616,35.8475057225705,-14.175910533519021,-14.175910533519021,12.0,9.0
165,1,nisson,0,0,0,0,teana,0.0,0,177.7625201,-105.0321233,-156.4067578,198.3350442,-74.01653382,-244.5073159,303.1604356,-53.75317378,-195.7539286,318.6500059,-134.7679699,-109.233955,0.0,0.0,19:34.0,3.624691313362812,1.237479900000011,0.03212329999999497,3.4067578000000083,177.7625201,-105.0321233,-156.4067578,257.82746168707473,179,-105,-153,-25.47770700636942,684.2598791560375,-1.9406437921499078,-1.1236346017883703,4.58257569495584,28.29977372934056,-11.236346017883703,-11.236346017883703,10.0,7.0
166,1,nisson,0,0,0,0,teana,0.0,0,177.7625201,-105.0321233,-156.4067578,198.3350442,-74.01653382,-244.5073159,303.1604356,-53.75317378,-195.7539286,318.6500059,-134.7679699,-109.233955,0.0,0.0,19:34.4,4.204473036798766,2.2374799000000105,1.032123299999995,3.4067578000000083,177.7625201,-105.0321233,-156.4067578,258.11818998280614,180,-104,-153,-25.47770700636942,683.0713355595899,-24.48926601316851,-1.247702052457722,5.0,27.72749077026715,-12.47702052457722,-12.47702052457722,8.0,7.0
167,1,nisson,0,0,0,0,teana,0.0,0,177.82439409999995,-105.0305172,-156.13642,198.418292,-74.01570713,-244.2319501,303.3024138,-53.71551509,-195.5662321,318.76750560000005,-134.6295714,-109.0222572,0.0,0.0,19:34.8,5.2693254737215245,1.1756059000000219,0.030517200000005577,5.136419999999988,177.82439409999995,-105.0305172,-156.13642,256.645670136864,179,-105,-151,-38.21656050955413,684.2598791560375,-1.8748011599645176,-1.8903002603170016,6.4031242374328485,38.43225914024162,-18.903002603170016,-18.903002603170016,14.0,9.0
168,1,nisson,0,0,0,0,teana,0.0,0,177.82439409999995,-105.0305172,-156.13642,198.418292,-74.01570713,-244.2319501,303.3024138,-53.71551509,-195.5662321,318.76750560000005,-134.6295714,-109.0222572,0.0,0.0,19:35.2,6.510748247936682,2.175605900000022,0.030517200000005577,6.136419999999987,177.82439409999995,-105.0305172,-156.13642,256.7586415293554,180,-105,-150,-44.585987261146485,683.8249632112597,-2.475166604079048,-2.186460769008569,7.681145747868608,45.99366185548548,-21.86460769008569,-21.86460769008569,16.0,11.0
169,1,nisson,0,0,0,0,teana,0.0,0,177.82439409999995,-105.0305172,-156.13642,198.418292,-74.01570713,-244.2319501,303.3024138,-53.71551509,-195.5662321,318.76750560000005,-134.6295714,-109.0222572,0.0,0.0,19:35.7,4.567439123623948,3.175605900000022,-0.9694827999999944,3.136419999999987,177.82439409999995,-105.0305172,-156.13642,259.62665502602,181,-106,-153,-25.47770700636942,684.132730888007,-2.0929368555462604,-0.7314686869899223,6.0,36.333789924363536,-7.314686869899223,-7.314686869899223,12.0,10.0
170,1,nisson,0,0,0,0,teana,0.0,0,177.82439409999995,-105.0305172,-156.13642,198.418292,-74.01570713,-244.2319501,303.3024138,-53.71551509,-195.5662321,318.76750560000005,-134.6295714,-109.0222572,0.0,0.0,19:36.1,5.578261624198941,2.175605900000022,0.030517200000005577,5.136419999999988,177.82439409999995,-105.0305172,-156.13642,257.3441275801723,180,-105,-151,-38.21656050955413,683.8249632112597,-2.6014043244086626,-1.8020533865382105,6.782329983125268,40.91159468322797,-18.020533865382106,-18.020533865382106,14.0,10.0
171,1,nisson,0,0,0,0,teana,0.0,0,177.82439409999995,-105.0305172,-156.13642,198.418292,-74.01570713,-244.2319501,303.3024138,-53.71551509,-195.5662321,318.76750560000005,-134.6295714,-109.0222572,0.0,0.0,19:36.5,2.4547184661404082,2.175605900000022,0.030517200000005577,1.1364199999999869,177.82439409999995,-105.0305172,-156.13642,259.71137826441105,180,-105,-155,-12.73885350318471,683.8249632112597,-4.348125805320138,-0.2637304986857547,3.7416573867739413,20.763706428935436,-2.637304986857547,-2.637304986857547,8.0,6.0
172,1,nisson,0,0,0,0,teana,0.0,0,177.82439409999995,-105.0305172,-156.13642,198.418292,-74.01570713,-244.2319501,303.3024138,-53.71551509,-195.5662321,318.76750560000005,-134.6295714,-109.0222572,0.0,0.0,19:36.9,6.909490180035763,3.175605900000022,0.030517200000005577,6.136419999999987,177.82439409999995,-105.0305172,-156.13642,257.46067660906976,181,-105,-150,-44.585987261146485,683.3896563253264,-3.3478276582807673,-2.1007207699208386,8.12403840463596,48.4440556897382,-21.007207699208386,-21.007207699208386,16.0,12.0
173,1,nisson,0,0,0,0,teana,0.0,0,177.9831744,-105.0289913,-155.879599,198.6473774,-74.11492177,-244.1203526,303.4872931000001,-53.72973934,-195.3879205,318.92913030000005,-134.6980929,-108.7211444,0.0,0.0,19:37.4,5.736947236735944,3.016825600000004,0.028991300000001274,4.879599000000012,177.9831744,-105.0289913,-155.879599,258.04456979366955,181,-105,-151,-38.21656050955413,683.3896563253264,-3.6808449277808704,-1.715136729360961,7.280109889280518,43.373484331031,-17.15136729360961,-17.15136729360961,14.0,11.0
174,1,nisson,0,0,0,0,teana,0.0,0,177.9831744,-105.0289913,-155.879599,198.6473774,-74.11492177,-244.1203526,303.4872931000001,-53.72973934,-195.3879205,318.92913030000005,-134.6980929,-108.7211444,0.0,0.0,19:37.8,5.036847843353238,4.016825600000004,-0.9710086999999988,2.879599000000013,177.9831744,-105.0289913,-155.879599,260.32479712851017,182,-106,-153,-25.47770700636942,683.7018001203645,-2.9853147164566356,-0.6437896260892528,6.708203932499369,38.7909929887712,-6.437896260892528,-6.437896260892528,14.0,11.0
