,Backward,Brand,Category,Class,Class_Target,Forward,Sideway,time,Mag_CarLen,Mag_CarX,Mag_CarY,Mag_CarZ,Mag_EnvX,Mag_EnvY,Mag_EnvZ,Mag_Len,Mag_X,Mag_Y,Mag_Z,Mag_Zcompoment_norm,Mag_performance_XY_plane,Mag_cosine_variations_product_XY_plane,Mag_cosine_variations_Kcriterion,Mag_square_deviation,Mag_vectorial_deviation,Mag_combined_vectorial_deviation,Mag_weighting_vectorial_deviation,Mag_each_axis_difference,Mag_each_axis_distance
0,0.0,toyota,tercel,0.0,0,1,0.0,12:13.6,5.991660871578097,-2.200000000000003,0.9000000000000057,-5.5,50.2,-195.9,-145.5,251.2568407028951,48,-195,-151,37.800687285223454,605.0169630285849,-1.0224639565918192,5.848982703458927,5.991660871578099,37.64168822032499,58.48982703458927,58.48982703458927,12.800000000000011,8.600000000000009
1,0.0,toyota,tercel,0.0,0,1,0.0,12:14.1,2.8460498941515384,2.799999999999997,-0.09999999999999433,0.5,50.2,-195.9,-145.5,249.499498997493,53,-196,-145,-3.4364261168384758,613.1814658044259,14.467555410473683,0.8245029191089798,2.8460498941515384,14.54407741920924,8.245029191089797,8.245029191089797,5.799999999999983,3.3999999999999915
2,0.0,toyota,tercel,0.0,0,1,0.0,12:14.5,4.571651780264983,0.7999999999999972,-0.09999999999999433,4.5,50.2,-195.9,-145.5,246.7752013472991,51,-196,-141,-30.927835051546392,609.7966177830191,-0.6526034393114405,-1.7843876885938303,4.571651780264983,25.7398563117181,-17.843876885938304,-17.843876885938304,9.199999999999989,5.3999999999999915
3,0.0,toyota,tercel,0.0,0,1,0.0,12:14.9,6.920982589199313,-4.200000000000003,-0.09999999999999433,-5.5,50.2,-195.9,-145.5,251.66048557530846,46,-196,-151,37.800687285223454,601.0164422384098,-2.4947911899843915,6.401465239500253,6.920982589199313,42.20258809644323,64.01465239500254,64.01465239500254,10.800000000000011,9.799999999999997
4,0.0,toyota,tercel,0.0,0,1,0.0,12:15.3,3.0822070014844867,1.7999999999999972,-0.09999999999999433,-2.5,50.2,-195.9,-145.5,251.04581255221126,52,-196,-148,17.18213058419238,611.4981284431656,1.0072428551427557,2.841054372368859,3.0822070014844867,16.73613185965797,28.41054372368859,28.41054372368859,8.599999999999994,4.3999999999999915
5,0.0,toyota,tercel,0.0,0,1,0.0,12:15.8,3.754996671103717,2.799999999999997,-0.09999999999999433,2.5,50.2,-195.9,-145.5,248.34250542345745,53,-196,-143,-17.18213058419249,613.1814658044259,-4.102347467457351,-0.2361586105310315,3.7549966711037155,23.02899964618335,-2.361586105310315,-2.361586105310315,5.799999999999983,5.3999999999999915
6,0.0,toyota,tercel,0.0,0,1,0.0,12:16.2,3.53553390593274,-3.200000000000003,-0.09999999999999433,1.5,50.2,-195.9,-145.5,247.71152577141015,47,-196,-144,-10.309278350515427,602.8088101035531,2.3931190410058507,0.6367947923546613,3.53553390593274,19.381984261303163,6.3679479235466125,6.3679479235466125,9.400000000000006,4.799999999999997
7,0.0,toyota,tercel,0.0,0,1,0.0,12:16.6,3.807886552931957,-1.2000000000000028,0.9000000000000057,-3.5,50.2,-195.9,-145.5,250.25387109893023,49,-195,-149,24.05498281786933,606.7774672568949,-0.8003516354530865,3.6872077052461787,3.8078865529319565,24.186365759531732,36.87207705246179,36.87207705246179,8.800000000000011,5.6000000000000085
8,0.0,toyota,tercel,0.0,0,1,0.0,12:17.0,6.774953874381727,3.799999999999997,-1.0999999999999943,5.5,50.2,-195.9,-145.5,247.63884994079586,54,-197,-140,-37.80068728522335,614.392001458321,-1.8029164287392325,-1.2054884377460717,6.774953874381726,44.43251198451237,-12.054884377460716,-12.054884377460716,13.199999999999989,10.399999999999991
9,0.0,toyota,tercel,0.0,0,1,0.0,12:17.4,2.7748873851023226,-1.2000000000000028,-0.09999999999999433,2.5,50.2,-195.9,-145.5,247.5196961859803,49,-196,-143,-17.18213058419249,606.3390625908323,0.6394448897792635,-0.8118897695043814,2.7748873851023226,15.35754507758169,-8.118897695043813,-8.118897695043813,7.400000000000006,3.799999999999997
10,0.0,toyota,tercel,0.0,0,1,0.0,12:17.9,6.457553716385176,-3.200000000000003,-1.0999999999999943,-5.5,50.2,-195.9,-145.5,252.62422686670413,47,-197,-151,37.800687285223454,602.3828380870629,-2.372268127529986,5.976623236868248,6.457553716385176,35.6651596705205,59.76623236868247,59.76623236868247,8.800000000000011,9.799999999999997
11,0.0,toyota,tercel,0.0,0,1,0.0,12:18.3,3.3015148038438347,2.799999999999997,0.9000000000000057,-1.5,50.2,-195.9,-145.5,249.88597399614085,53,-195,-147,10.309278350515427,613.6358482869028,1.7745578924753287,2.687899184240611,3.3015148038438347,20.811911278910078,26.87899184240611,26.87899184240611,8.599999999999994,5.200000000000003
12,0.0,toyota,tercel,0.0,0,1,0.0,12:18.7,3.5916569992135936,0.7999999999999972,-0.09999999999999433,3.5,50.2,-195.9,-145.5,247.34793308212625,51,-196,-142,-24.05498281786944,609.7966177830191,-0.7713325071978495,-1.3288624216702682,3.5916569992135936,20.702370889309762,-13.288624216702683,-13.288624216702683,7.199999999999989,4.3999999999999915
13,0.0,toyota,tercel,0.0,0,1,0.0,12:19.1,4.062019202317981,-3.200000000000003,-0.09999999999999433,-2.5,50.2,-195.9,-145.5,250.05799327356044,47,-196,-148,17.18213058419238,602.8088101035531,-5.3959757193598294,3.3234543042046094,4.062019202317982,23.88900248306458,33.23454304204609,33.23454304204609,6.200000000000017,5.799999999999997
14,0.0,toyota,tercel,0.0,0,1,0.0,12:19.5,3.619392214170773,-0.20000000000000284,0.9000000000000057,-3.5,50.2,-195.9,-145.5,250.45159212909786,50,-195,-149,24.05498281786933,608.5196081558744,-0.2404418719197882,3.364901892479813,3.619392214170773,20.49326794103104,33.64901892479813,33.64901892479813,8.800000000000011,4.6000000000000085
15,0.0,toyota,tercel,0.0,0,1,0.0,12:20.0,6.236986451805072,2.799999999999997,0.9000000000000057,5.5,50.2,-195.9,-145.5,245.8332768361517,53,-195,-140,-37.80068728522335,613.6358482869028,-2.044840833152727,-1.6813883021482623,6.23698645180507,35.52126171201159,-16.813883021482624,-16.813883021482624,9.199999999999989,9.200000000000003
16,0.0,toyota,tercel,0.0,0,1,0.0,12:20.4,2.664582518894848,-2.200000000000003,-0.09999999999999433,1.5,50.2,-195.9,-145.5,247.90320691753868,48,-196,-144,-10.309278350515427,604.5830205056155,1.8300463738445494,0.186902514911777,2.6645825188948478,15.33254475547538,1.86902514911777,1.86902514911777,7.400000000000006,3.799999999999997
17,0.0,toyota,tercel,0.0,0,1,0.0,12:20.8,4.743416490252571,-3.200000000000003,-0.09999999999999433,-3.5,50.2,-195.9,-145.5,250.6511520021402,47,-196,-149,24.05498281786933,602.8088101035531,-3.2047096671093973,4.240707180399628,4.743416490252571,28.777661611059436,42.407071803996274,42.407071803996274,6.800000000000011,6.799999999999997
18,0.0,toyota,tercel,0.0,0,1,0.0,12:21.2,4.277849927241488,3.799999999999997,1.9000000000000057,-0.5,50.2,-195.9,-145.5,248.73278834926444,54,-194,-146,3.4364261168384758,615.7657741840965,2.447479447482546,2.54123093088916,4.277849927241488,24.92505713305937,25.4123093088916,25.4123093088916,8.599999999999994,6.200000000000003
19,0.0,toyota,tercel,0.0,0,1,0.0,12:21.7,6.6105975524153635,0.7999999999999972,0.9000000000000057,6.5,50.2,-195.9,-145.5,244.840764579757,51,-195,-139,-44.6735395189003,610.2433835373272,-0.6726911624641279,-2.77658760369707,6.610597552415364,33.21785689455356,-27.7658760369707,-27.7658760369707,11.400000000000006,8.200000000000003
20,0.0,toyota,tercel,0.0,0,1,0.0,12:22.1,6.3639610306789285,-3.200000000000003,-0.09999999999999433,-5.5,50.2,-195.9,-145.5,251.84519054371484,47,-196,-151,37.800687285223454,602.8088101035531,-1.842956179577098,6.074921264046496,6.3639610306789285,38.49709347028618,60.749212640464954,60.749212640464954,10.800000000000011,8.799999999999997
21,0.0,toyota,tercel,0.0,0,1,0.0,12:22.5,4.03732584763727,1.7999999999999972,0.9000000000000057,-3.5,50.2,-195.9,-145.5,250.85852586667247,52,-195,-149,24.05498281786933,611.9487950807894,0.6434216712118804,3.884146624074844,4.03732584763727,24.72064861784337,38.84146624074844,38.84146624074844,10.599999999999994,6.200000000000003
22,0.0,toyota,tercel,0.0,0,1,0.0,12:22.9,5.9581876439064905,3.799999999999997,0.9000000000000057,4.5,50.2,-195.9,-145.5,246.62116697477526,54,-195,-141,-30.927835051546392,615.3045524291631,-4.006075224168491,-0.910912505664313,5.958187643906491,34.1177423710583,-9.10912505664313,-9.10912505664313,7.199999999999989,9.200000000000003
23,0.0,toyota,tercel,0.0,0,1,0.0,12:23.3,2.8809720581775866,-2.200000000000003,-1.0999999999999943,1.5,50.2,-195.9,-145.5,248.69459181896173,48,-197,-144,-10.309278350515427,604.152399329866,1.4619123767231341,0.3990251470165712,2.8809720581775866,19.302195789713235,3.9902514701657124,3.9902514701657124,7.400000000000006,4.799999999999997
24,0.0,toyota,tercel,0.0,0,1,0.0,12:23.8,5.594640292279748,-3.200000000000003,0.9000000000000057,-4.5,50.2,-195.9,-145.5,250.467562770112,47,-195,-150,30.927835051546282,603.238101571801,-1.779286661658267,5.256184541275885,5.594640292279748,36.48784074660325,52.56184541275885,52.56184541275885,10.800000000000011,8.600000000000009
25,0.0,toyota,tercel,0.0,0,1,0.0,12:24.2,2.9832867780352585,2.799999999999997,0.9000000000000057,0.5,50.2,-195.9,-145.5,248.71469598718934,53,-195,-145,-3.4364261168384758,613.6358482869028,5.048397553249187,1.0457170933760418,2.9832867780352585,14.92239564812281,10.457170933760418,10.457170933760418,4.599999999999994,4.200000000000003
26,0.0,toyota,tercel,0.0,0,1,0.0,12:24.6,5.558776843874918,0.7999999999999972,-0.09999999999999433,5.5,50.2,-195.9,-145.5,246.2051989702898,51,-196,-140,-37.80068728522335,609.7966177830191,-0.5786443589090138,-2.239946847585239,5.558776843874918,30.795960902613494,-22.39946847585239,-22.39946847585239,11.199999999999989,6.3999999999999915
27,0.0,toyota,tercel,0.0,0,1,0.0,12:25.0,3.7013511046643504,-3.200000000000003,-1.0999999999999943,-1.5,50.2,-195.9,-145.5,250.25387109893023,47,-197,-147,10.309278350515427,602.3828380870629,15.687264469738976,2.4871707022436325,3.7013511046643504,17.93981583072643,24.871707022436322,24.871707022436322,4.200000000000017,5.799999999999997
28,0.0,toyota,tercel,0.0,0,1,0.0,12:25.4,5.02991053598372,-1.2000000000000028,1.9000000000000057,-4.5,50.2,-195.9,-145.5,250.07398905124057,49,-194,-150,30.927835051546282,607.2192260219394,-0.5263570810087158,4.704240627332027,5.02991053598372,31.910936285265006,47.04240627332027,47.04240627332027,12.800000000000011,7.6000000000000085
29,0.0,toyota,tercel,0.0,0,1,0.0,12:25.9,5.244044240850757,3.799999999999997,0.9000000000000057,3.5,50.2,-195.9,-145.5,247.19425559668656,54,-195,-142,-24.05498281786944,615.3045524291631,-6.713010920529818,-0.45770086934544263,5.244044240850757,29.05708198937143,-4.5770086934544265,-4.5770086934544265,5.799999999999983,8.200000000000003
30,0.0,toyota,tercel,0.0,0,1,0.0,12:26.3,2.9832867780352585,-1.2000000000000028,-1.0999999999999943,2.5,50.2,-195.9,-145.5,248.31230336010339,49,-197,-143,-17.18213058419249,605.903978496169,0.5929134985719627,-0.5987401073187709,2.9832867780352585,19.33314835239844,-5.987401073187709,-5.987401073187709,7.400000000000006,4.799999999999997
31,0.0,toyota,tercel,0.0,0,1,0.0,12:26.7,5.5767373974394765,-4.200000000000003,-1.0999999999999943,-3.5,50.2,-195.9,-145.5,251.2488805945213,46,-197,-149,24.05498281786933,600.5953063857019,-8.202629033153478,4.471348154683518,5.576737397439476,29.66985303421521,44.71348154683519,44.71348154683519,6.200000000000017,8.799999999999997
32,0.0,toyota,tercel,0.0,0,1,0.0,12:27.1,6.8044103344816,1.7999999999999972,0.9000000000000057,-6.5,50.2,-195.9,-145.5,252.65193448695385,52,-195,-152,44.673539518900405,611.9487950807894,0.29746240835295484,6.350637621319985,6.8044103344816,36.42491481821339,63.50637621319985,63.50637621319985,16.599999999999994,9.200000000000003
33,0.0,toyota,tercel,0.0,0,1,0.0,12:27.6,5.787918451395112,1.7999999999999972,-0.09999999999999433,5.5,50.2,-195.9,-145.5,246.41428530018302,52,-196,-140,-37.80068728522335,611.4981284431656,-1.049247851063772,-1.919251683561124,5.787918451395112,34.4854050510201,-19.19251683561124,-19.19251683561124,11.199999999999989,7.3999999999999915
34,0.0,toyota,tercel,0.0,0,1,0.0,12:28.0,4.135214625627068,-2.200000000000003,-0.09999999999999433,-3.5,50.2,-195.9,-145.5,250.8405868275706,48,-196,-149,24.05498281786933,604.5830205056155,-2.046834241785796,3.9152623621274083,4.135214625627068,25.07428348099555,39.15262362127409,39.15262362127409,6.800000000000011,5.799999999999997
35,0.0,toyota,tercel,0.0,0,1,0.0,12:28.4,4.8682645778552365,-3.200000000000003,-1.0999999999999943,-3.5,50.2,-195.9,-145.5,251.4338879308038,47,-197,-149,24.05498281786933,602.3828380870629,-5.163819737950048,4.144794426773735,4.868264577855235,25.967953404823497,41.44794426773735,41.44794426773735,4.800000000000011,7.799999999999997
36,0.0,toyota,tercel,0.0,0,1,0.0,12:28.8,3.3015148038438347,2.799999999999997,0.9000000000000057,1.5,50.2,-195.9,-145.5,248.13302883735568,53,-195,-144,-10.309278350515427,613.6358482869028,26.34357425746839,0.22459466532137318,3.3015148038438347,16.24747238286048,2.245946653213732,2.245946653213732,3.799999999999983,5.200000000000003
37,0.0,toyota,tercel,0.0,0,1,0.0,12:29.2,5.282045058497699,1.7999999999999972,-2.0999999999999943,4.5,50.2,-195.9,-145.5,248.57393266390582,52,-198,-141,-30.927835051546392,610.6066719083116,-0.7531748131627041,-1.3017827247045588,5.282045058497699,34.70045654154641,-13.017827247045588,-13.017827247045588,13.199999999999989,8.399999999999991
38,0.0,toyota,tercel,0.0,0,1,0.0,12:29.7,4.277849927241488,-2.200000000000003,-1.0999999999999943,3.5,50.2,-195.9,-145.5,247.5419156425837,48,-197,-142,-24.05498281786944,604.152399329866,0.799472367598825,-0.696561813445204,4.277849927241488,27.475254187409398,-6.96561813445204,-6.96561813445204,11.400000000000006,6.799999999999997
39,0.0,toyota,tercel,0.0,0,1,0.0,12:30.1,6.024948132556827,-2.200000000000003,-1.0999999999999943,-5.5,50.2,-195.9,-145.5,252.8121832507286,48,-197,-151,37.800687285223454,604.152399329866,-1.6402384011076117,5.6528808580782215,6.024948132556827,31.98334920357468,56.52880858078221,56.52880858078221,8.800000000000011,8.799999999999997
40,0.0,toyota,tercel,0.0,0,1,0.0,12:30.5,2.3452078799117118,1.7999999999999972,-0.09999999999999433,1.5,50.2,-195.9,-145.5,248.70866490735702,52,-196,-144,-10.309278350515427,611.4981284431656,-4.350077627253501,-0.09856428881854784,2.345207879911712,14.359065260344806,-0.9856428881854784,-0.9856428881854784,3.799999999999983,3.3999999999999915
41,0.0,toyota,tercel,0.0,0,1,0.0,12:30.9,2.626785107312738,0.7999999999999972,-0.09999999999999433,2.5,50.2,-195.9,-145.5,247.92337525937324,51,-196,-143,-17.18213058419249,609.7966177830191,-0.9931056150478819,-0.8733555565634876,2.626785107312738,15.683573973943654,-8.733555565634877,-8.733555565634877,5.199999999999989,3.3999999999999915
42,0.0,toyota,tercel,0.0,0,1,0.0,12:31.3,3.3615472627943266,-3.200000000000003,0.9000000000000057,-0.5,50.2,-195.9,-145.5,248.09272460110557,47,-195,-146,3.4364261168384758,603.238101571801,-36.36165449257746,1.582166885293637,3.3615472627943266,16.848776291323116,15.821668852936371,15.821668852936371,8.200000000000017,4.6000000000000085
43,0.0,toyota,tercel,0.0,0,1,0.0,12:31.8,3.5071355833500366,-0.20000000000000284,-0.09999999999999433,-3.5,50.2,-195.9,-145.5,251.23096942853203,50,-196,-149,24.05498281786933,608.0769293912364,-0.4018243578971462,3.2703325624598905,3.5071355833500366,17.70197690157796,32.703325624598904,32.703325624598904,6.800000000000011,3.799999999999997
44,0.0,toyota,tercel,0.0,0,1,0.0,12:32.2,4.086563348340507,3.799999999999997,-0.09999999999999433,1.5,50.2,-195.9,-145.5,249.134501825821,54,-196,-144,-10.309278350515427,614.8466380086903,-38.543802869216435,0.5337754474211781,4.086563348340507,21.67211121363341,5.337754474211781,5.337754474211781,7.799999999999983,5.3999999999999915
45,0.0,toyota,tercel,0.0,0,1,0.0,12:32.6,5.0299105359837135,0.7999999999999972,-2.0999999999999943,4.5,50.2,-195.9,-145.5,248.36666442983045,51,-198,-141,-30.927835051546392,608.9129879635157,-0.3531570469092349,-1.6204819635818186,5.0299105359837135,31.0400917102113,-16.204819635818186,-16.204819635818186,13.199999999999989,7.3999999999999915
46,0.0,toyota,tercel,0.0,0,1,0.0,12:33.0,3.53553390593274,-3.200000000000003,-0.09999999999999433,-1.5,50.2,-195.9,-145.5,249.4674327442361,47,-196,-147,10.309278350515427,602.8088101035531,-20.019516111115934,2.4061223365564546,3.53553390593274,18.98110351617438,24.061223365564544,24.061223365564544,6.200000000000017,4.799999999999997
47,0.0,toyota,tercel,0.0,0,1,0.0,12:33.5,3.5916569992135936,0.7999999999999972,-0.09999999999999433,-3.5,50.2,-195.9,-145.5,251.43189932862538,51,-196,-149,24.05498281786933,609.7966177830191,0.19714683947566644,3.2186969292231833,3.5916569992135936,16.711665375775038,32.18696929223183,32.18696929223183,8.599999999999994,4.3999999999999915
48,0.0,toyota,tercel,0.0,0,1,0.0,12:33.9,6.68580586017871,3.799999999999997,-0.09999999999999433,5.5,50.2,-195.9,-145.5,246.84408034222736,54,-196,-140,-37.80068728522335,614.8466380086903,-2.243182284219327,-1.2842600900589973,6.68580586017871,41.82455909563443,-12.842600900589973,-12.842600900589973,11.199999999999989,9.399999999999991
49,0.0,toyota,tercel,0.0,0,1,0.0,12:34.3,4.086563348340508,-0.20000000000000284,-2.0999999999999943,3.5,50.2,-195.9,-145.5,248.73278834926444,50,-198,-142,-24.05498281786944,607.2014908489288,0.04945998947678517,-1.386783654729054,4.0865633483405075,23.319487060888683,-13.86783654729054,-13.86783654729054,11.199999999999989,5.799999999999997
50,0.0,toyota,tercel,0.0,0,1,0.0,12:34.7,4.8682645778552365,-3.200000000000003,-1.0999999999999943,-3.5,50.2,-195.9,-145.5,251.4338879308038,47,-197,-149,24.05498281786933,602.3828380870629,-5.163819737950048,4.144794426773735,4.868264577855235,25.967953404823497,41.44794426773735,41.44794426773735,4.800000000000011,7.799999999999997
51,0.0,toyota,tercel,0.0,0,1,0.0,12:35.1,2.3452078799117118,1.7999999999999972,-0.09999999999999433,-1.5,50.2,-195.9,-145.5,250.45758123881973,52,-196,-147,10.309278350515427,611.4981284431656,1.6277824929167006,2.0190518186787214,2.345207879911712,12.780861264248738,20.190518186787216,20.190518186787216,6.599999999999994,3.3999999999999915
52,0.0,toyota,tercel,0.0,0,1,0.0,12:35.6,8.972179222463177,4.799999999999997,-1.0999999999999943,7.5,50.2,-195.9,-145.5,246.734675309329,55,-197,-138,-51.54639175257736,616.0356550460334,-1.7695421723134148,-1.8033351421500532,8.972179222463177,58.23390107401416,-18.033351421500534,-18.033351421500534,17.19999999999999,13.399999999999991
53,0.0,toyota,tercel,0.0,0,1,0.0,12:36.0,4.254409477236528,-1.2000000000000028,-2.0999999999999943,3.5,50.2,-195.9,-145.5,248.5336999281989,49,-198,-142,-24.05498281786944,605.4721817830374,0.4197977478703468,-0.936759853030314,4.2544094772365275,27.36240947082577,-9.36759853030314,-9.36759853030314,11.199999999999989,6.799999999999997
54,0.0,toyota,tercel,0.0,0,1,0.0,12:36.4,5.128352561983234,-2.200000000000003,-1.0999999999999943,-4.5,50.2,-195.9,-145.5,252.21617711796364,48,-197,-150,30.927835051546282,604.152399329866,-2.1298954969064896,4.736590154666506,5.128352561983234,27.139863196843443,47.365901546665064,47.365901546665064,6.800000000000011,7.799999999999997
55,0.0,toyota,tercel,0.0,0,1,0.0,12:36.8,3.5355339059327324,2.799999999999997,-2.0999999999999943,0.5,50.2,-195.9,-145.5,251.073694360839,53,-198,-145,-3.4364261168384758,612.2825450936041,-4.198586940928722,0.8443070126454233,3.535533905932732,18.38592849651549,8.443070126454232,8.443070126454232,9.799999999999983,5.3999999999999915
56,0.0,toyota,tercel,0.0,0,1,0.0,12:37.2,8.961026726887939,3.799999999999997,-3.0999999999999943,7.5,50.2,-195.9,-145.5,248.114892741246,54,-199,-138,-51.54639175257736,613.4924451202938,-1.0268591582518,-1.968448692963859,8.961026726887937,59.69407763359208,-19.684486929638588,-19.684486929638588,21.19999999999999,14.399999999999991
57,0.0,toyota,tercel,0.0,0,1,0.0,12:37.7,4.1593268686170815,-1.2000000000000028,-3.0999999999999943,2.5,50.2,-195.9,-145.5,249.90198078446682,49,-199,-143,-17.18213058419249,605.0436395986412,0.5430707861074007,-0.17756909842889523,4.159326868617081,27.208197422022213,-1.7756909842889523,-1.7756909842889523,11.199999999999989,6.799999999999997
58,0.0,toyota,tercel,0.0,0,1,0.0,12:38.1,6.008327554319919,-1.2000000000000028,-2.0999999999999943,-5.5,50.2,-195.9,-145.5,253.7833721897477,49,-198,-151,37.800687285223454,605.4721817830374,-1.3726178167466534,5.235666013870627,6.008327554319919,25.52549926932618,52.35666013870627,52.35666013870627,8.599999999999994,8.799999999999997
59,0.0,toyota,tercel,0.0,0,1,0.0,12:38.5,6.252999280345389,3.799999999999997,-2.0999999999999943,4.5,50.2,-195.9,-145.5,249.0,54,-198,-141,-30.927835051546392,613.9406135149204,-1.7359999618390975,-0.6706629183376223,6.252999280345389,41.98225937923389,-6.706629183376222,-6.706629183376222,13.199999999999989,10.399999999999991
60,0.0,toyota,tercel,0.0,0,1,0.0,12:38.9,7.409453421137076,2.799999999999997,-4.099999999999993,5.5,50.2,-195.9,-145.5,249.81793370372762,53,-200,-140,-37.80068728522335,611.3965503527722,-0.7474844256434962,-1.289013269503464,7.409453421137077,48.5285426148076,-12.890132695034639,-12.890132695034639,19.19999999999999,12.399999999999991
61,0.0,toyota,tercel,0.0,0,1,0.0,12:39.3,3.834057902536161,-2.200000000000003,-3.0999999999999943,-0.5,50.2,-195.9,-145.5,251.4378650879776,48,-199,-146,3.4364261168384758,603.3009859962874,2.0696980037451076,1.9153510914632355,3.8340579025361596,19.08284355947454,19.153510914632356,19.153510914632356,5.199999999999989,5.799999999999997
62,0.0,toyota,tercel,0.0,0,1,0.0,12:39.8,4.636809247747852,-0.20000000000000284,-1.0999999999999943,-4.5,50.2,-195.9,-145.5,252.60443384865602,50,-197,-150,30.927835051546282,607.6375677852063,-0.5518978133810151,4.094142320791969,4.636809247747851,19.801279311151916,40.941423207919684,40.941423207919684,8.599999999999994,5.799999999999997
63,0.0,toyota,tercel,0.0,0,1,0.0,12:40.9,5.941380311005178,0.7999999999999972,-2.0999999999999943,5.5,50.2,-195.9,-145.5,247.80032284079047,51,-198,-140,-37.80068728522335,608.9129879635157,-0.3394472068660244,-2.0786368311468904,5.941380311005177,36.06941737343822,-20.786368311468905,-20.786368311468905,15.199999999999989,8.399999999999991
64,0.0,toyota,tercel,0.0,0,1,0.0,12:41.3,3.5071355833500366,-2.200000000000003,-1.0999999999999943,-2.5,50.2,-195.9,-145.5,251.03187048659768,48,-197,-148,17.18213058419238,604.152399329866,-6.565456553518665,2.903742303614165,3.5071355833500366,17.395753307035132,29.037423036141654,29.037423036141654,2.8000000000000114,5.799999999999997
65,0.0,toyota,tercel,0.0,0,1,0.0,12:41.7,3.728270376461445,1.7999999999999972,-2.0999999999999943,-2.5,50.2,-195.9,-145.5,252.61037191691082,52,-198,-148,17.18213058419238,610.6066719083116,1.7322120637153617,2.4045845709843974,3.7282703764614453,8.720116319132664,24.04584570984397,24.04584570984397,8.599999999999994,6.3999999999999915
66,0.0,toyota,tercel,0.0,0,1,0.0,12:42.1,5.282045058497699,3.799999999999997,-1.0999999999999943,3.5,50.2,-195.9,-145.5,248.77499874384483,54,-197,-142,-24.05498281786944,614.392001458321,-2.803278113437153,-0.29381398850283624,5.282045058497699,34.34604896902313,-2.938139885028362,-2.938139885028362,9.799999999999983,8.399999999999991
67,0.0,toyota,tercel,0.0,0,1,0.0,12:42.6,4.679743582719032,-0.20000000000000284,-3.0999999999999943,3.5,50.2,-195.9,-145.5,249.52955736745886,50,-199,-142,-24.05498281786944,606.768666405675,0.10042096583258411,-1.176023191913758,4.679743582719032,27.25000387537721,-11.760231919137581,-11.760231919137581,13.199999999999989,6.799999999999997
68,0.0,toyota,tercel,0.0,0,1,0.0,12:43.0,2.9832867780352585,-1.2000000000000028,-1.0999999999999943,-2.5,50.2,-195.9,-145.5,251.22499875609512,49,-197,-148,17.18213058419238,605.903978496169,-2.974117106948347,2.5807202000853016,2.9832867780352585,13.712305192948138,25.807202000853014,25.807202000853014,2.8000000000000114,4.799999999999997
69,0.0,toyota,tercel,0.0,0,1,0.0,12:43.4,4.679743582719032,3.799999999999997,-1.0999999999999943,2.5,50.2,-195.9,-145.5,249.34714756740246,54,-197,-143,-17.18213058419249,614.392001458321,-4.033613405637641,0.1619602547281107,4.679743582719032,29.330209573073084,1.619602547281107,1.619602547281107,9.799999999999983,7.3999999999999915
70,0.0,toyota,tercel,0.0,0,1,0.0,12:43.8,6.906518659932799,2.799999999999997,-3.0999999999999943,5.5,50.2,-195.9,-145.5,249.0180716333656,53,-199,-140,-37.80068728522335,611.8379468374656,-0.8849466454103679,-1.3652927347174297,6.906518659932799,45.96568100065265,-13.652927347174298,-13.652927347174298,17.19999999999999,11.399999999999991
71,0.0,toyota,tercel,0.0,0,1,0.0,12:44.3,4.527692569068704,-1.2000000000000028,-4.099999999999993,1.5,50.2,-195.9,-145.5,251.27077028576164,49,-200,-144,-10.309278350515427,604.618319426424,0.6742346703345227,0.580716890489627,4.527692569068704,27.055608489111233,5.807168904896271,5.807168904896271,11.199999999999989,6.799999999999997
72,0.0,toyota,tercel,0.0,0,1,0.0,12:44.7,5.594640292279743,-1.2000000000000028,-3.0999999999999943,-4.5,50.2,-195.9,-145.5,253.972439449638,49,-199,-150,30.927835051546282,605.0436395986412,-3.0826588342819736,4.2270914734371114,5.594640292279743,17.93223239456093,42.27091473437111,42.27091473437111,6.599999999999994,8.799999999999997
73,0.0,toyota,tercel,0.0,0,1,0.0,12:45.1,5.57673739743947,3.799999999999997,-2.0999999999999943,3.5,50.2,-195.9,-145.5,249.56762610563086,54,-198,-142,-24.05498281786944,613.9406135149204,-2.1116938371362566,-0.2135617870886508,5.57673739743947,36.961423291528796,-2.135617870886508,-2.135617870886508,11.799999999999983,9.399999999999991
74,0.0,toyota,tercel,0.0,0,1,0.0,12:45.5,7.409453421137076,2.799999999999997,-4.099999999999993,5.5,50.2,-195.9,-145.5,249.81793370372762,53,-200,-140,-37.80068728522335,611.3965503527722,-0.7474844256434962,-1.289013269503464,7.409453421137077,48.5285426148076,-12.890132695034639,-12.890132695034639,19.19999999999999,12.399999999999991
75,0.0,toyota,tercel,0.0,0,1,0.0,12:45.9,4.679743582719032,-2.200000000000003,-4.099999999999993,0.5,50.2,-195.9,-145.5,251.65253823476527,48,-200,-145,-3.4364261168384758,602.8801272279209,1.278096339214703,1.5742093681862246,4.679743582719032,27.013346083044233,15.742093681862245,15.742093681862245,9.199999999999989,6.799999999999997
76,0.0,toyota,tercel,0.0,0,1,0.0,12:46.4,3.885871845545084,1.7999999999999972,-3.0999999999999943,-1.5,50.2,-195.9,-145.5,252.8121832507286,52,-199,-147,10.309278350515427,610.1658203554052,-5.120971070733624,1.5314190498402187,3.8858718455450836,7.571706535501072,15.314190498402185,15.314190498402185,9.799999999999983,6.3999999999999915
77,0.0,toyota,tercel,0.0,0,1,0.0,12:46.8,6.906518659932799,4.799999999999997,-2.0999999999999943,4.5,50.2,-195.9,-145.5,249.218779388713,55,-198,-141,-30.927835051546392,615.5808867080176,-2.3533095163214477,-0.3582527873887492,6.906518659932799,45.60346256857659,-3.582527873887492,-3.582527873887492,13.799999999999983,11.399999999999991
78,0.0,toyota,tercel,0.0,0,1,0.0,12:47.2,4.086563348340508,-0.20000000000000284,-2.0999999999999943,3.5,50.2,-195.9,-145.5,248.73278834926444,50,-198,-142,-24.05498281786944,607.2014908489288,0.04945998947678517,-1.386783654729054,4.0865633483405075,23.319487060888683,-13.86783654729054,-13.86783654729054,11.199999999999989,5.799999999999997
79,0.0,toyota,tercel,0.0,0,1,0.0,12:47.6,6.473020933072901,-2.200000000000003,-4.099999999999993,-4.5,50.2,-195.9,-145.5,254.566297847928,48,-200,-150,30.927835051546282,602.8801272279209,-19.090344634155144,4.454887994029241,6.473020933072901,18.832396064642793,44.548879940292416,44.548879940292416,4.599999999999994,10.799999999999997
80,0.0,toyota,tercel,0.0,0,1,0.0,12:48.0,5.128352561983228,3.799999999999997,-3.0999999999999943,1.5,50.2,-195.9,-145.5,251.501491049258,54,-199,-144,-10.309278350515427,613.4924451202938,-2.6853276660798704,0.7821985508783574,5.128352561983228,29.596159786193372,7.821985508783574,7.821985508783574,13.799999999999983,8.399999999999991
81,0.0,toyota,tercel,0.0,0,1,0.0,12:48.5,6.65582451691749,3.799999999999997,-3.0999999999999943,4.5,50.2,-195.9,-145.5,249.79591670001327,54,-199,-141,-30.927835051546392,613.4924451202938,-1.4219021963607543,-0.5928017808440267,6.65582451691749,44.565142913754855,-5.928017808440266,-5.928017808440266,15.199999999999989,11.399999999999991
82,0.0,toyota,tercel,0.0,0,1,0.0,12:48.9,5.57673739743947,-2.200000000000003,-5.099999999999994,-0.5,50.2,-195.9,-145.5,253.0237143036201,48,-201,-146,3.4364261168384758,602.4624565822742,1.46248827024087,2.329393160941293,5.57673739743947,26.862606009436323,23.293931609412926,23.293931609412926,9.199999999999989,7.799999999999997
83,0.0,toyota,tercel,0.0,0,1,0.0,12:49.3,5.4497706373754795,0.7999999999999972,-4.099999999999993,-3.5,50.2,-195.9,-145.5,254.56236956785267,51,-200,-149,24.05498281786933,608.0423501995226,-1.7349056510321752,2.5876063089336627,5.44977063737548,3.113213882330407,25.876063089336625,25.876063089336625,9.799999999999983,8.399999999999991
84,0.0,toyota,tercel,0.0,0,1,0.0,12:49.7,10.63484837691633,5.799999999999998,-6.099999999999994,6.5,50.2,-195.9,-145.5,251.51739502467817,56,-202,-139,-44.6735395189003,615.4031062310728,-1.2590962202630238,-0.6726543772678867,10.63484837691633,69.3274366756528,-6.726543772678867,-6.726543772678867,25.19999999999999,18.39999999999999
85,0.0,toyota,tercel,0.0,0,1,0.0,12:50.2,8.117881497040955,1.7999999999999972,-7.099999999999994,3.5,50.2,-195.9,-145.5,253.1343516791034,52,-203,-142,-24.05498281786944,608.4342184740246,-0.2513465984443221,-0.4511779509453917,8.117881497040955,42.602387609428135,-4.511779509453917,-4.511779509453917,21.19999999999999,12.399999999999991
86,0.0,toyota,tercel,0.0,0,1,0.0,12:50.6,7.120393247567152,-0.20000000000000284,-7.099999999999994,0.5,50.2,-195.9,-145.5,254.42877195788998,50,-203,-145,-3.4364261168384758,605.0692609465889,0.43165865419479305,1.3081758691878276,7.120393247567153,30.640199727147653,13.081758691878276,13.081758691878276,15.199999999999989,7.799999999999997
87,0.0,toyota,tercel,0.0,0,1,0.0,12:51.0,10.124228365658286,4.799999999999997,-6.099999999999994,6.5,50.2,-195.9,-145.5,251.2966374625813,55,-202,-139,-44.6735395189003,613.793587215045,-0.9921644250847037,-0.9804788846463908,10.124228365658288,65.76370674752347,-9.804788846463907,-9.804788846463907,25.19999999999999,17.39999999999999
88,0.0,toyota,tercel,0.0,0,1,0.0,12:51.4,14.570518178843189,3.799999999999997,-8.099999999999994,11.5,50.2,-195.9,-145.5,249.9759988478894,54,-204,-134,-79.03780068728527,611.2988940888972,-0.4881175635770245,-3.476570132154841,14.57051817884319,92.24674970691474,-34.765701321548406,-34.765701321548406,39.19999999999999,23.39999999999999
89,0.0,toyota,tercel,0.0,0,1,0.0,12:51.8,12.070625501605122,-1.2000000000000028,-10.099999999999994,6.5,50.2,-195.9,-145.5,253.29429523777281,49,-206,-139,-44.6735395189003,602.1322818011984,0.29857534327430096,-0.9670081432884947,12.070625501605122,70.26079728069368,-9.670081432884947,-9.670081432884947,33.19999999999999,17.799999999999997
90,0.0,toyota,tercel,0.0,0,1,0.0,12:52.3,10.183319694480767,2.799999999999997,-8.099999999999994,5.5,50.2,-195.9,-145.5,253.03161857759991,53,-204,-140,-37.80068728522335,609.6623972366915,-0.4001397618693334,-0.9944332142949347,10.183319694480769,58.591932371631046,-9.944332142949348,-9.944332142949348,27.19999999999999,16.39999999999999
91,0.0,toyota,tercel,0.0,0,1,0.0,12:52.7,19.685019685029523,5.799999999999998,-13.099999999999996,13.5,50.2,-195.9,-145.5,253.45808331951062,56,-209,-132,-92.78350515463917,612.3702556702849,-0.5081479060991158,-3.5072718989414304,19.685019685029523,120.94072616255683,-35.072718989414305,-35.072718989414305,53.19999999999999,32.39999999999999
92,0.0,toyota,tercel,0.0,0,1,0.0,12:53.1,28.26128093346089,-0.20000000000000284,-17.099999999999994,22.5,50.2,-195.9,-145.5,250.99402383323792,50,-213,-123,-154.63917525773198,601.0333563869598,0.03677677707833961,-9.005022133912757,28.261280933460885,158.56355918642197,-90.05022133912757,-90.05022133912757,79.19999999999999,39.8
93,0.0,toyota,tercel,0.0,0,1,0.0,12:53.5,32.39290045673588,-7.200000000000002,-21.099999999999994,23.5,50.2,-195.9,-145.5,252.63016446972438,43,-217,-122,-161.51202749140893,587.6520344252212,0.4307795368195816,-5.758706996458274,32.39290045673588,205.03170075918388,-57.58706996458274,-57.58706996458274,89.19999999999999,51.8
94,0.0,toyota,tercel,0.0,0,1,0.0,12:53.9,37.473990980412005,-8.200000000000003,-24.099999999999994,27.5,50.2,-195.9,-145.5,253.15607833903573,42,-220,-118,-189.00343642611682,584.8913735269566,0.43038679473555796,-7.0708787212289295,37.473990980412,236.20515249265867,-70.7087872122893,-70.7087872122893,103.19999999999999,59.8
95,0.0,toyota,tercel,0.0,0,1,0.0,12:54.4,46.00108694367994,-17.200000000000006,-25.099999999999994,34.5,50.2,-195.9,-145.5,249.5015030014849,33,-221,-111,-237.1134020618557,568.359257110501,0.696264282413546,-6.843982596154643,46.00108694367993,307.8125903171515,-68.43982596154643,-68.43982596154643,119.19999999999999,76.8
96,0.0,toyota,tercel,222.75524685178573,2,1,0.0,12:54.8,56.456177695625115,-37.2,-26.099999999999994,33.5,50.2,-195.9,-145.5,248.9919677419334,13,-222,-112,-230.24054982817864,528.3741294520157,1.418188096054699,2.431505802215994,56.45617769562512,388.7680146956362,24.315058022159942,24.315058022159942,141.4,96.8
97,0.0,toyota,tercel,222.75524685178573,2,1,0.0,12:55.2,54.91174737704128,-45.2,-25.099999999999994,18.5,50.2,-195.9,-145.5,254.94116968430188,5,-221,-127,-127.14776632302404,511.18140598862806,2.2583756600933858,13.527762601601435,54.91174737704128,348.2973626968613,135.27762601601435,135.27762601601435,127.4,88.8
98,0.0,toyota,tercel,222.75524685178573,2,1,0.0,12:55.6,53.6330122219515,-43.2,-25.099999999999994,19.5,50.2,-195.9,-145.5,254.49165015772132,7,-221,-126,-134.020618556701,515.5785404142141,2.1200614377819447,12.204251140101496,53.63301222195151,344.98459127061074,122.04251140101496,122.04251140101496,125.4,87.8
99,0.0,toyota,tercel,222.75524685178573,2,1,0.0,12:56.1,55.5004504486225,-46.2,-28.099999999999994,12.5,50.2,-195.9,-145.5,260.5398242111943,4,-224,-133,-85.91065292096222,508.8474478811639,2.5351738900297764,17.366111013242303,55.50045044862249,333.11929487396173,173.66111013242303,173.66111013242303,117.4,86.8
100,0.0,toyota,tercel,222.75524685178573,2,1,0.0,12:56.5,61.42556471046888,-50.2,-34.099999999999994,-9.5,50.2,-195.9,-145.5,277.35356496717327,0,-230,-155,65.29209621993127,500.0,4.6927376513405985,30.97296250229765,61.42556471046888,269.61018048277055,309.7296250229765,309.7296250229765,81.4,93.8
101,0.0,toyota,tercel,222.75524685178573,2,1,0.0,12:57.4,61.64170666034483,-35.2,-47.1,-18.5,50.2,-195.9,-145.5,293.5472704693404,15,-243,-164,127.14776632302404,529.8556776840327,3.626069489699836,31.90251187477412,61.64170666034483,217.2200223219021,319.0251187477412,319.0251187477412,57.19999999999999,100.8
102,0.0,toyota,tercel,222.75524685178573,2,1,0.0,12:57.8,77.24571185509264,-35.2,-68.1,-9.5,50.2,-195.9,-145.5,306.5061173940905,15,-264,-155,65.29209621993127,527.5582174529768,2.034340482258463,29.284502562172054,77.24571185509264,305.879511549661,292.84502562172054,292.84502562172054,117.19999999999999,112.8
103,0.0,toyota,tercel,222.75524685178573,2,1,0.0,12:58.2,82.2660318722132,-41.2,-70.1,-12.5,50.2,-195.9,-145.5,309.517366233302,9,-266,-158,85.91065292096212,516.6216689339129,2.359528537646586,33.14067311368325,82.2660318722132,319.0500271172001,331.4067311368325,331.4067311368325,115.19999999999999,123.8
104,0.0,toyota,tercel,222.75524685178573,2,1,0.0,12:58.6,99.99049954870712,-59.2,-76.1,-26.5,50.2,-195.9,-145.5,321.9456475866695,-9,-272,-172,182.13058419243987,483.19144814659785,3.9199356133630334,47.011982134248484,99.99049954870712,337.76368050576247,470.11982134248484,470.11982134248484,99.19999999999999,161.8
105,0.0,toyota,tercel,222.75524685178573,2,1,0.0,12:59.0,167.30361621913616,-15.200000000000005,-116.1,-119.5,50.2,-195.9,-145.5,410.8454697328425,35,-312,-265,821.3058419243986,552.6234424042703,-4.320805646372267,96.45330326420435,167.30361621913616,204.21244869211978,964.5330326420435,964.5330326420435,208.6,250.8
106,0.0,toyota,tercel,111.37762342589286,1,1,0.0,12:59.5,179.80850925359456,-16.200000000000006,-172.1,49.5,50.2,-195.9,-145.5,381.8324239768016,34,-368,-96,-340.2061855670103,543.8792665762409,0.6337419838724156,-5.030580777516397,179.80850925359456,622.5072982753827,-50.30580777516397,-50.30580777516397,443.19999999999993,237.8
107,0.0,toyota,tercel,111.37762342589286,1,1,0.0,12:59.9,220.98891374908385,-39.2,-216.1,-24.5,50.2,-195.9,-145.5,445.8306853503917,11,-412,-170,168.38487972508597,513.1666447639841,1.2833035142029592,48.30005754355372,220.9889137490838,517.331133490519,483.0005754355372,483.0005754355372,383.19999999999993,279.8
108,0.0,toyota,tercel,111.37762342589286,1,1,0.0,13:00.3,204.11344884646869,1.7999999999999972,-204.1,-1.5,50.2,-195.9,-145.5,429.31689927138916,52,-400,-147,10.309278350515427,560.2854237989294,0.5528530388064125,23.607041361558043,204.1134488464687,467.38283808083645,236.07041361558043,236.07041361558043,411.79999999999995,207.39999999999998
109,0.0,toyota,tercel,111.37762342589286,1,1,0.0,13:00.7,190.29319483365663,-4.200000000000003,-188.1,28.5,50.2,-195.9,-145.5,404.0556892310762,46,-384,-117,-195.87628865979377,555.9212938992025,0.5343540157163289,5.581316635431033,190.29319483365663,546.1515232192105,55.813166354310326,55.813166354310326,433.19999999999993,220.8
110,0.0,toyota,tercel,111.37762342589286,1,1,0.0,13:01.2,182.5028766896566,-13.200000000000005,-179.1,32.5,50.2,-195.9,-145.5,393.3992882555839,37,-375,-113,-223.3676975945017,546.6787888811862,0.6437729163482978,5.098136883121146,182.5028766896566,571.1352095589173,50.98136883121146,50.98136883121146,423.19999999999993,224.8
111,0.0,toyota,tercel,111.37762342589286,1,1,0.0,13:01.6,175.8809256286764,-11.200000000000005,-172.1,34.5,50.2,-195.9,-145.5,386.34958263210274,39,-368,-111,-237.1134020618557,549.9096278303667,0.6051019033587669,2.9618085882186174,175.8809256286764,563.4530335280781,29.618085882186172,29.618085882186172,413.19999999999993,217.8
112,0.0,toyota,tercel,111.37762342589286,1,1,0.0,13:02.0,180.8316897006717,-1.2000000000000028,-172.1,55.5,50.2,-195.9,-145.5,382.0013088982811,49,-368,-90,-381.44329896907215,561.6193450834769,0.4136675057581768,-13.119652505852697,180.83168970067166,598.6716006942994,-131.19652505852696,-131.19652505852696,455.19999999999993,228.8
113,0.0,toyota,tercel,111.37762342589286,1,1,0.0,13:02.4,185.45862072171246,-7.200000000000002,-174.1,63.5,50.2,-195.9,-145.5,381.40922904408063,43,-370,-82,-436.426116838488,554.3768993649759,0.483020628420055,-16.390816846311097,185.45862072171246,641.5518863861014,-163.90816846311097,-163.90816846311097,475.19999999999993,244.8
114,0.0,toyota,tercel,111.37762342589286,1,1,0.0,13:02.8,181.98598847164035,-7.200000000000002,-174.1,52.5,50.2,-195.9,-145.5,383.92447173890855,43,-370,-93,-360.8247422680413,554.3768993649759,0.504488129566763,-9.392361582770391,181.9859884716403,608.6920954026223,-93.92361582770393,-93.92361582770393,453.19999999999993,233.8
115,0.0,toyota,tercel,111.37762342589286,1,1,0.0,13:03.3,172.7475035999073,-5.200000000000003,-167.1,43.5,50.2,-195.9,-145.5,379.7341175085536,45,-363,-102,-298.9690721649485,557.7143877971771,0.4893460067668279,-4.636992501816595,172.74750359990733,568.0162650329004,-46.369925018165944,-46.369925018165944,421.19999999999993,215.8
116,0.0,toyota,tercel,111.37762342589286,1,1,0.0,13:03.7,165.22499810863968,-5.200000000000003,-160.1,40.5,50.2,-195.9,-145.5,373.87965978373313,45,-356,-105,-278.35051546391753,558.7560087829581,0.48923373851755375,-3.1360961812294086,165.2249981086397,550.1766400526146,-31.360961812294086,-31.360961812294086,401.19999999999993,205.8
117,0.0,toyota,tercel,111.37762342589286,1,1,0.0,13:04.1,174.7852968644674,-12.200000000000005,-169.1,42.5,50.2,-195.9,-145.5,381.15351238051056,38,-365,-103,-292.09621993127143,549.0870900723223,0.5943184767486414,-1.9003075819379267,174.7852968644674,586.8869324244687,-19.003075819379266,-19.003075819379266,423.19999999999993,223.8
118,0.0,toyota,tercel,111.37762342589286,1,1,0.0,13:04.5,175.41351145222538,-10.200000000000003,-173.1,26.5,50.2,-195.9,-145.5,389.77172806656966,40,-369,-119,-182.13058419243987,550.9728121234198,0.6165036775620658,7.712431353279903,175.41351145222535,537.9741063554159,77.12431353279902,77.12431353279902,399.19999999999993,209.8
119,0.0,toyota,tercel,111.37762342589286,1,1,0.0,13:04.9,189.86495200536618,-4.200000000000003,-189.1,16.5,50.2,-195.9,-145.5,408.63431084528384,46,-385,-129,-113.40206185567014,555.7872212311005,0.5706619392192411,13.1361638418099,189.86495200536618,513.1041347367619,131.361638418099,131.361638418099,411.19999999999993,209.8
120,0.0,toyota,tercel,111.37762342589286,1,1,0.0,13:05.4,192.35150116388485,-4.200000000000003,-191.1,21.5,50.2,-195.9,-145.5,408.9755493914032,46,-387,-124,-147.76632302405503,555.5209705650469,0.5566055852314167,10.11954546902353,192.35150116388485,529.7912818290804,101.19545469023531,101.19545469023531,425.19999999999993,216.8
121,0.0,toyota,tercel,111.37762342589286,1,1,0.0,13:05.8,199.04245778225302,-8.200000000000003,-197.1,26.5,50.2,-195.9,-145.5,412.7638550067096,42,-393,-119,-182.13058419243987,550.3014724213066,0.6016391979402104,8.340567313103165,199.04245778225305,561.261933533395,83.40567313103165,83.40567313103165,447.19999999999993,231.8
122,0.0,toyota,tercel,111.37762342589286,1,1,0.0,13:06.2,192.0200510363436,-3.200000000000003,-191.1,18.5,50.2,-195.9,-145.5,410.0085364964978,47,-387,-127,-127.14776632302404,556.6335401543049,0.5513463268136174,11.727436196572047,192.0200510363436,518.6985936914754,117.27436196572047,117.27436196572047,419.19999999999993,212.8
123,0.0,toyota,tercel,111.37762342589286,1,1,0.0,13:06.6,186.30432093754558,-5.200000000000003,-185.1,20.5,50.2,-195.9,-145.5,403.49845105031073,45,-381,-125,-140.89347079037807,555.1960300398802,0.5697701294056063,10.699458168957076,186.3043209375456,522.1236337661796,106.99458168957077,106.99458168957077,411.19999999999993,210.8
124,0.0,toyota,tercel,111.37762342589286,1,1,0.0,13:07.1,187.61529788372803,-10.200000000000003,-186.1,21.5,50.2,-195.9,-145.5,403.6087214122113,40,-382,-124,-147.76632302405503,549.3525130711436,0.6394246358917641,11.476010490960164,187.61529788372803,539.3242945701888,114.76010490960165,114.76010490960165,415.19999999999993,217.8
125,0.0,toyota,tercel,111.37762342589286,1,1,0.0,13:07.5,188.15977253387607,-11.200000000000005,-187.1,16.5,50.2,-195.9,-145.5,406.01847248616656,39,-383,-129,-113.40206185567014,548.0796809013835,0.6717100628213947,14.90211308524244,188.15977253387612,528.7297721490444,149.02113085242442,149.02113085242442,407.19999999999993,214.8
126,0.0,toyota,tercel,111.37762342589286,1,1,0.0,13:07.9,179.3251237278257,-6.200000000000002,-179.1,6.5,50.2,-195.9,-145.5,402.34562256845794,44,-375,-139,-44.6735395189003,554.8603107416103,0.6323691489763898,19.31733444863768,179.3251237278257,476.3988774905941,193.1733444863768,193.1733444863768,371.19999999999993,191.8
127,0.0,toyota,tercel,111.37762342589286,1,1,0.0,13:08.3,180.5732538334512,-6.200000000000002,-180.1,11.5,50.2,-195.9,-145.5,401.5818721008209,44,-376,-134,-79.03780068728527,554.7253544081672,0.6130077605507288,16.286384556436484,180.5732538334512,492.24735929485774,162.86384556436485,162.86384556436485,383.19999999999993,197.8
128,0.0,toyota,tercel,111.37762342589286,1,1,0.0,13:08.7,180.46523210856984,-11.200000000000005,-180.1,2.5,50.2,-195.9,-145.5,404.1608590648036,39,-376,-143,-17.18213058419249,548.9168284886127,0.7292130160102762,23.181538513945977,180.46523210856986,479.2041123386401,231.81538513945975,231.81538513945975,365.19999999999993,193.8
129,0.0,toyota,tercel,111.37762342589286,1,1,0.0,13:09.2,180.32387529109948,-6.200000000000002,-180.1,6.5,50.2,-195.9,-145.5,403.2778198711157,44,-376,-139,-44.6735395189003,554.7253544081672,0.6326918173941738,19.37513674840034,180.32387529109948,477.77548158339124,193.7513674840034,193.7513674840034,373.19999999999993,192.8
130,0.0,toyota,tercel,111.37762342589286,1,1,0.0,13:09.6,179.48286826324124,-5.200000000000003,-179.1,10.5,50.2,-195.9,-145.5,401.09225871362815,45,-375,-135,-72.16494845360822,556.0110295526763,0.6009014790578809,16.575950396572118,179.48286826324122,485.36964976831246,165.75950396572117,165.75950396572117,379.19999999999993,194.8
131,0.0,toyota,tercel,111.37762342589286,1,1,0.0,13:10.0,179.7011407865849,-11.200000000000005,-179.1,9.5,50.2,-195.9,-145.5,400.8016966031955,39,-375,-136,-65.29209621993127,549.0387838504345,0.6978986784896479,18.81988096425061,179.70114078658486,498.19709868448035,188.19880964250612,188.19880964250612,377.19999999999993,199.8
132,0.0,toyota,tercel,111.37762342589286,1,1,0.0,13:10.4,180.39096429699575,-9.200000000000003,-180.1,4.5,50.2,-195.9,-145.5,403.655793963124,41,-376,-141,-30.927835051546392,551.2536811770107,0.6884005127149195,21.41582705033824,180.39096429699575,479.804710016303,214.1582705033824,214.1582705033824,369.19999999999993,193.8
133,0.0,toyota,tercel,111.37762342589286,1,1,0.0,13:10.8,179.3061627496389,-4.200000000000003,-179.1,7.5,50.2,-195.9,-145.5,402.22506137733393,46,-375,-138,-51.54639175257736,557.1571814250206,0.596874078527152,18.157473692256556,179.3061627496389,474.0557415459264,181.57473692256556,181.57473692256556,373.19999999999993,190.8
134,0.0,toyota,tercel,111.37762342589286,1,1,0.0,13:11.3,181.67360843006333,-7.200000000000002,-181.1,12.5,50.2,-195.9,-145.5,402.07835057361643,43,-377,-133,-85.91065292096222,553.4408688773653,0.6249474754963963,15.994431755050101,181.67360843006338,499.09978299138425,159.944317550501,159.944317550501,387.19999999999993,200.8
135,0.0,toyota,tercel,111.37762342589286,1,1,0.0,13:11.7,180.69394013081902,-10.200000000000003,-180.1,10.5,50.2,-195.9,-145.5,401.4984433344668,40,-376,-135,-72.16494845360822,550.0874838863175,0.6784072981974479,17.98711657568386,180.693940130819,499.8218209541245,179.8711657568386,179.8711657568386,381.19999999999993,200.8
136,0.0,toyota,tercel,111.37762342589286,1,1,0.0,13:12.1,181.24927586062242,-7.200000000000002,-181.1,1.5,50.2,-195.9,-145.5,405.8497258838546,43,-377,-144,-10.309278350515427,553.4408688773653,0.6701052106268243,22.78265280182342,181.2492758606224,467.35078975374665,227.82652801823423,227.82652801823423,365.19999999999993,189.8
137,0.0,toyota,tercel,111.37762342589286,1,1,0.0,13:12.5,180.83943154080086,-9.200000000000003,-180.1,13.5,50.2,-195.9,-145.5,400.6007988010009,41,-376,-132,-92.78350515463917,551.2536811770107,0.6511971087589496,15.863156012985025,180.83943154080086,505.9360946855215,158.63156012985024,158.63156012985024,387.19999999999993,202.8
138,0.0,toyota,tercel,111.37762342589286,1,1,0.0,13:13.0,181.56238597242543,-11.200000000000005,-181.1,6.5,50.2,-195.9,-145.5,403.69666830430987,39,-377,-139,-44.6735395189003,548.7954724560283,0.7109309952209756,20.775985919902617,181.56238597242546,492.14158538906804,207.75985919902618,207.75985919902618,375.19999999999993,198.8
139,0.0,toyota,tercel,111.37762342589286,1,1,0.0,13:13.4,180.26286361866107,-6.200000000000002,-180.1,4.5,50.2,-195.9,-145.5,403.97153365057784,44,-376,-141,-30.927835051546392,554.7253544081672,0.6410027281632248,20.60833522669253,180.26286361866107,472.00280666981126,206.08335226692532,206.08335226692532,369.19999999999993,190.8
140,0.0,toyota,tercel,111.37762342589286,1,1,0.0,13:13.8,179.54414498947048,-5.200000000000003,-179.1,11.5,50.2,-195.9,-145.5,400.7567840972876,45,-375,-134,-79.03780068728527,556.0110295526763,0.5971250079638344,15.957538084604012,179.54414498947048,488.27190509422354,159.5753808460401,159.5753808460401,381.19999999999993,195.8
141,0.0,toyota,tercel,111.37762342589286,1,1,0.0,13:14.2,181.69067119695487,-10.200000000000003,-181.1,10.5,50.2,-195.9,-145.5,402.4350879334455,40,-377,-135,-72.16494845360822,549.9634875253627,0.6785720985942003,18.040828320007797,181.69067119695495,501.14151867086844,180.40828320007796,180.40828320007796,383.19999999999993,201.8
142,0.0,toyota,tercel,111.37762342589286,1,1,0.0,13:14.6,180.4724355684269,-10.200000000000003,-180.1,5.5,50.2,-195.9,-145.5,403.2071427938746,40,-376,-140,-37.80068728522335,550.0874838863175,0.6997113341007615,21.06889848026963,180.4724355684269,485.29971464160036,210.68898480269633,210.68898480269633,371.19999999999993,195.8
143,0.0,toyota,tercel,111.37762342589286,1,1,0.0,13:15.1,179.25986723190442,-5.200000000000003,-179.1,5.5,50.2,-195.9,-145.5,402.8026812224566,45,-375,-140,-37.80068728522335,556.0110295526763,0.6206875054591714,19.66301045486093,179.25986723190442,470.89218835230764,196.63010454860932,196.63010454860932,369.19999999999993,189.8
144,0.0,toyota,tercel,111.37762342589286,1,1,0.0,13:15.5,180.60813935147,-5.200000000000003,-180.1,12.5,50.2,-195.9,-145.5,401.3601873629222,45,-376,-133,-85.91065292096222,555.87355081447,0.5939425154474862,15.395609679255278,180.60813935147,492.51968748150483,153.95609679255278,153.95609679255278,385.19999999999993,197.8
145,0.0,toyota,tercel,111.37762342589286,1,1,0.0,13:15.9,181.54200615835447,-10.200000000000003,-181.1,7.5,50.2,-195.9,-145.5,403.4513601414674,40,-377,-138,-51.54639175257736,549.9634875253627,0.6910738404516501,19.891746911646717,181.54200615835444,492.4413074617614,198.91746911646717,198.91746911646717,377.19999999999993,198.8
146,0.0,toyota,tercel,111.37762342589286,1,1,0.0,13:16.3,181.38936021718587,-9.200000000000003,-181.1,4.5,50.2,-195.9,-145.5,404.58744419470077,41,-377,-141,-30.927835051546392,551.1270699349428,0.6884622909114081,21.471886499851387,181.38936021718584,481.1696607182117,214.71886499851385,214.71886499851385,371.19999999999993,194.8
147,0.0,toyota,tercel,111.37762342589286,1,1,0.0,13:16.8,177.26900462291763,-4.200000000000003,-177.1,6.5,50.2,-195.9,-145.5,400.70687540894517,46,-373,-139,-44.6735395189003,557.4391744566173,0.599900888495868,18.655543358818946,177.26900462291763,468.3681015580985,186.55543358818946,186.55543358818946,367.19999999999993,187.8
148,0.0,toyota,tercel,111.37762342589286,1,1,0.0,13:17.2,180.63969663393482,-6.200000000000002,-180.1,12.5,50.2,-195.9,-145.5,401.2492990648083,44,-376,-133,-85.91065292096222,554.7253544081672,0.6092495360689946,15.667622390422148,180.63969663393482,495.1482370935714,156.67622390422147,156.67622390422147,385.19999999999993,198.8
149,0.0,toyota,tercel,111.37762342589286,1,1,0.0,13:17.6,181.59377742643056,-12.200000000000005,-181.1,5.5,50.2,-195.9,-145.5,403.94677867263647,38,-377,-140,-37.80068728522335,547.6230420809117,0.7309799752211678,21.658988019880297,181.59377742643053,491.83637068118816,216.58988019880297,216.58988019880297,373.19999999999993,198.8
150,0.0,toyota,tercel,111.37762342589286,1,1,0.0,13:18.0,179.3440827013816,-8.200000000000003,-179.1,4.5,50.2,-195.9,-145.5,402.8275065086792,42,-375,-141,-30.927835051546392,552.5452366491885,0.6724875564165478,21.089982416484045,179.34408270138158,475.8280231827253,210.89982416484042,210.89982416484042,367.19999999999993,191.8
151,0.0,toyota,tercel,111.37762342589286,1,1,0.0,13:18.4,179.40094760061885,-4.200000000000003,-179.1,9.5,50.2,-195.9,-145.5,401.5432728859992,46,-375,-136,-65.29209621993127,557.1571814250206,0.589155453092564,16.921784644580164,179.40094760061888,479.8427967286328,169.21784644580163,169.21784644580163,377.19999999999993,192.8
152,0.0,toyota,tercel,111.37762342589286,1,1,0.0,13:18.9,181.82216586544118,-7.200000000000002,-181.1,14.5,50.2,-195.9,-145.5,401.4212251488452,43,-377,-131,-99.65635738831612,553.4408688773653,0.6175257786266979,14.755844025779458,181.82216586544115,504.9004196829189,147.5584402577946,147.5584402577946,391.19999999999993,202.8
153,0.0,toyota,tercel,111.37762342589286,1,1,0.0,13:19.3,181.52933647209755,-11.200000000000005,-181.1,5.5,50.2,-195.9,-145.5,404.0420770167385,39,-377,-140,-37.80068728522335,548.7954724560283,0.7153615858227007,21.391695010833345,181.52933647209753,489.24518586323603,213.91695010833345,213.91695010833345,373.19999999999993,197.8
154,0.0,toyota,tercel,111.37762342589286,1,1,0.0,13:19.7,178.26469083921245,-6.200000000000002,-178.1,4.5,50.2,-195.9,-145.5,402.1106812806642,44,-374,-141,-30.927835051546392,554.9959259451367,0.6404682886211465,20.491283641149085,178.26469083921245,469.21705974411884,204.91283641149084,204.91283641149084,365.19999999999993,188.8
155,0.0,toyota,tercel,111.37762342589286,1,1,0.0,13:20.1,180.59208177547538,-8.200000000000003,-180.1,10.5,50.2,-195.9,-145.5,401.7026263294777,42,-376,-135,-72.16494845360822,552.4154032068201,0.6476416941536479,17.446698499603528,180.5920817754754,494.5885491415001,174.46698499603528,174.46698499603528,381.19999999999993,198.8
156,0.0,toyota,tercel,111.37762342589286,1,1,0.0,13:20.5,179.67164495267468,-12.200000000000005,-179.1,7.5,50.2,-195.9,-145.5,401.3888389081092,38,-375,-138,-51.54639175257736,547.861010527658,0.7221593391735456,20.32095890905795,179.6716449526747,494.97582341086627,203.2095890905795,203.2095890905795,373.19999999999993,198.8
157,0.0,toyota,tercel,111.37762342589286,1,1,0.0,13:21.0,180.2501040221614,-7.200000000000002,-180.1,1.5,50.2,-195.9,-145.5,404.92097994547026,43,-376,-144,-10.309278350515427,553.5726331296676,0.6699938673821738,22.724450119244818,180.2501040221614,465.95495131398513,227.24450119244818,227.24450119244818,363.19999999999993,188.8
158,0.0,toyota,tercel,111.37762342589286,1,1,0.0,13:21.4,179.45668000941063,-4.200000000000003,-179.1,10.5,50.2,-195.9,-145.5,401.20568291089796,46,-375,-135,-72.16494845360822,557.1571814250206,0.5853850180661023,16.303441759486198,179.45668000941063,482.73971763351085,163.034417594862,163.034417594862,379.19999999999993,193.8
159,0.0,toyota,tercel,111.37762342589286,1,1,0.0,13:21.8,181.8172159065252,-10.200000000000003,-181.1,12.5,50.2,-195.9,-145.5,401.7685901112729,40,-377,-133,-85.91065292096222,549.9634875253627,0.6705507543170199,16.805175327239507,181.8172159065252,506.9521888992854,168.05175327239508,168.05175327239508,387.19999999999993,203.8
160,0.0,toyota,tercel,111.37762342589286,1,1,0.0,13:22.2,180.42255956503888,-10.200000000000003,-180.1,3.5,50.2,-195.9,-145.5,403.9059296420393,40,-376,-142,-24.05498281786944,550.0874838863175,0.7087062289699617,22.29929870940618,180.42255956503888,479.5070736776307,222.9929870940618,222.9929870940618,367.19999999999993,193.8
161,0.0,toyota,tercel,111.37762342589286,1,1,0.0,13:22.7,179.37697734101775,-5.200000000000003,-179.1,8.5,50.2,-195.9,-145.5,401.7698346068306,45,-375,-137,-58.41924398625431,556.0110295526763,0.6086318671336927,17.811765319918056,179.37697734101775,479.5717562454139,178.11765319918055,178.11765319918055,375.19999999999993,192.8
162,0.0,toyota,tercel,111.37762342589286,1,1,0.0,13:23.1,180.63969663393482,-6.200000000000002,-180.1,12.5,50.2,-195.9,-145.5,401.2492990648083,44,-376,-133,-85.91065292096222,554.7253544081672,0.6092495360689946,15.667622390422148,180.63969663393482,495.1482370935714,156.67622390422147,156.67622390422147,385.19999999999993,198.8
163,0.0,toyota,tercel,111.37762342589286,1,1,0.0,13:23.5,181.56238597242543,-11.200000000000005,-181.1,6.5,50.2,-195.9,-145.5,403.69666830430987,39,-377,-139,-44.6735395189003,548.7954724560283,0.7109309952209756,20.775985919902617,181.56238597242546,492.14158538906804,207.75985919902618,207.75985919902618,375.19999999999993,198.8
164,0.0,toyota,tercel,111.37762342589286,1,1,0.0,13:23.9,180.40371393072812,-8.200000000000003,-180.1,6.5,50.2,-195.9,-145.5,403.06451096567656,42,-376,-139,-44.6735395189003,552.4154032068201,0.6640315465886194,19.91490328924498,180.40371393072814,482.9907385683916,199.14903289244978,199.14903289244978,373.19999999999993,194.8
165,0.0,toyota,tercel,111.37762342589286,1,1,0.0,13:24.3,180.284497392316,-3.200000000000003,-180.1,7.5,50.2,-195.9,-145.5,403.2728604803452,47,-376,-138,-51.54639175257736,558.1563056514381,0.5816950895801749,17.944950760744806,180.284497392316,472.8219458037154,179.44950760744808,179.44950760744808,375.19999999999993,190.8
166,0.0,toyota,tercel,111.37762342589286,1,1,0.0,13:24.8,180.8261596119323,-7.200000000000002,-180.1,14.5,50.2,-195.9,-145.5,400.4822093426872,43,-376,-131,-99.65635738831612,553.5726331296676,0.6170731616042086,14.701235403340762,180.82615961193224,503.5891586948066,147.01235403340763,147.01235403340763,389.19999999999993,201.8
167,0.0,toyota,tercel,111.37762342589286,1,1,0.0,13:25.2,181.56238597242543,-11.200000000000005,-181.1,6.5,50.2,-195.9,-145.5,403.69666830430987,39,-377,-139,-44.6735395189003,548.7954724560283,0.7109309952209756,20.775985919902617,181.56238597242546,492.14158538906804,207.75985919902618,207.75985919902618,375.19999999999993,198.8
168,0.0,toyota,tercel,111.37762342589286,1,1,0.0,13:25.6,175.30573293534923,-7.200000000000002,-175.1,-4.5,50.2,-195.9,-145.5,402.4798131583744,43,-371,-150,30.927835051546282,554.2412025748234,0.6988276366289904,26.104664115846898,175.30573293534925,441.45542066914743,261.04664115846896,261.04664115846896,341.19999999999993,186.8
169,0.0,toyota,tercel,111.37762342589286,1,1,0.0,13:26.0,182.70440607713869,-3.200000000000003,-182.1,14.5,50.2,-195.9,-145.5,402.8076464021009,47,-378,-131,-99.65635738831612,557.8734640821697,0.5577007289635608,13.724691042097636,182.70440607713869,495.7121192523772,137.24691042097638,137.24691042097638,393.19999999999993,199.8
170,0.0,toyota,tercel,111.37762342589286,1,1,0.0,13:26.4,181.58606774750092,-10.200000000000003,-181.1,8.5,50.2,-195.9,-145.5,403.11040671260287,40,-377,-137,-58.41924398625431,549.9634875253627,0.6868424720812765,19.27511129835321,181.58606774750095,495.3392065116294,192.7511129835321,192.7511129835321,379.19999999999993,199.8
171,0.0,toyota,tercel,111.37762342589286,1,1,0.0,13:26.9,181.31933156726558,-8.200000000000003,-181.1,3.5,50.2,-195.9,-145.5,405.0395042461908,42,-377,-142,-24.05498281786944,552.2862026342898,0.6771098990895631,21.81959377401833,181.3193315672656,475.693946706631,218.19593774018327,218.19593774018327,369.19999999999993,192.8
172,0.0,toyota,tercel,111.37762342589286,1,1,0.0,13:27.3,182.3757111021092,-3.200000000000003,-182.1,9.5,50.2,-195.9,-145.5,404.4613702197034,47,-378,-136,-65.29209621993127,557.8734640821697,0.5753529618973728,16.825134997066364,182.3757111021092,481.3198955404949,168.25134997066365,168.25134997066365,383.19999999999993,194.8
173,0.0,toyota,tercel,111.37762342589286,1,1,0.0,13:27.7,182.74162087493914,-7.200000000000002,-182.1,13.5,50.2,-195.9,-145.5,402.68722353707716,43,-378,-132,-92.78350515463917,553.3097436245353,0.6216380619524712,15.429876785322877,182.74162087493914,503.31055190297167,154.29876785322878,154.29876785322878,391.19999999999993,202.8
174,0.0,toyota,tercel,111.37762342589286,1,1,0.0,13:28.1,180.4724355684269,-10.200000000000003,-180.1,5.5,50.2,-195.9,-145.5,403.2071427938746,40,-376,-140,-37.80068728522335,550.0874838863175,0.6997113341007615,21.06889848026963,180.4724355684269,485.29971464160036,210.68898480269633,210.68898480269633,371.19999999999993,195.8
175,0.0,toyota,tercel,111.37762342589286,1,1,0.0,13:28.6,180.22402725496949,-6.200000000000002,-180.1,2.5,50.2,-195.9,-145.5,404.6739428231079,44,-376,-143,-17.18213058419249,554.7253544081672,0.6495776601679936,21.840255516413382,180.2240272549695,466.2398880885744,218.40255516413382,218.40255516413382,365.19999999999993,188.8
176,0.0,toyota,tercel,111.37762342589286,1,1,0.0,13:29.0,181.39762953247208,-4.200000000000003,-181.1,9.5,50.2,-195.9,-145.5,403.4117003756832,46,-377,-136,-65.29209621993127,556.8779059935711,0.590221933636275,17.038073979972484,181.3976295324721,482.57436991108983,170.38073979972484,170.38073979972484,381.19999999999993,194.8
177,0.0,toyota,tercel,111.37762342589286,1,1,0.0,13:29.4,180.50567858103523,-10.200000000000003,-180.1,6.5,50.2,-195.9,-145.5,402.86101821844215,40,-376,-139,-44.6735395189003,550.0874838863175,0.6953177803883469,20.45320917298734,180.50567858103523,488.19960311054166,204.53209172987337,204.53209172987337,373.19999999999993,196.8
178,0.0,toyota,tercel,111.37762342589286,1,1,0.0,13:29.8,181.47038325853612,-10.200000000000003,-181.1,5.5,50.2,-195.9,-145.5,404.1398272875367,40,-377,-140,-37.80068728522335,549.9634875253627,0.6997347934035435,21.12402214678834,181.47038325853615,486.65226566308473,211.24022146788343,211.24022146788343,373.19999999999993,196.8
179,0.0,toyota,tercel,111.37762342589286,1,1,0.0,13:30.2,181.55908129311518,-3.200000000000003,-181.1,12.5,50.2,-195.9,-145.5,402.52577557219865,47,-377,-133,-85.91065292096222,558.0145450701114,0.5639387672088669,14.90837242808867,181.55908129311516,488.60686760034645,149.0837242808867,149.0837242808867,387.19999999999993,196.8
180,0.0,toyota,tercel,111.37762342589286,1,1,0.0,13:30.7,193.23638373763882,-4.200000000000003,-192.1,20.5,50.2,-195.9,-145.5,410.2255477173503,46,-388,-125,-140.89347079037807,555.3887837956306,0.5603098036989278,10.796534661328955,193.2363837376388,528.1745085709802,107.96534661328955,107.96534661328955,425.19999999999993,216.8
181,0.0,toyota,tercel,111.37762342589286,1,1,0.0,13:31.1,196.14662882649804,-8.200000000000003,-195.1,18.5,50.2,-195.9,-145.5,413.24810949355833,42,-391,-127,-127.14776632302404,550.5413699788579,0.6248021832007711,13.255230424749998,196.14662882649804,536.4047542121021,132.55230424749996,132.55230424749996,427.19999999999993,221.8
182,0.0,toyota,tercel,111.37762342589286,1,1,0.0,13:31.5,189.83229440745842,-8.200000000000003,-189.1,14.5,50.2,-195.9,-145.5,408.8398219351926,42,-385,-131,-99.65635738831612,551.2748433917062,0.6357401881204582,15.447411518923687,189.83229440745848,517.7377010558132,154.47411518923687,154.47411518923687,407.19999999999993,211.8
183,0.0,toyota,tercel,111.37762342589286,1,1,0.0,13:31.9,189.3713283472448,-4.200000000000003,-188.1,21.5,50.2,-195.9,-145.5,406.1379076126729,46,-384,-124,-147.76632302405503,555.9212938992025,0.5543790460761457,9.963440675612889,189.3713283472448,526.1118318681026,99.6344067561289,99.6344067561289,419.19999999999993,213.8
184,0.0,toyota,tercel,111.37762342589286,1,1,0.0,13:32.3,189.3317194766899,-9.200000000000003,-188.1,19.5,50.2,-195.9,-145.5,406.21792181044884,41,-384,-126,-134.020618556701,550.2578324002161,0.6325927685674201,12.55248481959857,189.3317194766899,533.3932421427878,125.5248481959857,125.5248481959857,415.19999999999993,216.8
185,0.0,toyota,tercel,111.37762342589286,1,1,0.0,13:32.8,189.8417762243073,-12.200000000000005,-189.1,11.5,50.2,-195.9,-145.5,409.42032191868543,38,-385,-134,-79.03780068728527,546.6941708422805,0.705627076974958,18.3673057158659,189.84177622430738,519.444961831506,183.673057158659,183.673057158659,401.19999999999993,212.8
186,0.0,toyota,tercel,111.37762342589286,1,1,0.0,13:33.2,187.4313207550969,-7.200000000000002,-187.1,8.5,50.2,-195.9,-145.5,409.03178360611537,43,-383,-137,-58.41924398625431,552.6635437172366,0.6423581254791977,18.79831053269031,187.43132075509683,495.49116603614374,187.9831053269031,187.9831053269031,391.19999999999993,202.8
187,0.0,toyota,tercel,111.37762342589286,1,1,0.0,13:33.6,189.31534538964348,-6.200000000000002,-188.1,20.5,50.2,-195.9,-145.5,406.22284524630066,44,-384,-125,-140.89347079037807,553.6688656672447,0.5861888993801777,11.125665309033861,189.31534538964348,528.463361651557,111.2566530903386,111.2566530903386,417.19999999999993,214.8
188,0.0,toyota,tercel,111.37762342589286,1,1,0.0,13:34.0,191.29323040818767,-12.200000000000005,-190.1,17.5,50.2,-195.9,-145.5,408.4409382028202,38,-386,-128,-120.27491408934709,546.5805817612031,0.6833171239371811,14.69165588591092,191.2932304081877,537.830783303125,146.91655885910922,146.91655885910922,415.19999999999993,219.8
189,0.0,toyota,tercel,111.37762342589286,1,1,0.0,13:34.5,190.2243412394954,-5.200000000000003,-190.1,-4.5,50.2,-195.9,-145.5,416.5585192983094,45,-386,-150,30.927835051546282,554.5345421273648,0.6661627315807821,26.47114101468452,190.2243412394954,457.716225262248,264.7114101468452,264.7114101468452,371.19999999999993,199.8
190,0.0,toyota,tercel,111.37762342589286,1,1,0.0,13:34.9,202.15414910409334,-2.200000000000003,-201.1,-20.5,50.2,-195.9,-145.5,432.976904695851,48,-397,-166,140.89347079037796,556.4012921703847,0.6941228993082698,36.21121838146285,202.15414910409334,421.85255296294764,362.1121838146285,362.1121838146285,397.79999999999995,223.8
191,0.0,toyota,tercel,111.37762342589286,1,1,0.0,13:35.3,222.75524685178573,-52.2,-214.1,-32.5,50.2,-195.9,-145.5,446.9765094498815,-2,-410,-178,223.3676975945018,497.5550558941576,1.572963041682867,56.028746185597726,222.75524685178573,522.7146595114964,560.2874618559772,560.2874618559772,363.19999999999993,298.8
192,0.0,toyota,tercel,111.37762342589286,1,1,0.0,13:35.7,166.31626498932687,-8.200000000000003,-163.1,31.5,50.2,-195.9,-145.5,379.0,42,-359,-114,-216.49484536082474,554.7125356145268,0.5635810784659637,3.5087865349743117,166.31626498932687,534.8172677343632,35.08786534974312,35.08786534974312,389.19999999999993,202.8
193,0.0,toyota,tercel,222.75524685178573,2,1,0.0,13:36.1,103.81088574903887,-58.2,-81.1,-28.5,50.2,-195.9,-145.5,327.2139972556186,-8,-277,-174,195.87628865979377,485.3571896843281,3.75248535304694,48.203702475994284,103.81088574903886,338.4247569730273,482.0370247599429,482.0370247599429,105.19999999999999,167.8
194,0.0,toyota,tercel,222.75524685178573,2,1,0.0,13:36.6,58.98728676587863,-52.2,-27.099999999999994,4.5,50.2,-195.9,-145.5,263.8446512628217,-2,-223,-141,-30.927835051546392,495.49576762838143,3.551760452529964,23.70178019453104,58.98728676587863,317.56637499030336,237.01780194531042,237.01780194531042,113.4,83.8
195,0.0,toyota,tercel,0.0,0,1,0.0,13:37.0,35.46688596423429,-8.200000000000003,-22.099999999999994,26.5,50.2,-195.9,-145.5,251.89084937726503,42,-218,-119,-182.13058419243987,585.5618233121331,0.43929975357251394,-6.824414482867278,35.466885964234294,225.48570516083035,-68.24414482867277,-68.24414482867277,97.19999999999999,56.8
196,0.0,toyota,tercel,0.0,0,1,0.0,13:37.4,15.719414747375293,1.7999999999999972,-13.099999999999996,8.5,50.2,-195.9,-145.5,255.25281585126538,52,-209,-137,-58.41924398625431,605.9289898276801,-0.0683917044561186,-2.3730576636470713,15.719414747375293,81.99200473162117,-23.730576636470712,-23.730576636470712,43.19999999999999,23.39999999999999
197,0.0,toyota,tercel,0.0,0,1,0.0,13:37.8,15.934239862635426,7.799999999999998,-9.099999999999994,10.5,50.2,-195.9,-145.5,252.2181595365409,58,-205,-135,-72.16494845360822,617.234859298104,-1.0755892412771368,-1.7243861691758928,15.934239862635426,103.69628817645085,-17.243861691758926,-17.243861691758926,39.19999999999999,27.39999999999999
198,0.0,toyota,tercel,0.0,0,1,0.0,13:38.2,13.019216566291533,3.799999999999997,-9.099999999999994,8.5,50.2,-195.9,-145.5,252.4083992263332,54,-205,-137,-58.41924398625431,610.8694446301669,-0.48127554777303533,-2.0131407476512706,13.019216566291533,79.54278884271965,-20.13140747651271,-20.13140747651271,35.19999999999999,21.39999999999999
199,0.0,toyota,tercel,0.0,0,1,0.0,13:38.7,6.236986451805066,-1.2000000000000028,-6.099999999999994,0.5,50.2,-195.9,-145.5,253.4363825499409,49,-202,-145,-3.4364261168384758,603.7772167272907,0.7611458141783978,1.5436473789443155,6.236986451805065,30.76332208519031,15.436473789443156,15.436473789443156,13.199999999999989,7.799999999999997
200,0.0,toyota,tercel,0.0,0,1,0.0,13:39.1,7.422937423958253,1.7999999999999972,-3.0999999999999943,-6.5,50.2,-195.9,-145.5,255.75183283800723,52,-199,-152,44.673539518900405,610.1658203554052,0.22151623780483481,5.472649880041539,7.422937423958251,20.35298706011926,54.726498800415385,54.726498800415385,16.599999999999994,11.399999999999991
201,0.0,toyota,tercel,0.0,0,1,0.0,13:39.5,7.4363969770312774,4.799999999999997,-5.099999999999994,2.5,50.2,-195.9,-145.5,252.73503912200226,55,-201,-143,-17.18213058419249,614.2357016387076,-1.7968480459424832,0.7909395471524611,7.436396977031277,43.307689209759275,7.90939547152461,7.90939547152461,19.799999999999983,12.399999999999991
202,0.0,toyota,tercel,0.0,0,1,0.0,13:39.9,4.370354676682426,-0.20000000000000284,-4.099999999999993,-1.5,50.2,-195.9,-145.5,253.1975513309716,50,-200,-147,10.309278350515427,606.3390625908324,1.127670086582019,1.7903170428673092,4.370354676682426,11.045670781240108,17.903170428673093,17.903170428673093,7.799999999999983,5.799999999999997
203,0.0,toyota,tercel,0.0,0,1,0.0,13:40.4,7.77817459305202,-1.2000000000000028,-4.099999999999993,-6.5,50.2,-195.9,-145.5,255.9394459632981,49,-200,-152,44.673539518900405,604.618319426424,-2.053402213707389,5.961415065109119,7.77817459305202,24.80497576229154,59.61415065109119,59.61415065109119,10.599999999999994,11.799999999999997
204,0.0,toyota,tercel,0.0,0,1,0.0,13:40.8,6.024948132556823,3.799999999999997,-3.0999999999999943,-3.5,50.2,-195.9,-145.5,254.3973270299828,54,-199,-149,24.05498281786933,613.4924451202938,2.634520641966548,3.8909339448506746,6.024948132556823,16.526220681808784,38.90933944850675,38.90933944850675,14.599999999999994,10.399999999999991
205,0.0,toyota,tercel,0.0,0,1,0.0,13:41.2,4.301162633521308,2.799999999999997,-2.0999999999999943,2.5,50.2,-195.9,-145.5,249.9239884444869,53,-198,-143,-17.18213058419249,612.2825450936041,-1.7868340080109237,-0.07037622380560715,4.301162633521309,28.330514765039617,-0.7037622380560715,-0.7037622380560715,9.799999999999983,7.3999999999999915
206,0.0,toyota,tercel,0.0,0,1,0.0,13:41.6,5.167204273105524,-2.200000000000003,-3.0999999999999943,-3.5,50.2,-195.9,-145.5,253.1916270337548,48,-199,-149,24.05498281786933,603.3009859962874,-32.92777164488752,3.6336281683198193,5.167204273105523,16.742260083342508,36.33628168319819,36.33628168319819,2.5999999999999943,8.799999999999997
207,0.0,toyota,tercel,0.0,0,1,0.0,13:42.0,5.0299105359837135,0.7999999999999972,-2.0999999999999943,-4.5,50.2,-195.9,-145.5,253.58430550805,51,-198,-150,30.927835051546282,608.9129879635157,-0.06926120847670349,3.6832855209970456,5.0299105359837135,13.39816348139053,36.832855209970454,36.832855209970454,10.599999999999994,7.3999999999999915
208,0.0,toyota,tercel,0.0,0,1,0.0,13:42.5,4.593473631142336,3.799999999999997,-2.0999999999999943,1.5,50.2,-195.9,-145.5,250.71098898931416,54,-198,-144,-10.309278350515427,613.9406135149204,-4.053787300180975,0.7005156811403707,4.593473631142336,26.974022019756323,7.005156811403706,7.005156811403706,11.799999999999983,7.3999999999999915
209,0.0,toyota,tercel,0.0,0,1,0.0,13:42.9,3.2710854467592214,-0.20000000000000284,-2.0999999999999943,2.5,50.2,-195.9,-145.5,249.3050340446418,50,-198,-143,-17.18213058419249,607.2014908489288,0.11948474347298114,-0.8360762472767458,3.271085446759222,19.25296722403419,-8.360762472767458,-8.360762472767458,9.199999999999989,4.799999999999997
210,0.0,toyota,tercel,0.0,0,1,0.0,13:43.3,9.59687449120806,-3.200000000000003,-3.0999999999999943,-8.5,50.2,-195.9,-145.5,255.9804680048851,47,-199,-154,58.41924398625431,601.5407149667728,-2.004652890943622,8.523540878493918,9.59687449120806,44.39845187613412,85.23540878493918,85.23540878493918,10.800000000000011,14.799999999999997
211,0.0,toyota,tercel,0.0,0,1,0.0,13:43.7,3.2710854467592214,1.7999999999999972,-1.0999999999999943,-2.5,50.2,-195.9,-145.5,251.82732179015045,52,-197,-148,17.18213058419238,611.050764371607,1.2337666810193213,2.621965388037384,3.271085446759222,12.715710046263261,26.21965388037384,26.21965388037384,8.599999999999994,5.3999999999999915
212,0.0,toyota,tercel,0.0,0,1,0.0,13:44.1,3.807886552931949,2.799999999999997,-2.0999999999999943,-1.5,50.2,-195.9,-145.5,252.2340183242538,53,-198,-147,10.309278350515427,612.2825450936041,6.422687466863335,2.0275194883798227,3.807886552931949,11.199903447655062,20.275194883798225,20.275194883798225,9.799999999999983,6.3999999999999915
213,0.0,toyota,tercel,0.0,0,1,0.0,13:44.6,6.8774995456197585,-3.200000000000003,-4.099999999999993,-4.5,50.2,-195.9,-145.5,254.3796375498636,47,-200,-150,30.927835051546282,601.1244961003407,-164.90056560517084,4.776515320952046,6.877499545619758,22.481043724736026,47.76515320952046,47.76515320952046,2.5999999999999943,11.799999999999997
214,0.0,toyota,tercel,0.0,0,1,0.0,13:45.0,4.460941604639088,1.7999999999999972,-2.0999999999999943,-3.5,50.2,-195.9,-145.5,253.1975513309716,52,-198,-149,24.05498281786933,610.6066719083116,0.8947612837339994,3.225903182947892,4.460941604639088,12.651240853410794,32.25903182947892,32.25903182947892,10.599999999999994,7.3999999999999915
215,0.0,toyota,tercel,0.0,0,1,0.0,13:45.4,3.478505426185216,-1.2000000000000028,-2.0999999999999943,-2.5,50.2,-195.9,-145.5,252.0099204396525,49,-198,-148,17.18213058419238,605.4721817830374,-10.956246535302483,2.4888971545678262,3.478505426185215,10.959195222945638,24.888971545678263,24.888971545678263,2.5999999999999943,5.799999999999997
216,0.0,toyota,tercel,0.0,0,1,0.0,13:45.8,9.027735042633893,-2.200000000000003,-2.0999999999999943,-8.5,50.2,-195.9,-145.5,255.3898979991182,48,-198,-154,58.41924398625431,603.7250656551046,-1.2271485043689079,8.301314325604139,9.027735042633893,43.56736070272518,83.01314325604139,83.01314325604139,12.800000000000011,12.799999999999997
217,0.0,toyota,tercel,0.0,0,1,0.0,13:46.3,4.370354676682426,3.799999999999997,-2.0999999999999943,-0.5,50.2,-195.9,-145.5,251.8650432275189,54,-198,-146,3.4364261168384758,613.9406135149204,66.96921765586502,1.6530565072005872,4.370354676682426,17.44473232101415,16.53056507200587,16.53056507200587,11.799999999999983,6.3999999999999915
218,0.0,toyota,tercel,0.0,0,1,0.0,13:46.7,5.128352561983228,1.7999999999999972,-4.099999999999993,2.5,50.2,-195.9,-145.5,251.30260643296157,52,-200,-143,-17.18213058419249,609.7281792766114,-0.5693040664362546,-0.22340027481976,5.128352561983228,29.93915663697491,-2.2340027481976,-2.2340027481976,13.199999999999989,8.399999999999991
219,0.0,toyota,tercel,0.0,0,1,0.0,13:47.1,4.701063709417261,-3.200000000000003,-3.0999999999999943,-1.5,50.2,-195.9,-145.5,251.8312927338459,47,-199,-147,10.309278350515427,601.5407149667728,3.8279112714322503,2.9059062536662266,4.701063709417261,19.051776903857427,29.059062536662267,29.059062536662267,3.4000000000000057,7.799999999999997
220,0.0,toyota,tercel,0.0,0,1,0.0,13:47.5,6.3166446789415005,-0.20000000000000284,-3.0999999999999943,-5.5,50.2,-195.9,-145.5,254.75870937025883,50,-199,-151,37.800687285223454,606.768666405675,-1.007360527394273,4.823223748057165,6.3166446789415,19.12315107321,48.23223748057165,48.23223748057165,10.599999999999994,8.799999999999997
221,0.0,toyota,tercel,0.0,0,1,0.0,13:47.9,6.024948132556823,3.799999999999997,-3.0999999999999943,3.5,50.2,-195.9,-145.5,250.36173829081798,54,-199,-142,-24.05498281786944,613.4924451202938,-1.6649794134643132,-0.13441705858475705,6.024948132556823,39.557607892504286,-1.3441705858475705,-1.3441705858475705,13.799999999999983,10.399999999999991
222,0.0,toyota,tercel,0.0,0,1,0.0,13:48.4,1.7029386365926384,-1.2000000000000028,-1.0999999999999943,0.5,50.2,-195.9,-145.5,249.4694370058184,49,-197,-145,-3.4364261168384758,605.903978496169,1.5180036988217067,0.4993720276395497,1.7029386365926384,11.22273615002306,4.993720276395496,4.993720276395496,3.4000000000000057,2.799999999999997
223,0.0,toyota,tercel,0.0,0,1,0.0,13:48.8,6.8774995456197585,0.7999999999999972,-2.0999999999999943,-6.5,50.2,-195.9,-145.5,254.77244748991203,51,-198,-152,44.673539518900405,608.9129879635157,-0.14408935185349056,5.51577939041652,6.877499545619758,23.068965302645683,55.157793904165196,55.157793904165196,14.599999999999994,9.399999999999991
224,0.0,toyota,tercel,0.0,0,1,0.0,13:49.2,5.009990019950135,3.799999999999997,-2.0999999999999943,2.5,50.2,-195.9,-145.5,250.1379619330101,54,-198,-143,-17.18213058419249,613.9406135149204,-2.7471208260089894,0.24349268018949155,5.009990019950135,31.958653942372045,2.4349268018949157,2.4349268018949157,11.799999999999983,8.399999999999991
225,0.0,toyota,tercel,0.0,0,1,0.0,13:49.6,4.086563348340507,-2.200000000000003,-3.0999999999999943,-1.5,50.2,-195.9,-145.5,252.0198404887996,48,-199,-147,10.309278350515427,603.3009859962874,3.352494802073064,2.4639555709531358,4.086563348340507,15.068981219467759,24.639555709531358,24.639555709531358,3.1999999999999886,6.799999999999997
226,0.0,toyota,tercel,0.0,0,1,0.0,13:50.1,9.027735042633893,-2.200000000000003,-2.0999999999999943,-8.5,50.2,-195.9,-145.5,255.3898979991182,48,-198,-154,58.41924398625431,603.7250656551046,-1.2271485043689079,8.301314325604139,9.027735042633893,43.56736070272518,83.01314325604139,83.01314325604139,12.800000000000011,12.799999999999997
227,0.0,toyota,tercel,0.0,0,1,0.0,13:50.5,4.8682645778552285,2.799999999999997,-3.0999999999999943,2.5,50.2,-195.9,-145.5,250.71697190258183,53,-199,-143,-17.18213058419249,611.8379468374656,-1.3378909092557787,0.010831867081220747,4.8682645778552285,30.95230359995929,0.10831867081220747,0.10831867081220747,11.799999999999983,8.399999999999991
228,0.0,toyota,tercel,0.0,0,1,0.0,13:50.9,3.3911649915626323,-2.200000000000003,-2.0999999999999943,1.5,50.2,-195.9,-145.5,249.48747463550148,48,-198,-144,-10.309278350515427,603.7250656551046,1.2473660544131295,0.6094410666223959,3.3911649915626323,23.24651847610881,6.094410666223959,6.094410666223959,7.400000000000006,5.799999999999997
229,0.0,toyota,tercel,0.0,0,1,0.0,13:51.3,6.284902544988266,-2.200000000000003,-2.0999999999999943,-5.5,50.2,-195.9,-145.5,253.5921923088327,48,-198,-151,37.800687285223454,603.7250656551046,-2.2028473441652445,5.556626275314636,6.284902544988266,29.18366141786144,55.566262753146354,55.566262753146354,6.800000000000011,9.799999999999997
230,0.0,toyota,tercel,0.0,0,1,0.0,13:51.7,4.20713679359252,2.799999999999997,-3.0999999999999943,-0.5,50.2,-195.9,-145.5,252.4400919030097,53,-199,-146,3.4364261168384758,611.8379468374656,-4.273092185063149,1.3866087356887102,4.20713679359252,16.100732814010478,13.866087356887103,13.866087356887103,11.799999999999983,6.3999999999999915
231,0.0,toyota,tercel,0.0,0,1,0.0,13:52.2,5.6833088953531234,1.7999999999999972,-4.099999999999993,3.5,50.2,-195.9,-145.5,250.73491978581683,52,-200,-142,-24.05498281786944,609.7281792766114,-0.5201012850022694,-0.6836480982063714,5.6833088953531234,34.909459235062585,-6.836480982063714,-6.836480982063714,15.199999999999989,9.399999999999991
232,0.0,toyota,tercel,0.0,0,1,0.0,13:52.6,6.332456079595024,-3.200000000000003,-3.0999999999999943,-4.5,50.2,-195.9,-145.5,253.5941639707034,47,-199,-150,30.927835051546282,601.5407149667728,-10.042160337364248,4.870095262165009,6.3324560795950235,25.243265606375243,48.70095262165008,48.70095262165008,2.8000000000000114,10.799999999999997
233,0.0,toyota,tercel,0.0,0,1,0.0,13:53.0,8.757853618324525,-0.20000000000000284,-2.0999999999999943,-8.5,50.2,-195.9,-145.5,255.77333715616254,50,-198,-154,58.41924398625431,607.2014908489288,-0.4927033580397638,7.663773784838101,8.757853618324525,36.28797659510419,76.63773784838102,76.63773784838102,16.599999999999994,10.799999999999997
234,0.0,toyota,tercel,0.0,0,1,0.0,13:53.4,5.128352561983228,3.799999999999997,-3.0999999999999943,-1.5,50.2,-195.9,-145.5,253.23111973057343,54,-199,-147,10.309278350515427,613.4924451202938,24.23830105000295,2.253872666716367,5.128352561983228,15.758188142432406,22.538726667163665,22.538726667163665,13.799999999999983,8.399999999999991
235,0.0,toyota,tercel,0.0,0,1,0.0,13:53.9,3.449637662132063,-0.20000000000000284,-3.0999999999999943,1.5,50.2,-195.9,-145.5,250.6730938892325,50,-199,-144,-10.309278350515427,606.768666405675,0.2702268788960224,-0.07385242351533872,3.449637662132063,19.143512041212592,-0.7385242351533872,-0.7385242351533872,9.199999999999989,4.799999999999997
236,0.0,toyota,tercel,0.0,0,1,0.0,13:54.3,9.322016949137133,-3.200000000000003,-2.0999999999999943,-8.5,50.2,-195.9,-145.5,255.2038400965001,47,-198,-154,58.41924398625431,601.9601510655758,-1.654254946605115,8.622932868519593,9.322016949137133,47.22316661798251,86.22932868519592,86.22932868519592,12.800000000000011,13.799999999999997
237,0.0,toyota,tercel,0.0,0,1,0.0,13:54.7,5.700877125495688,2.799999999999997,-2.0999999999999943,-4.5,50.2,-195.9,-145.5,253.99409441953568,53,-198,-150,30.927835051546282,612.2825450936041,1.0567606913799588,4.4877318980132035,5.700877125495686,20.488282100206924,44.87731898013203,44.87731898013203,14.599999999999994,9.399999999999991
238,0.0,toyota,tercel,0.0,0,1,0.0,13:55.1,7.328028384224504,-3.200000000000003,-1.0999999999999943,-6.5,50.2,-195.9,-145.5,253.22322168395215,47,-197,-152,44.673539518900405,602.3828380870629,-1.901368595864017,6.892381186387286,7.328028384224504,40.48506274379371,68.92381186387286,68.92381186387286,10.800000000000011,10.799999999999997
239,0.0,toyota,tercel,0.0,0,1,0.0,13:55.5,5.700877125495688,2.799999999999997,-2.0999999999999943,-4.5,50.2,-195.9,-145.5,253.99409441953568,53,-198,-150,30.927835051546282,612.2825450936041,1.0567606913799588,4.4877318980132035,5.700877125495686,20.488282100206924,44.87731898013203,44.87731898013203,14.599999999999994,9.399999999999991
240,0.0,toyota,tercel,0.0,0,1,0.0,13:56.0,3.807886552931949,2.799999999999997,-2.0999999999999943,-1.5,50.2,-195.9,-145.5,252.2340183242538,53,-198,-147,10.309278350515427,612.2825450936041,6.422687466863335,2.0275194883798227,3.807886552931949,11.199903447655062,20.275194883798225,20.275194883798225,9.799999999999983,6.3999999999999915
241,0.0,toyota,tercel,0.0,0,1,0.0,13:56.4,4.086563348340507,-2.200000000000003,-3.0999999999999943,-1.5,50.2,-195.9,-145.5,252.0198404887996,48,-199,-147,10.309278350515427,603.3009859962874,3.352494802073064,2.4639555709531358,4.086563348340507,15.068981219467759,24.639555709531358,24.639555709531358,3.1999999999999886,6.799999999999997
242,0.0,toyota,tercel,0.0,0,1,0.0,13:56.8,4.785394445602159,-1.2000000000000028,-1.0999999999999943,-4.5,50.2,-195.9,-145.5,252.4083992263332,49,-197,-150,30.927835051546282,605.903978496169,-1.2603874109166713,4.414383137718891,4.785394445602159,23.464876828048876,44.14383137718892,44.14383137718892,6.800000000000011,6.799999999999997
243,0.0,toyota,tercel,0.0,0,1,0.0,13:57.2,4.230839160261231,3.799999999999997,-1.0999999999999943,-1.5,50.2,-195.9,-145.5,251.66247237122985,54,-197,-147,10.309278350515427,614.392001458321,3.700096583174088,2.6916786588752073,4.230839160261232,16.697089666851017,26.916786588752075,26.916786588752075,10.599999999999994,6.3999999999999915
244,0.0,toyota,tercel,0.0,0,1,0.0,13:57.6,5.6833088953531234,1.7999999999999972,-4.099999999999993,3.5,50.2,-195.9,-145.5,250.73491978581683,52,-200,-142,-24.05498281786944,609.7281792766114,-0.5201012850022694,-0.6836480982063714,5.6833088953531234,34.909459235062585,-6.836480982063714,-6.836480982063714,15.199999999999989,9.399999999999991
245,0.0,toyota,tercel,0.0,0,1,0.0,13:58.1,5.6302753041037,-3.200000000000003,-1.0999999999999943,-4.5,50.2,-195.9,-145.5,252.02777624698442,47,-197,-150,30.927835051546282,602.3828380870629,-3.2158191120184987,5.060756599136054,5.6302753041037,30.826110607725138,50.607565991360545,50.607565991360545,6.800000000000011,8.799999999999997
246,0.0,toyota,tercel,0.0,0,1,0.0,13:58.5,6.595452979136459,-0.20000000000000284,-1.0999999999999943,-6.5,50.2,-195.9,-145.5,253.7971631047124,50,-197,-152,44.673539518900405,607.6375677852063,-0.44391511538803585,5.928239829761647,6.595452979136459,29.486208487733396,59.282398297616474,59.282398297616474,12.599999999999994,7.799999999999997
247,0.0,toyota,tercel,0.0,0,1,0.0,13:58.9,5.128352561983228,3.799999999999997,-3.0999999999999943,1.5,50.2,-195.9,-145.5,251.501491049258,54,-199,-144,-10.309278350515427,613.4924451202938,-2.6853276660798704,0.7821985508783574,5.128352561983228,29.596159786193372,7.821985508783574,7.821985508783574,13.799999999999983,8.399999999999991
248,0.0,toyota,tercel,0.0,0,1,0.0,13:59.3,4.527692569068704,-1.2000000000000028,-4.099999999999993,1.5,50.2,-195.9,-145.5,251.27077028576164,49,-200,-144,-10.309278350515427,604.618319426424,0.6742346703345227,0.580716890489627,4.527692569068704,27.055608489111233,5.807168904896271,5.807168904896271,11.199999999999989,6.799999999999997
249,0.0,toyota,tercel,0.0,0,1,0.0,13:59.8,9.126883367283707,-3.200000000000003,-4.099999999999993,-7.5,50.2,-195.9,-145.5,256.1601061836132,47,-200,-153,51.54639175257736,601.1244961003407,-3.2373802828364737,7.513267904025681,9.126883367283707,36.842874107032046,75.1326790402568,75.1326790402568,8.599999999999994,14.799999999999997
250,0.0,toyota,tercel,0.0,0,1,0.0,14:00.2,5.412947441089741,2.799999999999997,-1.0999999999999943,-4.5,50.2,-195.9,-145.5,253.21532339098286,53,-197,-150,30.927835051546282,612.7303747834188,0.937008515627337,4.707077095401832,5.412947441089741,24.498033489653707,47.07077095401832,47.07077095401832,14.599999999999994,8.399999999999991
251,0.0,toyota,tercel,0.0,0,1,0.0,14:00.6,3.2710854467592214,1.7999999999999972,-1.0999999999999943,2.5,50.2,-195.9,-145.5,248.92167442792118,52,-197,-143,-17.18213058419249,611.050764371607,-1.4554658728334535,-0.46944579772074113,3.271085446759222,22.03588953204244,-4.694457977207412,-4.694457977207412,7.199999999999989,5.3999999999999915
252,0.0,toyota,tercel,0.0,0,1,0.0,14:01.0,3.5071355833500366,-2.200000000000003,-1.0999999999999943,-2.5,50.2,-195.9,-145.5,251.03187048659768,48,-197,-148,17.18213058419238,604.152399329866,-6.565456553518665,2.903742303614165,3.5071355833500366,17.395753307035132,29.037423036141654,29.037423036141654,2.8000000000000114,5.799999999999997
253,0.0,toyota,tercel,0.0,0,1,0.0,14:01.4,4.969909455915669,-0.20000000000000284,-2.0999999999999943,-4.5,50.2,-195.9,-145.5,253.3850824338323,50,-198,-150,30.927835051546282,607.2014908489288,-0.8497160759244139,4.0007384978720415,4.969909455915669,17.03777305563453,40.00738497872042,40.00738497872042,8.599999999999994,6.799999999999997
254,0.0,toyota,tercel,0.0,0,1,0.0,14:01.9,4.370354676682426,3.799999999999997,-2.0999999999999943,0.5,50.2,-195.9,-145.5,251.2866888635369,54,-198,-145,-3.4364261168384758,613.9406135149204,-8.285370990329582,1.1575221767028547,4.370354676682426,22.0075947942944,11.575221767028548,11.575221767028548,11.799999999999983,6.3999999999999915
255,0.0,toyota,tercel,0.0,0,1,0.0,14:02.3,2.167948338867874,-0.20000000000000284,-2.0999999999999943,-0.5,50.2,-195.9,-145.5,251.0378457523885,50,-198,-146,3.4364261168384758,607.2014908489288,0.9700275504676722,0.8160068924306235,2.1679483388678746,7.164141201692758,8.160068924306236,8.160068924306236,3.799999999999983,2.799999999999997
256,0.0,toyota,tercel,0.0,0,1,0.0,14:02.7,6.284902544988266,-4.200000000000003,-3.0999999999999943,-3.5,50.2,-195.9,-145.5,252.82009413810445,46,-199,-149,24.05498281786933,599.7628395622944,24.653960394688085,4.439950001789722,6.284902544988266,25.670292220764836,44.39950001789722,44.39950001789722,2.200000000000017,10.799999999999997
257,0.0,toyota,tercel,0.0,0,1,0.0,14:03.1,5.282045058497699,1.7999999999999972,-2.0999999999999943,-4.5,50.2,-195.9,-145.5,253.78731252763603,52,-198,-150,30.927835051546282,610.6066719083116,0.5526080309425153,4.047186815473092,5.282045058497699,16.564014232932635,40.47186815473091,40.47186815473091,12.599999999999994,8.399999999999991
258,0.0,toyota,tercel,0.0,0,1,0.0,14:03.5,4.593473631142336,3.799999999999997,-2.0999999999999943,1.5,50.2,-195.9,-145.5,250.71098898931416,54,-198,-144,-10.309278350515427,613.9406135149204,-4.053787300180975,0.7005156811403707,4.593473631142336,26.974022019756323,7.005156811403706,7.005156811403706,11.799999999999983,7.3999999999999915
259,0.0,toyota,tercel,0.0,0,1,0.0,14:04.0,4.301162633521308,-1.2000000000000028,-4.099999999999993,0.5,50.2,-195.9,-145.5,251.84519054371484,49,-200,-145,-3.4364261168384758,604.618319426424,0.8878931182597245,1.1309356962120902,4.301162633521309,23.02137450830169,11.309356962120903,11.309356962120903,9.199999999999989,5.799999999999997
260,0.0,toyota,tercel,0.0,0,1,0.0,14:04.4,4.785394445602159,-1.2000000000000028,-1.0999999999999943,-4.5,50.2,-195.9,-145.5,252.4083992263332,49,-197,-150,30.927835051546282,605.903978496169,-1.2603874109166713,4.414383137718891,4.785394445602159,23.464876828048876,44.14383137718892,44.14383137718892,6.800000000000011,6.799999999999997
261,0.0,toyota,tercel,0.0,0,1,0.0,14:04.8,5.4497706373754795,2.799999999999997,-3.0999999999999943,-3.5,50.2,-195.9,-145.5,254.18693908224319,53,-199,-149,24.05498281786933,611.8379468374656,2.037732148254608,3.450346486568259,5.44977063737548,12.60512236636549,34.503464865682595,34.503464865682595,12.599999999999994,9.399999999999991
262,0.0,toyota,tercel,0.0,0,1,0.0,14:05.2,5.753259945457006,1.7999999999999972,-3.0999999999999943,4.5,50.2,-195.9,-145.5,249.3712092443713,52,-199,-141,-30.927835051546392,610.1658203554052,-0.6015346885920458,-1.2223230915686722,5.753259945457006,37.30858905734108,-12.223230915686722,-12.223230915686722,15.199999999999989,9.399999999999991
263,0.0,toyota,tercel,0.0,0,1,0.0,14:05.7,5.167204273105524,-2.200000000000003,-3.0999999999999943,-3.5,50.2,-195.9,-145.5,253.1916270337548,48,-199,-149,24.05498281786933,603.3009859962874,-32.92777164488752,3.6336281683198193,5.167204273105523,16.742260083342508,36.33628168319819,36.33628168319819,2.5999999999999943,8.799999999999997
264,0.0,toyota,tercel,0.0,0,1,0.0,14:06.1,7.204165461731148,-0.20000000000000284,-3.0999999999999943,-6.5,50.2,-195.9,-145.5,255.35269726400003,50,-199,-152,44.673539518900405,606.768666405675,-0.811477348110056,5.737865511231408,7.204165461731148,23.934120070478766,57.37865511231408,57.37865511231408,12.599999999999994,9.799999999999997
265,0.0,toyota,tercel,0.0,0,1,0.0,14:06.5,5.147815070493496,4.799999999999997,-1.0999999999999943,-1.5,50.2,-195.9,-145.5,251.87893917515217,55,-197,-147,10.309278350515427,616.0356550460334,4.008346031567469,3.1375281896101948,5.147815070493496,21.47841588457622,31.375281896101946,31.375281896101946,12.599999999999994,7.3999999999999915
266,0.0,toyota,tercel,0.0,0,1,0.0,14:06.9,3.9874804074753727,-0.20000000000000284,-3.0999999999999943,2.5,50.2,-195.9,-145.5,250.09998000799598,50,-199,-143,-17.18213058419249,606.768666405675,0.16880711318291658,-0.6249286427598727,3.9874804074753727,23.18762072007738,-6.249286427598727,-6.249286427598727,11.199999999999989,5.799999999999997
267,0.0,toyota,tercel,0.0,0,1,0.0,14:07.3,6.700746227100381,-3.200000000000003,-2.0999999999999943,-5.5,50.2,-195.9,-145.5,253.40481447675774,47,-198,-151,37.800687285223454,601.9601510655758,-3.224705385414956,5.879521480536074,6.700746227100381,32.85290914280078,58.795214805360736,58.795214805360736,6.800000000000011,10.799999999999997
268,0.0,toyota,tercel,0.0,0,1,0.0,14:07.8,5.522680508593626,0.7999999999999972,-3.0999999999999943,-4.5,50.2,-195.9,-145.5,254.36587821482655,51,-199,-150,30.927835051546282,608.4760606958824,-0.2507210502898477,3.5918595041742885,5.522680508593626,10.666382385799533,35.91859504174288,35.91859504174288,10.599999999999994,8.399999999999991
269,0.0,toyota,tercel,0.0,0,1,0.0,14:08.2,6.024948132556823,3.799999999999997,-3.0999999999999943,3.5,50.2,-195.9,-145.5,250.36173829081798,54,-199,-142,-24.05498281786944,613.4924451202938,-1.6649794134643132,-0.13441705858475705,6.024948132556823,39.557607892504286,-1.3441705858475705,-1.3441705858475705,13.799999999999983,10.399999999999991
270,0.0,toyota,tercel,0.0,0,1,0.0,14:08.6,3.3911649915626323,-2.200000000000003,-2.0999999999999943,-1.5,50.2,-195.9,-145.5,251.23096942853203,48,-198,-147,10.309278350515427,603.7250656551046,5.827556069447151,2.254052840153939,3.3911649915626323,13.324082161350587,22.54052840153939,22.54052840153939,1.4000000000000057,5.799999999999997
271,0.0,toyota,tercel,0.0,0,1,0.0,14:09.0,6.426507605223849,-1.2000000000000028,-3.0999999999999943,-5.5,50.2,-195.9,-145.5,254.56433371546768,49,-199,-151,37.800687285223454,605.0436395986412,-1.9593289299803955,5.141421552980413,6.426507605223849,22.757705853070632,51.41421552980413,51.41421552980413,8.599999999999994,9.799999999999997
272,0.0,toyota,tercel,0.0,0,1,0.0,14:09.4,5.009990019950135,3.799999999999997,-2.0999999999999943,-2.5,50.2,-195.9,-145.5,253.02964253225352,54,-198,-148,17.18213058419238,613.9406135149204,3.126451086470266,3.2907747405472394,5.009990019950135,16.6112095351639,32.90774740547239,32.90774740547239,12.599999999999994,8.399999999999991
273,0.0,toyota,tercel,0.0,0,1,0.0,14:09.9,5.4497706373754795,2.799999999999997,-3.0999999999999943,3.5,50.2,-195.9,-145.5,250.14795621791515,53,-199,-142,-24.05498281786944,611.8379468374656,-1.1276262412835667,-0.44781763415107645,5.44977063737548,35.93887792736744,-4.478176341510764,-4.478176341510764,13.199999999999989,9.399999999999991
274,0.0,toyota,tercel,0.0,0,1,0.0,14:10.3,5.6302753041037,-3.200000000000003,-1.0999999999999943,-4.5,50.2,-195.9,-145.5,252.02777624698442,47,-197,-150,30.927835051546282,602.3828380870629,-3.2158191120184987,5.060756599136054,5.6302753041037,30.826110607725138,50.607565991360545,50.607565991360545,6.800000000000011,8.799999999999997
275,0.0,toyota,tercel,0.0,0,1,0.0,14:10.7,6.935416353759879,-1.2000000000000028,-2.0999999999999943,-6.5,50.2,-195.9,-145.5,254.3796375498636,49,-198,-152,44.673539518900405,605.4721817830374,-1.114243629401914,6.151085767687461,6.935416353759879,30.343308248986595,61.510857676874615,61.510857676874615,10.599999999999994,9.799999999999997
276,0.0,toyota,tercel,0.0,0,1,0.0,14:11.1,4.20713679359252,2.799999999999997,-3.0999999999999943,0.5,50.2,-195.9,-145.5,251.863058029557,53,-199,-145,-3.4364261168384758,611.8379468374656,-2.36069344403159,0.9280302964299769,4.20713679359252,21.033164985199193,9.28030296429977,9.28030296429977,11.799999999999983,6.3999999999999915
277,0.0,toyota,tercel,0.0,0,1,0.0,14:11.6,3.240370349203924,0.7999999999999972,-3.0999999999999943,0.5,50.2,-195.9,-145.5,251.44979618206096,51,-199,-145,-3.4364261168384758,608.4760606958824,-0.2606468633071395,0.29708388902737193,3.240370349203924,13.777512651324543,2.9708388902737193,2.9708388902737193,7.799999999999983,4.3999999999999915
278,0.0,toyota,tercel,0.0,0,1,0.0,14:12.0,7.078135347674554,-3.200000000000003,-3.0999999999999943,-5.5,50.2,-195.9,-145.5,254.18693908224319,47,-199,-151,37.800687285223454,601.5407149667728,-4.8249564927697355,5.783601310516692,7.078135347674554,30.06019102534915,57.83601310516692,57.83601310516692,4.800000000000011,11.799999999999997
279,0.0,toyota,tercel,0.0,0,1,0.0,14:12.4,5.700877125495688,2.799999999999997,-2.0999999999999943,-4.5,50.2,-195.9,-145.5,253.99409441953568,53,-198,-150,30.927835051546282,612.2825450936041,1.0567606913799588,4.4877318980132035,5.700877125495686,20.488282100206924,44.87731898013203,44.87731898013203,14.599999999999994,9.399999999999991
280,0.0,toyota,tercel,0.0,0,1,0.0,14:12.8,3.9115214431215857,2.799999999999997,-1.0999999999999943,2.5,50.2,-195.9,-145.5,249.1324948696978,53,-197,-143,-17.18213058419249,612.7303747834188,-2.545126168880039,-0.15270139953244277,3.9115214431215857,25.689467143596296,-1.5270139953244277,-1.5270139953244277,7.799999999999983,6.3999999999999915
281,0.0,toyota,tercel,0.0,0,1,0.0,14:13.2,5.108815909777919,-3.200000000000003,-3.0999999999999943,-2.5,50.2,-195.9,-145.5,252.4163227685564,47,-199,-148,17.18213058419238,601.5407149667728,7.45503101304253,3.4532989162130296,5.108815909777919,19.657666471801864,34.53298916213029,34.53298916213029,1.4000000000000057,8.799999999999997
282,0.0,toyota,tercel,0.0,0,1,0.0,14:13.7,7.5960516059331775,-1.2000000000000028,-0.09999999999999433,-7.5,50.2,-195.9,-145.5,253.42849090029318,49,-196,-153,51.54639175257736,606.3390625908323,-0.6301583912307605,7.263124508697041,7.5960516059331775,40.779337280258204,72.63124508697041,72.63124508697041,14.800000000000011,8.799999999999997
283,0.0,toyota,tercel,0.0,0,1,0.0,14:14.1,5.412947441089741,2.799999999999997,-1.0999999999999943,-4.5,50.2,-195.9,-145.5,253.21532339098286,53,-197,-150,30.927835051546282,612.7303747834188,0.937008515627337,4.707077095401832,5.412947441089741,24.498033489653707,47.07077095401832,47.07077095401832,14.599999999999994,8.399999999999991
284,0.0,toyota,tercel,0.0,0,1,0.0,14:14.5,2.7018512172212543,0.7999999999999972,-2.0999999999999943,-1.5,50.2,-195.9,-145.5,251.82136525719966,51,-198,-147,10.309278350515427,608.9129879635157,18.21625803378664,1.1391044126858678,2.701851217221254,1.3607465166012578,11.391044126858679,11.391044126858679,5.799999999999983,4.3999999999999915
285,0.0,toyota,tercel,0.0,0,1,0.0,14:14.9,6.332456079595024,-3.200000000000003,-3.0999999999999943,-4.5,50.2,-195.9,-145.5,253.5941639707034,47,-199,-150,30.927835051546282,601.5407149667728,-10.042160337364248,4.870095262165009,6.3324560795950235,25.243265606375243,48.70095262165008,48.70095262165008,2.8000000000000114,10.799999999999997
286,0.0,toyota,tercel,0.0,0,1,0.0,14:15.3,4.969909455915669,-0.20000000000000284,-2.0999999999999943,-4.5,50.2,-195.9,-145.5,253.3850824338323,50,-198,-150,30.927835051546282,607.2014908489288,-0.8497160759244139,4.0007384978720415,4.969909455915669,17.03777305563453,40.00738497872042,40.00738497872042,8.599999999999994,6.799999999999997
287,0.0,toyota,tercel,0.0,0,1,0.0,14:15.8,4.593473631142336,3.799999999999997,-2.0999999999999943,1.5,50.2,-195.9,-145.5,250.71098898931416,54,-198,-144,-10.309278350515427,613.9406135149204,-4.053787300180975,0.7005156811403707,4.593473631142336,26.974022019756323,7.005156811403706,7.005156811403706,11.799999999999983,7.3999999999999915
