,Backward,Brand,Category,Class,Class_Target,Forward,Mag1_CarLen,Mag1_CarX,Mag1_CarY,Mag1_CarZ,Mag1_EnvX,Mag1_EnvY,Mag1_EnvZ,Mag1_Len,Mag1_X,Mag1_Y,Mag1_Z,Mag_CarLen,Mag_CarX,Mag_CarY,Mag_CarZ,Mag_EnvX,Mag_EnvY,Mag_EnvZ,Mag_Len,Mag_X,Mag_Y,Mag_Z
0,0.0,toyota,clotplus,0.0,0,1,5.991660871578099,-2.200000000000003,0.9000000000000057,-5.5,50.2,-195.9,-145.5,251.2568407028951,48,-195,-151,5.379591062525095,4.599999999999994,0.6999999999999993,2.6999999999999886,190.4,-20.7,-246.7,312.987220186384,195,-20,-244
1,0.0,toyota,clotplus,0.0,0,1,2.8460498941515384,2.799999999999997,-0.09999999999999432,0.5,50.2,-195.9,-145.5,249.499498997493,53,-196,-145,1.7720045146669257,-0.4000000000000057,-0.3000000000000007,1.6999999999999886,190.4,-20.7,-246.7,310.7507039412783,190,-21,-245
2,0.0,toyota,clotplus,0.0,0,1,4.571651780264983,0.7999999999999972,-0.09999999999999432,4.5,50.2,-195.9,-145.5,246.7752013472991,51,-196,-141,4.115823125451347,-3.4000000000000057,-0.3000000000000007,-2.3000000000000114,190.4,-20.7,-246.7,312.10735332574274,187,-21,-249
3,0.0,toyota,clotplus,0.0,0,1,6.920982589199313,-4.200000000000003,-0.09999999999999432,-5.5,50.2,-195.9,-145.5,251.6604855753084,46,-196,-151,4.2591078878093755,2.5999999999999943,0.6999999999999993,-3.3000000000000114,190.4,-20.7,-246.7,316.46326801068085,193,-20,-250
4,0.0,toyota,clotplus,0.0,0,1,3.0822070014844867,1.7999999999999972,-0.09999999999999432,-2.5,50.2,-195.9,-145.5,251.0458125522113,52,-196,-148,4.091454509095744,1.5999999999999943,0.6999999999999993,3.6999999999999886,190.4,-20.7,-246.7,310.3433582340695,192,-20,-243
5,0.0,toyota,clotplus,0.0,0,1,3.7549966711037155,2.799999999999997,-0.09999999999999432,2.5,50.2,-195.9,-145.5,248.34250542345745,53,-196,-143,3.8652296180175467,-3.4000000000000057,-1.3000000000000007,-1.3000000000000114,190.4,-20.7,-246.7,311.3791900561115,187,-22,-248
6,0.0,toyota,clotplus,0.0,0,1,3.53553390593274,-3.200000000000003,-0.09999999999999432,1.5,50.2,-195.9,-145.5,247.71152577141015,47,-196,-144,3.4263683398023725,0.5999999999999943,0.6999999999999993,-3.3000000000000114,190.4,-20.7,-246.7,315.24752179834815,191,-20,-250
7,0.0,toyota,clotplus,0.0,0,1,3.8078865529319565,-1.2000000000000028,0.9000000000000057,-3.5,50.2,-195.9,-145.5,250.25387109893026,49,-195,-149,3.760319135392621,2.5999999999999943,-0.3000000000000007,2.6999999999999886,190.4,-20.7,-246.7,311.8108400937979,193,-21,-244
8,0.0,toyota,clotplus,0.0,0,1,6.774953874381726,3.799999999999997,-1.0999999999999943,5.5,50.2,-195.9,-145.5,247.63884994079584,54,-197,-140,3.967366884975466,-1.4000000000000057,-0.3000000000000007,3.6999999999999886,190.4,-20.7,-246.7,308.56279749833743,189,-21,-243
9,0.0,toyota,clotplus,0.0,0,1,2.7748873851023226,-1.2000000000000028,-0.09999999999999432,2.5,50.2,-195.9,-145.5,247.5196961859803,49,-196,-143,5.489990892524334,-3.4000000000000057,-0.3000000000000007,-4.300000000000011,190.4,-20.7,-246.7,313.70527569679155,187,-21,-251
10,0.0,toyota,clotplus,0.0,0,1,6.457553716385176,-3.200000000000003,-1.0999999999999943,-5.5,50.2,-195.9,-145.5,252.62422686670413,47,-197,-151,3.1843366656181207,2.5999999999999943,0.6999999999999993,1.6999999999999886,190.4,-20.7,-246.7,312.5283987096213,193,-20,-245
11,0.0,toyota,clotplus,0.0,0,1,3.3015148038438347,2.799999999999997,0.9000000000000057,-1.5,50.2,-195.9,-145.5,249.88597399614088,53,-195,-147,1.9339079605813596,0.5999999999999943,0.6999999999999993,1.6999999999999886,190.4,-20.7,-246.7,311.2972855647797,191,-20,-245
12,0.0,toyota,clotplus,0.0,0,1,3.5916569992135936,0.7999999999999972,-0.09999999999999432,3.5,50.2,-195.9,-145.5,247.34793308212625,51,-196,-142,3.4842502780368725,-3.4000000000000057,-0.3000000000000007,0.6999999999999886,190.4,-20.7,-246.7,309.71922768856314,187,-21,-246
13,0.0,toyota,clotplus,0.0,0,1,4.062019202317982,-3.200000000000003,-0.09999999999999432,-2.5,50.2,-195.9,-145.5,250.05799327356044,47,-196,-148,1.7720045146669257,1.5999999999999943,-0.3000000000000007,0.6999999999999886,190.4,-20.7,-246.7,312.7634889177444,192,-21,-246
14,0.0,toyota,clotplus,0.0,0,1,3.619392214170773,-0.20000000000000284,0.9000000000000057,-3.5,50.2,-195.9,-145.5,250.45159212909786,50,-195,-149,3.541186241925145,2.5999999999999943,1.6999999999999993,1.6999999999999886,190.4,-20.7,-246.7,312.46599815019874,193,-19,-245
15,0.0,toyota,clotplus,0.0,0,1,6.23698645180507,2.799999999999997,0.9000000000000057,5.5,50.2,-195.9,-145.5,245.8332768361517,53,-195,-140,3.679673898594815,-2.4000000000000057,0.6999999999999993,2.6999999999999886,190.4,-20.7,-246.7,308.6745859315276,188,-20,-244
16,0.0,toyota,clotplus,0.0,0,1,2.6645825188948478,-2.200000000000003,-0.09999999999999432,1.5,50.2,-195.9,-145.5,247.90320691753868,48,-196,-144,3.813135192987536,-1.4000000000000057,-1.3000000000000007,-3.3000000000000114,190.4,-20.7,-246.7,314.1735189349987,189,-22,-250
17,0.0,toyota,clotplus,0.0,0,1,4.743416490252571,-3.200000000000003,-0.09999999999999432,-3.5,50.2,-195.9,-145.5,250.6511520021402,47,-196,-149,4.211887937730543,2.5999999999999943,-0.3000000000000007,-3.3000000000000114,190.4,-20.7,-246.7,316.52803983217666,193,-21,-250
18,0.0,toyota,clotplus,0.0,0,1,4.277849927241488,3.799999999999997,1.9000000000000057,-0.5,50.2,-195.9,-145.5,248.73278834926447,54,-194,-146,3.760319135392621,0.5999999999999943,-0.3000000000000007,3.6999999999999886,190.4,-20.7,-246.7,309.79186561302737,191,-21,-243
19,0.0,toyota,clotplus,0.0,0,1,6.610597552415364,0.7999999999999972,0.9000000000000057,6.5,50.2,-195.9,-145.5,244.840764579757,51,-195,-139,6.522269543648143,-3.4000000000000057,1.6999999999999993,-5.300000000000011,190.4,-20.7,-246.7,314.37875246269425,187,-19,-252
20,0.0,toyota,clotplus,0.0,0,1,6.3639610306789285,-3.200000000000003,-0.09999999999999432,-5.5,50.2,-195.9,-145.5,251.84519054371478,47,-196,-151,5.580322571321491,1.5999999999999943,0.6999999999999993,-5.300000000000011,190.4,-20.7,-246.7,317.4397580644239,192,-20,-252
21,0.0,toyota,clotplus,0.0,0,1,4.03732584763727,1.7999999999999972,0.9000000000000057,-3.5,50.2,-195.9,-145.5,250.85852586667252,52,-195,-149,6.673829485385422,2.5999999999999943,-2.3000000000000007,5.699999999999989,190.4,-20.7,-246.7,309.61104631456544,193,-23,-241
22,0.0,toyota,clotplus,0.0,0,1,5.958187643906491,3.799999999999997,0.9000000000000057,4.5,50.2,-195.9,-145.5,246.6211669747753,54,-195,-141,2.5179356624028366,-2.4000000000000057,-0.3000000000000007,0.6999999999999886,190.4,-20.7,-246.7,310.32402420695695,188,-21,-246
23,0.0,toyota,clotplus,0.0,0,1,2.8809720581775866,-2.200000000000003,-1.0999999999999943,1.5,50.2,-195.9,-145.5,248.69459181896175,48,-197,-144,7.439085965358928,-1.4000000000000057,-0.3000000000000007,-7.300000000000011,190.4,-20.7,-246.7,317.29796721693634,189,-21,-254
24,0.0,toyota,clotplus,0.0,0,1,5.594640292279748,-3.200000000000003,0.9000000000000057,-4.5,50.2,-195.9,-145.5,250.467562770112,47,-195,-150,2.782085548648703,2.5999999999999943,0.6999999999999993,0.6999999999999886,190.4,-20.7,-246.7,313.31294259892934,193,-20,-246
25,0.0,toyota,clotplus,0.0,0,1,2.9832867780352585,2.799999999999997,0.9000000000000057,0.5,50.2,-195.9,-145.5,248.71469598718932,53,-195,-145,3.9673668849754633,0.5999999999999943,-1.3000000000000007,3.6999999999999886,190.4,-20.7,-246.7,309.8612592758249,191,-22,-243
26,0.0,toyota,clotplus,0.0,0,1,5.558776843874918,0.7999999999999972,-0.09999999999999432,5.5,50.2,-195.9,-145.5,246.2051989702898,51,-196,-140,3.652396473549944,-3.4000000000000057,-0.3000000000000007,-1.3000000000000114,190.4,-20.7,-246.7,311.3101347531108,187,-21,-248
27,0.0,toyota,clotplus,0.0,0,1,3.7013511046643504,-3.200000000000003,-1.0999999999999943,-1.5,50.2,-195.9,-145.5,250.25387109893026,47,-197,-147,2.3958297101421975,0.5999999999999943,-0.3000000000000007,-2.3000000000000114,190.4,-20.7,-246.7,314.5202696170789,191,-21,-249
28,0.0,toyota,clotplus,0.0,0,1,5.02991053598372,-1.2000000000000028,1.9000000000000057,-4.5,50.2,-195.9,-145.5,250.0739890512406,49,-194,-150,4.532107677449852,2.5999999999999943,-0.3000000000000007,3.6999999999999886,190.4,-20.7,-246.7,311.0289375604784,193,-21,-243
29,0.0,toyota,clotplus,0.0,0,1,5.244044240850757,3.799999999999997,0.9000000000000057,3.5,50.2,-195.9,-145.5,247.19425559668656,54,-195,-142,1.7146428199482244,-1.4000000000000057,0.6999999999999993,0.6999999999999886,190.4,-20.7,-246.7,310.8649224341659,189,-20,-246
30,0.0,toyota,clotplus,0.0,0,1,2.9832867780352585,-1.2000000000000028,-1.0999999999999943,2.5,50.2,-195.9,-145.5,248.31230336010336,49,-197,-143,6.303967004989807,-3.4000000000000057,-0.3000000000000007,-5.300000000000011,190.4,-20.7,-246.7,314.5059617876901,187,-21,-252
31,0.0,toyota,clotplus,0.0,0,1,5.576737397439476,-4.200000000000003,-1.0999999999999943,-3.5,50.2,-195.9,-145.5,251.24888059452127,46,-197,-149,1.6552945357246815,1.5999999999999943,-0.3000000000000007,-0.30000000000001137,190.4,-20.7,-246.7,313.55063386955544,192,-21,-247
32,0.0,toyota,clotplus,0.0,0,1,6.8044103344816,1.7999999999999972,0.9000000000000057,-6.5,50.2,-195.9,-145.5,252.65193448695382,52,-195,-152,5.073460357586318,2.5999999999999943,-2.3000000000000007,3.6999999999999886,190.4,-20.7,-246.7,311.1703713402033,193,-23,-243
33,0.0,toyota,clotplus,0.0,0,1,5.787918451395112,1.7999999999999972,-0.09999999999999432,5.5,50.2,-195.9,-145.5,246.41428530018302,52,-196,-140,2.8178005607210768,-2.4000000000000057,-1.3000000000000007,0.6999999999999886,190.4,-20.7,-246.7,310.39329889673843,188,-22,-246
34,0.0,toyota,clotplus,0.0,0,1,4.135214625627068,-2.200000000000003,-0.09999999999999432,-3.5,50.2,-195.9,-145.5,250.84058682757063,48,-196,-149,6.748333127521208,-2.4000000000000057,-0.3000000000000007,-6.300000000000011,190.4,-20.7,-246.7,315.90188350182405,188,-21,-253
35,0.0,toyota,clotplus,0.0,0,1,4.868264577855235,-3.200000000000003,-1.0999999999999943,-3.5,50.2,-195.9,-145.5,251.4338879308038,47,-197,-149,2.9899832775452104,2.5999999999999943,0.6999999999999993,-1.3000000000000114,190.4,-20.7,-246.7,314.88569354608666,193,-20,-248
36,0.0,toyota,clotplus,0.0,0,1,3.3015148038438347,2.799999999999997,0.9000000000000057,1.5,50.2,-195.9,-145.5,248.1330288373557,53,-195,-144,5.877074101966034,0.5999999999999943,-1.3000000000000007,5.699999999999989,190.4,-20.7,-246.7,308.29531297118353,191,-22,-241
37,0.0,toyota,clotplus,0.0,0,1,5.282045058497699,1.7999999999999972,-2.0999999999999943,4.5,50.2,-195.9,-145.5,248.57393266390585,52,-198,-141,4.305810028322205,-3.4000000000000057,-2.3000000000000007,-1.3000000000000114,190.4,-20.7,-246.7,311.4514408378937,187,-23,-248
38,0.0,toyota,clotplus,0.0,0,1,4.277849927241488,-2.200000000000003,-1.0999999999999943,3.5,50.2,-195.9,-145.5,247.54191564258366,48,-197,-142,6.319810123729996,-0.4000000000000057,-0.3000000000000007,-6.300000000000011,190.4,-20.7,-246.7,317.09619991415855,190,-21,-253
39,0.0,toyota,clotplus,0.0,0,1,6.024948132556827,-2.200000000000003,-1.0999999999999943,-5.5,50.2,-195.9,-145.5,252.81218325072865,48,-197,-151,4.8518037882832825,3.5999999999999943,-2.3000000000000007,-2.3000000000000114,190.4,-20.7,-246.7,316.4901262282917,194,-23,-249
40,0.0,toyota,clotplus,0.0,0,1,2.345207879911712,1.7999999999999972,-0.09999999999999432,1.5,50.2,-195.9,-145.5,248.70866490735702,52,-196,-144,4.913247398615288,0.5999999999999943,-1.3000000000000007,4.699999999999989,190.4,-20.7,-246.7,309.0776601438545,191,-22,-242
41,0.0,toyota,clotplus,0.0,0,1,2.626785107312738,0.7999999999999972,-0.09999999999999432,2.5,50.2,-195.9,-145.5,247.92337525937324,51,-196,-143,5.633826408401322,-3.4000000000000057,-1.3000000000000007,-4.300000000000011,190.4,-20.7,-246.7,313.77380387788907,187,-22,-251
42,0.0,toyota,clotplus,0.0,0,1,3.3615472627943266,-3.200000000000003,0.9000000000000057,-0.5,50.2,-195.9,-145.5,248.09272460110554,47,-195,-146,2.7092434368288223,0.5999999999999943,-1.3000000000000007,-2.3000000000000114,190.4,-20.7,-246.7,314.5886202646243,191,-22,-249
43,0.0,toyota,clotplus,0.0,0,1,3.5071355833500366,-0.20000000000000284,-0.09999999999999432,-3.5,50.2,-195.9,-145.5,251.23096942853203,50,-196,-149,5.1710733895391465,3.5999999999999943,-0.3000000000000007,3.6999999999999886,190.4,-20.7,-246.7,311.65044521065585,194,-21,-243
44,0.0,toyota,clotplus,0.0,0,1,4.086563348340507,3.799999999999997,-0.09999999999999432,1.5,50.2,-195.9,-145.5,249.134501825821,54,-196,-144,4.913247398615289,-1.4000000000000057,-0.3000000000000007,4.699999999999989,190.4,-20.7,-246.7,307.77589249322307,189,-21,-242
45,0.0,toyota,clotplus,0.0,0,1,5.0299105359837135,0.7999999999999972,-2.0999999999999943,4.5,50.2,-195.9,-145.5,248.36666442983045,51,-198,-141,6.429618962271416,-3.4000000000000057,-1.3000000000000007,-5.300000000000011,190.4,-20.7,-246.7,314.57431554403803,187,-22,-252
46,0.0,toyota,clotplus,0.0,0,1,3.53553390593274,-3.200000000000003,-0.09999999999999432,-1.5,50.2,-195.9,-145.5,249.46743274423616,47,-196,-147,2.887905815638725,1.5999999999999943,-2.3000000000000007,0.6999999999999886,190.4,-20.7,-246.7,312.90413867509005,192,-23,-246
47,0.0,toyota,clotplus,0.0,0,1,3.5916569992135936,0.7999999999999972,-0.09999999999999432,-3.5,50.2,-195.9,-145.5,251.43189932862538,51,-196,-149,6.3513778032801556,3.5999999999999943,-2.3000000000000007,4.699999999999989,190.4,-20.7,-246.7,311.01286147039,194,-23,-242
48,0.0,toyota,clotplus,0.0,0,1,6.68580586017871,3.799999999999997,-0.09999999999999432,5.5,50.2,-195.9,-145.5,246.84408034222736,54,-196,-140,3.1843366656181287,-1.4000000000000057,-2.3000000000000007,1.6999999999999886,190.4,-20.7,-246.7,310.2821296820041,189,-23,-245
49,0.0,toyota,clotplus,0.0,0,1,4.0865633483405075,-0.20000000000000284,-2.0999999999999943,3.5,50.2,-195.9,-145.5,248.73278834926447,50,-198,-142,4.913247398615311,-3.4000000000000057,-1.3000000000000007,-3.3000000000000114,190.4,-20.7,-246.7,312.97443985092457,187,-22,-250
50,0.0,toyota,clotplus,0.0,0,1,4.868264577855235,-3.200000000000003,-1.0999999999999943,-3.5,50.2,-195.9,-145.5,251.4338879308038,47,-197,-149,3.4842502780368725,2.5999999999999943,-0.3000000000000007,-2.3000000000000114,190.4,-20.7,-246.7,315.7388161123051,193,-21,-249
51,0.0,toyota,clotplus,0.0,0,1,2.345207879911712,1.7999999999999972,-0.09999999999999432,-1.5,50.2,-195.9,-145.5,250.45758123881976,52,-196,-147,4.684015371452137,3.5999999999999943,-1.3000000000000007,2.6999999999999886,190.4,-20.7,-246.7,312.499599999744,194,-22,-244
52,0.0,toyota,clotplus,0.0,0,1,8.972179222463177,4.799999999999997,-1.0999999999999943,7.5,50.2,-195.9,-145.5,246.734675309329,55,-197,-138,5.1516987489564965,-1.4000000000000057,-3.3000000000000007,3.6999999999999886,190.4,-20.7,-246.7,308.7814761283455,189,-24,-243
53,0.0,toyota,clotplus,0.0,0,1,4.2544094772365275,-1.2000000000000028,-2.0999999999999943,3.5,50.2,-195.9,-145.5,248.53369992819887,49,-198,-142,4.684015371452158,-2.4000000000000057,-2.3000000000000007,-3.3000000000000114,190.4,-20.7,-246.7,313.64470344643155,188,-23,-250
54,0.0,toyota,clotplus,0.0,0,1,5.128352561983234,-2.200000000000003,-1.0999999999999943,-4.5,50.2,-195.9,-145.5,252.21617711796364,48,-197,-150,5.416641025580328,4.599999999999994,-2.3000000000000007,1.6999999999999886,190.4,-20.7,-246.7,313.9729287693447,195,-23,-245
55,0.0,toyota,clotplus,0.0,0,1,3.535533905932732,2.799999999999997,-2.0999999999999943,0.5,50.2,-195.9,-145.5,251.073694360839,53,-198,-145,6.673829485385422,2.5999999999999943,-2.3000000000000007,5.699999999999989,190.4,-20.7,-246.7,309.61104631456544,193,-23,-241
56,0.0,toyota,clotplus,0.0,0,1,8.961026726887937,3.799999999999997,-3.0999999999999943,7.5,50.2,-195.9,-145.5,248.114892741246,54,-199,-138,3.8131351929875303,-1.4000000000000057,-3.3000000000000007,-1.3000000000000114,190.4,-20.7,-246.7,312.7315142418493,189,-24,-248
57,0.0,toyota,clotplus,0.0,0,1,4.159326868617081,-1.2000000000000028,-3.0999999999999943,2.5,50.2,-195.9,-145.5,249.9019807844668,49,-199,-143,5.791372894228115,-0.4000000000000057,-2.3000000000000007,-5.300000000000011,190.4,-20.7,-246.7,316.43798760578665,190,-23,-252
58,0.0,toyota,clotplus,0.0,0,1,6.008327554319919,-1.2000000000000028,-2.0999999999999943,-5.5,50.2,-195.9,-145.5,253.7833721897477,49,-198,-151,6.967065379340131,4.599999999999994,-2.3000000000000007,4.699999999999989,190.4,-20.7,-246.7,311.6376100537289,195,-23,-242
59,0.0,toyota,clotplus,0.0,0,1,6.252999280345389,3.799999999999997,-2.0999999999999943,4.5,50.2,-195.9,-145.5,249.0,54,-198,-141,4.235563716909462,1.5999999999999943,-1.3000000000000007,3.6999999999999886,190.4,-20.7,-246.7,310.47866271291497,192,-22,-243
60,0.0,toyota,clotplus,0.0,0,1,7.409453421137077,2.799999999999997,-4.099999999999994,5.5,50.2,-195.9,-145.5,249.81793370372753,53,-200,-140,4.091454509095762,-2.4000000000000057,-3.3000000000000007,-0.30000000000001137,190.4,-20.7,-246.7,311.3342255518978,188,-24,-247
61,0.0,toyota,clotplus,0.0,0,1,3.8340579025361596,-2.200000000000003,-3.0999999999999943,-0.5,50.2,-195.9,-145.5,251.43786508797754,48,-199,-146,2.3958297101421886,0.5999999999999943,-2.3000000000000007,-0.30000000000001137,190.4,-20.7,-246.7,313.0798620160677,191,-23,-247
62,0.0,toyota,clotplus,0.0,0,1,4.636809247747851,-0.20000000000000284,-1.0999999999999943,-4.5,50.2,-195.9,-145.5,252.60443384865596,50,-197,-150,10.599056561788872,3.5999999999999943,-2.3000000000000007,9.699999999999989,190.4,-20.7,-246.7,307.13840528335106,194,-23,-237
63,0.0,toyota,clotplus,0.0,0,1,5.941380311005177,0.7999999999999972,-2.0999999999999943,5.5,50.2,-195.9,-145.5,247.8003228407905,51,-198,-140,4.684015371452158,-2.4000000000000057,-2.3000000000000007,-3.3000000000000114,190.4,-20.7,-246.7,313.64470344643155,188,-23,-250
64,0.0,toyota,clotplus,0.0,0,1,3.5071355833500366,-2.200000000000003,-1.0999999999999943,-2.5,50.2,-195.9,-145.5,251.03187048659777,48,-197,-148,3.541186241925149,2.5999999999999943,-2.3000000000000007,0.6999999999999886,190.4,-20.7,-246.7,313.5187394718217,193,-23,-246
65,0.0,toyota,clotplus,0.0,0,1,3.7282703764614453,1.7999999999999972,-2.0999999999999943,-2.5,50.2,-195.9,-145.5,252.6103719169108,52,-198,-148,6.967065379340131,4.599999999999994,-2.3000000000000007,4.699999999999989,190.4,-20.7,-246.7,311.6376100537289,195,-23,-242
66,0.0,toyota,clotplus,0.0,0,1,5.282045058497699,3.799999999999997,-1.0999999999999943,3.5,50.2,-195.9,-145.5,248.77499874384483,54,-197,-142,4.282522621072765,-0.4000000000000057,-3.3000000000000007,2.6999999999999886,190.4,-20.7,-246.7,310.1805925585932,190,-24,-244
67,0.0,toyota,clotplus,0.0,0,1,4.679743582719032,-0.20000000000000284,-3.0999999999999943,3.5,50.2,-195.9,-145.5,249.52955736745898,50,-199,-142,6.0942595940770445,-0.4000000000000057,-4.300000000000001,-4.300000000000011,190.4,-20.7,-246.7,315.7942368061837,190,-25,-251
68,0.0,toyota,clotplus,0.0,0,1,2.9832867780352585,-1.2000000000000028,-1.0999999999999943,-2.5,50.2,-195.9,-145.5,251.22499875609512,49,-197,-148,5.911006682452652,4.599999999999994,-3.3000000000000007,1.6999999999999886,190.4,-20.7,-246.7,314.0477670673683,195,-24,-245
69,0.0,toyota,clotplus,0.0,0,1,4.679743582719032,3.799999999999997,-1.0999999999999943,2.5,50.2,-195.9,-145.5,249.34714756740252,54,-197,-143,8.771544903835345,2.5999999999999943,-3.3000000000000007,7.699999999999989,190.4,-20.7,-246.7,308.1330881291394,193,-24,-239
70,0.0,toyota,clotplus,0.0,0,1,6.906518659932799,2.799999999999997,-3.0999999999999943,5.5,50.2,-195.9,-145.5,249.0180716333656,53,-199,-140,3.569313659514958,-2.4000000000000057,-2.3000000000000007,-1.3000000000000114,190.4,-20.7,-246.7,312.05288013412087,188,-23,-248
71,0.0,toyota,clotplus,0.0,0,1,4.527692569068704,-1.2000000000000028,-4.099999999999994,1.5,50.2,-195.9,-145.5,251.27077028576164,49,-200,-144,4.532107677449867,0.5999999999999943,-4.300000000000001,-1.3000000000000114,190.4,-20.7,-246.7,314.0222922023212,191,-25,-248
72,0.0,toyota,clotplus,0.0,0,1,5.594640292279743,-1.2000000000000028,-3.0999999999999943,-4.5,50.2,-195.9,-145.5,253.97243944963793,49,-199,-150,5.489990892524312,4.599999999999994,-1.3000000000000007,2.6999999999999886,190.4,-20.7,-246.7,313.12138221462936,195,-22,-244
73,0.0,toyota,clotplus,0.0,0,1,5.57673739743947,3.799999999999997,-2.0999999999999943,3.5,50.2,-195.9,-145.5,249.56762610563095,54,-198,-142,7.262231062146111,1.5999999999999943,-2.3000000000000007,6.699999999999989,190.4,-20.7,-246.7,308.2093444397817,192,-23,-240
74,0.0,toyota,clotplus,0.0,0,1,7.409453421137077,2.799999999999997,-4.099999999999994,5.5,50.2,-195.9,-145.5,249.81793370372753,53,-200,-140,3.8131351929875303,-1.4000000000000057,-3.3000000000000007,-1.3000000000000114,190.4,-20.7,-246.7,312.7315142418493,189,-24,-248
75,0.0,toyota,clotplus,0.0,0,1,4.679743582719032,-2.200000000000003,-4.099999999999994,0.5,50.2,-195.9,-145.5,251.65253823476527,48,-200,-145,3.184336665618132,2.5999999999999943,-1.3000000000000007,-1.3000000000000114,190.4,-20.7,-246.7,315.0190470431907,193,-22,-248
76,0.0,toyota,clotplus,0.0,0,1,3.8858718455450836,1.7999999999999972,-3.0999999999999943,-1.5,50.2,-195.9,-145.5,252.81218325072865,52,-199,-147,8.771544903835345,4.599999999999994,-3.3000000000000007,6.699999999999989,190.4,-20.7,-246.7,310.16286044592766,195,-24,-240
77,0.0,toyota,clotplus,0.0,0,1,6.906518659932799,4.799999999999997,-2.0999999999999943,4.5,50.2,-195.9,-145.5,249.218779388713,55,-198,-141,2.887905815638725,-0.4000000000000057,-2.3000000000000007,1.6999999999999886,190.4,-20.7,-246.7,310.89226429745725,190,-23,-245
78,0.0,toyota,clotplus,0.0,0,1,4.0865633483405075,-0.20000000000000284,-2.0999999999999943,3.5,50.2,-195.9,-145.5,248.73278834926447,50,-198,-142,5.07346035758634,-1.4000000000000057,-2.3000000000000007,-4.300000000000011,190.4,-20.7,-246.7,315.04126713813224,189,-23,-251
79,0.0,toyota,clotplus,0.0,0,1,6.473020933072901,-2.200000000000003,-4.099999999999994,-4.5,50.2,-195.9,-145.5,254.566297847928,48,-200,-150,6.851277253184247,4.599999999999994,-4.300000000000001,2.6999999999999886,190.4,-20.7,-246.7,313.3464536260144,195,-25,-244
80,0.0,toyota,clotplus,0.0,0,1,5.128352561983228,3.799999999999997,-3.0999999999999943,1.5,50.2,-195.9,-145.5,251.501491049258,54,-199,-144,9.194563611178063,2.5999999999999943,-4.300000000000001,7.699999999999989,190.4,-20.7,-246.7,308.21258897066485,193,-25,-239
81,0.0,toyota,clotplus,0.0,0,1,6.65582451691749,3.799999999999997,-3.0999999999999943,4.5,50.2,-195.9,-145.5,249.79591670001332,54,-199,-141,5.944745579080746,-1.4000000000000057,-5.300000000000001,-2.3000000000000114,190.4,-20.7,-246.7,313.6845549273984,189,-26,-249
82,0.0,toyota,clotplus,0.0,0,1,5.57673739743947,-2.200000000000003,-5.099999999999994,-0.5,50.2,-195.9,-145.5,253.02371430362015,48,-201,-146,3.7336309405188897,1.5999999999999943,-3.3000000000000007,0.6999999999999886,190.4,-20.7,-246.7,312.9792325378794,192,-24,-246
83,0.0,toyota,clotplus,0.0,0,1,5.44977063737548,0.7999999999999972,-4.099999999999994,-3.5,50.2,-195.9,-145.5,254.56236956785267,51,-200,-149,9.733447487915049,5.599999999999994,-4.300000000000001,6.699999999999989,190.4,-20.7,-246.7,310.871356030111,196,-25,-240
84,0.0,toyota,clotplus,0.0,0,1,10.63484837691633,5.799999999999997,-6.099999999999994,6.5,50.2,-195.9,-145.5,251.51739502467817,56,-202,-139,6.398437309218548,0.5999999999999943,-4.300000000000001,4.699999999999989,190.4,-20.7,-246.7,309.3056740507681,191,-25,-242
85,0.0,toyota,clotplus,0.0,0,1,8.117881497040955,1.7999999999999972,-7.099999999999994,3.5,50.2,-195.9,-145.5,253.1343516791034,52,-203,-142,6.351377803280167,-0.4000000000000057,-6.300000000000001,0.6999999999999886,190.4,-20.7,-246.7,312.00160255998685,190,-27,-246
86,0.0,toyota,clotplus,0.0,0,1,7.120393247567153,-0.20000000000000284,-7.099999999999994,0.5,50.2,-195.9,-145.5,254.42877195789,50,-203,-145,9.10714005602197,4.599999999999994,-6.300000000000001,4.699999999999989,190.4,-20.7,-246.7,311.95833055073234,195,-27,-242
87,0.0,toyota,clotplus,0.0,0,1,10.124228365658288,4.799999999999997,-6.099999999999994,6.5,50.2,-195.9,-145.5,251.29663746258126,55,-202,-139,12.63091445620624,5.599999999999994,-8.3,7.699999999999989,190.4,-20.7,-246.7,310.44806328917565,196,-29,-239
88,0.0,toyota,clotplus,0.0,0,1,14.57051817884319,3.799999999999997,-8.099999999999994,11.5,50.2,-195.9,-145.5,249.9759988478894,54,-204,-134,10.427847332982964,-0.4000000000000057,-9.3,4.699999999999989,190.4,-20.7,-246.7,309.1342750327113,190,-30,-242
89,0.0,toyota,clotplus,0.0,0,1,12.070625501605122,-1.2000000000000028,-10.099999999999994,6.5,50.2,-195.9,-145.5,253.2942952377728,49,-206,-139,11.880235687897773,3.5999999999999943,-10.3,4.699999999999989,190.4,-20.7,-246.7,311.7065928080444,194,-31,-242
90,0.0,toyota,clotplus,0.0,0,1,10.183319694480769,2.799999999999997,-8.099999999999994,5.5,50.2,-195.9,-145.5,253.03161857759991,53,-204,-140,18.871671892018462,6.599999999999994,-12.3,12.699999999999989,190.4,-20.7,-246.7,307.65890203275444,197,-33,-234
91,0.0,toyota,clotplus,0.0,0,1,19.685019685029523,5.799999999999997,-13.099999999999994,13.5,50.2,-195.9,-145.5,253.45808331951065,56,-209,-132,19.192185909895716,1.5999999999999943,-14.3,12.699999999999989,190.4,-20.7,-246.7,304.70477515129295,192,-35,-234
92,0.0,toyota,clotplus,0.0,0,1,28.261280933460885,-0.20000000000000284,-17.099999999999994,22.5,50.2,-195.9,-145.5,250.99402383323792,50,-213,-123,25.110555549409888,-3.4000000000000057,-19.3,15.699999999999989,190.4,-20.7,-246.7,299.88331063932185,187,-40,-231
93,0.0,toyota,clotplus,0.0,0,1,32.39290045673588,-7.200000000000003,-21.099999999999994,23.5,50.2,-195.9,-145.5,252.6301644697244,43,-217,-122,34.12535714098828,-3.4000000000000057,-23.3,24.69999999999999,190.4,-20.7,-246.7,293.5796314460525,187,-44,-222
94,0.0,toyota,clotplus,0.0,0,1,37.473990980412,-8.200000000000003,-24.099999999999994,27.5,50.2,-195.9,-145.5,253.15607833903573,42,-220,-118,41.84901432530997,-7.400000000000006,-26.3,31.69999999999999,190.4,-20.7,-246.7,286.2219418563154,183,-47,-215
95,0.0,toyota,clotplus,0.0,0,1,46.00108694367993,-17.200000000000003,-25.099999999999994,34.5,50.2,-195.9,-145.5,249.50150300148493,33,-221,-111,51.374507296907474,-25.400000000000006,-29.3,33.69999999999999,190.4,-20.7,-246.7,274.0328447467566,165,-50,-213
96,0.0,toyota,clotplus,222.75524685178573,2,1,56.45617769562512,-37.2,-26.099999999999994,33.5,50.2,-195.9,-145.5,248.9919677419334,13,-222,-112,52.54845383072655,-41.400000000000006,-28.3,15.699999999999989,190.4,-20.7,-246.7,279.21855239220764,149,-49,-231
97,0.0,toyota,clotplus,222.75524685178573,2,1,54.91174737704128,-45.2,-25.099999999999994,18.5,50.2,-195.9,-145.5,254.94116968430188,5,-221,-127,53.87893837112977,-41.400000000000006,-28.3,19.69999999999999,190.4,-20.7,-246.7,275.91846621783037,149,-49,-227
98,0.0,toyota,clotplus,222.75524685178573,2,1,53.63301222195151,-43.2,-25.099999999999994,19.5,50.2,-195.9,-145.5,254.4916501577213,7,-221,-126,53.65761828482513,-44.400000000000006,-26.3,14.699999999999989,190.4,-20.7,-246.7,278.1168819039937,146,-47,-232
99,0.0,toyota,clotplus,222.75524685178573,2,1,55.50045044862249,-46.2,-28.099999999999994,12.5,50.2,-195.9,-145.5,260.53982421119423,4,-224,-133,58.29871353640662,-50.400000000000006,-29.3,-0.30000000000001137,190.4,-20.7,-246.7,288.28631601239766,140,-50,-247
100,0.0,toyota,clotplus,222.75524685178573,2,1,61.42556471046888,-50.2,-34.099999999999994,-9.5,50.2,-195.9,-145.5,277.35356496717327,0,-230,-155,60.74981481453257,-47.400000000000006,-33.3,-18.30000000000001,190.4,-20.7,-246.7,305.9248273677702,143,-54,-265
101,0.0,toyota,clotplus,222.75524685178573,2,1,61.64170666034483,-35.2,-47.099999999999994,-18.5,50.2,-195.9,-145.5,293.5472704693403,15,-243,-164,66.58483310784823,-32.400000000000006,-53.3,-23.30000000000001,190.4,-20.7,-246.7,321.46539471613426,158,-74,-270
102,0.0,toyota,clotplus,222.75524685178573,2,1,77.24571185509264,-35.2,-68.1,-9.5,50.2,-195.9,-145.5,306.5061173940905,15,-264,-155,81.46618930574819,-38.400000000000006,-68.3,-22.30000000000001,190.4,-20.7,-246.7,321.5369341148852,152,-89,-269
103,0.0,toyota,clotplus,222.75524685178573,2,1,82.2660318722132,-41.2,-70.1,-12.5,50.2,-195.9,-145.5,309.517366233302,9,-266,-158,83.17175001164759,-42.400000000000006,-67.3,-24.30000000000001,190.4,-20.7,-246.7,321.0747576499903,148,-88,-271
104,0.0,toyota,clotplus,222.75524685178573,2,1,99.99049954870712,-59.2,-76.1,-26.5,50.2,-195.9,-145.5,321.9456475866695,-9,-272,-172,104.03143755615416,-57.400000000000006,-81.3,-30.30000000000001,190.4,-20.7,-246.7,323.7622584551819,133,-102,-277
105,0.0,toyota,clotplus,222.75524685178573,2,1,167.30361621913616,-15.200000000000003,-116.1,-119.5,50.2,-195.9,-145.5,410.8454697328425,35,-312,-265,168.70133372324003,54.599999999999994,-127.3,-96.30000000000001,190.4,-20.7,-246.7,446.74153601383426,245,-148,-343
106,0.0,toyota,clotplus,111.37762342589286,1,1,179.80850925359456,-16.200000000000003,-172.1,49.5,50.2,-195.9,-145.5,381.83242397680164,34,-368,-96,195.73895882015924,-43.400000000000006,-190.3,14.699999999999989,190.4,-20.7,-246.7,346.3437598687177,147,-211,-232
107,0.0,toyota,clotplus,111.37762342589286,1,1,220.9889137490838,-39.2,-216.1,-24.5,50.2,-195.9,-145.5,445.8306853503917,11,-412,-170,213.56530617120376,-13.400000000000006,-209.3,-40.30000000000001,190.4,-20.7,-246.7,408.1641826520304,177,-230,-287
108,0.0,toyota,clotplus,111.37762342589286,1,1,204.1134488464687,1.7999999999999972,-204.1,-1.5,50.2,-195.9,-145.5,429.31689927138905,52,-400,-147,199.55786128338818,6.599999999999994,-199.3,7.699999999999989,190.4,-20.7,-246.7,379.9078835717943,197,-220,-239
109,0.0,toyota,clotplus,111.37762342589286,1,1,190.29319483365663,-4.200000000000003,-188.1,28.5,50.2,-195.9,-145.5,404.05568923107614,46,-384,-117,185.99553758087853,-8.400000000000006,-185.3,13.699999999999989,190.4,-20.7,-246.7,360.3456673806416,182,-206,-233
110,0.0,toyota,clotplus,111.37762342589286,1,1,182.5028766896566,-13.200000000000003,-179.1,32.5,50.2,-195.9,-145.5,393.3992882555839,37,-375,-113,178.0621801506429,-7.400000000000006,-177.3,14.699999999999989,190.4,-20.7,-246.7,355.69228273888655,183,-198,-232
111,0.0,toyota,clotplus,111.37762342589286,1,1,175.8809256286764,-11.200000000000003,-172.1,34.5,50.2,-195.9,-145.5,386.34958263210274,39,-368,-111,173.70417381283616,-2.4000000000000057,-171.3,28.69999999999999,190.4,-20.7,-246.7,346.0231206147936,188,-192,-218
112,0.0,toyota,clotplus,111.37762342589286,1,1,180.83168970067166,-1.2000000000000028,-172.1,55.5,50.2,-195.9,-145.5,382.00130889828114,49,-368,-90,177.37344784380778,-5.400000000000006,-171.3,45.69999999999999,190.4,-20.7,-246.7,333.9011829868232,185,-192,-201
113,0.0,toyota,clotplus,111.37762342589286,1,1,185.45862072171246,-7.200000000000003,-174.1,63.5,50.2,-195.9,-145.5,381.4092290440807,43,-370,-82,179.1031546344173,-6.400000000000006,-174.3,40.69999999999999,190.4,-20.7,-246.7,338.10797092053303,184,-195,-206
114,0.0,toyota,clotplus,111.37762342589286,1,1,181.9859884716403,-7.200000000000003,-174.1,52.5,50.2,-195.9,-145.5,383.92447173890855,43,-370,-93,172.9264005292425,1.5999999999999943,-168.3,39.69999999999999,190.4,-20.7,-246.7,339.755794652571,192,-189,-207
115,0.0,toyota,clotplus,111.37762342589286,1,1,172.74750359990733,-5.200000000000003,-167.1,43.5,50.2,-195.9,-145.5,379.7341175085536,45,-363,-102,170.2537517941969,-2.4000000000000057,-165.3,40.69999999999999,190.4,-20.7,-246.7,335.22529737476555,188,-186,-206
116,0.0,toyota,clotplus,111.37762342589286,1,1,165.2249981086397,-5.200000000000003,-160.1,40.5,50.2,-195.9,-145.5,373.8796597837331,45,-356,-105,163.6048287795932,-9.400000000000006,-161.3,25.69999999999999,190.4,-20.7,-246.7,338.71226727120467,181,-182,-221
117,0.0,toyota,clotplus,111.37762342589286,1,1,174.7852968644674,-12.200000000000003,-169.1,42.5,50.2,-195.9,-145.5,381.15351238051056,38,-365,-103,168.91932985895963,-5.400000000000006,-167.3,22.69999999999999,190.4,-20.7,-246.7,346.0419049768395,185,-188,-224
118,0.0,toyota,clotplus,111.37762342589286,1,1,175.41351145222535,-10.200000000000003,-173.1,26.5,50.2,-195.9,-145.5,389.7717280665698,40,-369,-119,177.74009114434483,-4.400000000000006,-177.3,11.699999999999989,190.4,-20.7,-246.7,359.2005011132362,186,-198,-235
119,0.0,toyota,clotplus,111.37762342589286,1,1,189.86495200536618,-4.200000000000003,-189.1,16.5,50.2,-195.9,-145.5,408.6343108452838,46,-385,-129,190.529105388127,-3.4000000000000057,-190.3,8.699999999999989,190.4,-20.7,-246.7,368.9634128202958,187,-211,-238
120,0.0,toyota,clotplus,111.37762342589286,1,1,192.35150116388485,-4.200000000000003,-191.1,21.5,50.2,-195.9,-145.5,408.9755493914031,46,-387,-124,190.4078254694381,-6.400000000000006,-190.3,-0.30000000000001137,190.4,-20.7,-246.7,373.3443450756955,184,-211,-247
121,0.0,toyota,clotplus,111.37762342589286,1,1,199.04245778225305,-8.200000000000003,-197.1,26.5,50.2,-195.9,-145.5,412.7638550067096,42,-393,-119,189.33657861068477,-0.4000000000000057,-189.3,3.6999999999999886,190.4,-20.7,-246.7,373.160823238453,190,-210,-243
122,0.0,toyota,clotplus,111.37762342589286,1,1,192.0200510363436,-3.200000000000003,-191.1,18.5,50.2,-195.9,-145.5,410.0085364964978,47,-387,-127,188.60471892293683,0.5999999999999943,-188.3,10.699999999999989,190.4,-20.7,-246.7,368.58920222925684,191,-209,-236
123,0.0,toyota,clotplus,111.37762342589286,1,1,186.3043209375456,-5.200000000000003,-185.1,20.5,50.2,-195.9,-145.5,403.49845105031073,45,-381,-125,185.4700514908,-6.400000000000006,-185.3,4.699999999999989,190.4,-20.7,-246.7,367.22744995438455,184,-206,-242
124,0.0,toyota,clotplus,111.37762342589286,1,1,187.61529788372803,-10.200000000000003,-186.1,21.5,50.2,-195.9,-145.5,403.6087214122113,40,-382,-124,185.4490226450385,-7.400000000000006,-185.3,0.6999999999999886,190.4,-20.7,-246.7,369.3792089438711,183,-206,-246
125,0.0,toyota,clotplus,111.37762342589286,1,1,188.15977253387612,-11.200000000000003,-187.1,16.5,50.2,-195.9,-145.5,406.01847248616656,39,-383,-129,185.33520982263462,-2.4000000000000057,-185.3,2.6999999999999886,190.4,-20.7,-246.7,370.5617357472301,188,-206,-244
126,0.0,toyota,clotplus,111.37762342589286,1,1,179.3251237278257,-6.200000000000003,-179.1,6.5,50.2,-195.9,-145.5,402.34562256845794,44,-375,-139,178.38312700477027,-5.400000000000006,-178.3,0.6999999999999886,190.4,-20.7,-246.7,366.5269430751306,185,-199,-246
127,0.0,toyota,clotplus,111.37762342589286,1,1,180.5732538334512,-6.200000000000003,-180.1,11.5,50.2,-195.9,-145.5,401.5818721008208,44,-376,-134,178.78965294445874,-9.400000000000006,-178.3,-9.300000000000011,190.4,-20.7,-246.7,371.34619965740865,181,-199,-256
128,0.0,toyota,clotplus,111.37762342589286,1,1,180.46523210856986,-11.200000000000003,-180.1,2.5,50.2,-195.9,-145.5,404.16085906480356,39,-376,-143,177.59825449592685,-4.400000000000006,-177.3,-9.300000000000011,190.4,-20.7,-246.7,373.2773767588923,186,-198,-256
129,0.0,toyota,clotplus,111.37762342589286,1,1,180.32387529109948,-6.200000000000003,-180.1,6.5,50.2,-195.9,-145.5,403.27781987111564,44,-376,-139,179.35869089620388,-4.400000000000006,-179.3,-1.3000000000000114,190.4,-20.7,-246.7,368.9173349139343,186,-200,-248
130,0.0,toyota,clotplus,111.37762342589286,1,1,179.48286826324122,-5.200000000000003,-179.1,10.5,50.2,-195.9,-145.5,401.09225871362815,45,-375,-135,178.6262578682093,-9.400000000000006,-178.3,-5.300000000000011,190.4,-20.7,-246.7,368.6000542593558,181,-199,-252
131,0.0,toyota,clotplus,111.37762342589286,1,1,179.70114078658486,-11.200000000000003,-179.1,9.5,50.2,-195.9,-145.5,400.8016966031955,39,-375,-136,178.87688503549026,-7.400000000000006,-178.3,-12.300000000000011,190.4,-20.7,-246.7,374.39417730514987,183,-199,-259
132,0.0,toyota,clotplus,111.37762342589286,1,1,180.39096429699575,-9.200000000000003,-180.1,4.5,50.2,-195.9,-145.5,403.655793963124,41,-376,-141,179.36761134608446,-2.4000000000000057,-179.3,-4.300000000000011,190.4,-20.7,-246.7,371.94757695137633,188,-200,-251
133,0.0,toyota,clotplus,111.37762342589286,1,1,179.3061627496389,-4.200000000000003,-179.1,7.5,50.2,-195.9,-145.5,402.2250613773339,46,-375,-138,179.45734869322015,-7.400000000000006,-179.3,-1.3000000000000114,190.4,-20.7,-246.7,367.41393550054687,183,-200,-248
134,0.0,toyota,clotplus,111.37762342589286,1,1,181.67360843006338,-7.200000000000003,-181.1,12.5,50.2,-195.9,-145.5,402.07835057361643,43,-377,-133,178.74042631704782,-9.400000000000006,-178.3,-8.300000000000011,190.4,-20.7,-246.7,370.65752386805804,181,-199,-255
135,0.0,toyota,clotplus,111.37762342589286,1,1,180.693940130819,-10.200000000000003,-180.1,10.5,50.2,-195.9,-145.5,401.49844333446674,40,-376,-135,178.62401854174036,-5.400000000000006,-178.3,-9.300000000000011,190.4,-20.7,-246.7,373.3122017829045,185,-199,-256
136,0.0,toyota,clotplus,111.37762342589286,1,1,181.2492758606224,-7.200000000000003,-181.1,1.5,50.2,-195.9,-145.5,405.8497258838547,43,-377,-144,180.33341343189844,-3.4000000000000057,-180.3,0.6999999999999886,190.4,-20.7,-246.7,368.62718293690716,187,-201,-246
137,0.0,toyota,clotplus,111.37762342589286,1,1,180.83943154080086,-9.200000000000003,-180.1,13.5,50.2,-195.9,-145.5,400.6007988010009,41,-376,-132,179.64503889615213,-8.400000000000006,-179.3,-7.300000000000011,190.4,-20.7,-246.7,370.99865228865724,182,-200,-254
138,0.0,toyota,clotplus,111.37762342589286,1,1,181.56238597242546,-11.200000000000003,-181.1,6.5,50.2,-195.9,-145.5,403.69666830430987,39,-377,-139,179.46459260812424,-2.4000000000000057,-179.3,-7.300000000000011,190.4,-20.7,-246.7,373.9786090139381,188,-200,-254
139,0.0,toyota,clotplus,111.37762342589286,1,1,180.26286361866107,-6.200000000000003,-180.1,4.5,50.2,-195.9,-145.5,403.9715336505779,44,-376,-141,178.35453456528657,-4.400000000000006,-178.3,-0.30000000000001137,190.4,-20.7,-246.7,367.7036850508844,186,-199,-247
140,0.0,toyota,clotplus,111.37762342589286,1,1,179.54414498947048,-5.200000000000003,-179.1,11.5,50.2,-195.9,-145.5,400.7567840972876,45,-375,-134,179.65672823470877,-9.400000000000006,-179.3,-6.300000000000011,190.4,-20.7,-246.7,369.8242825991825,181,-200,-253
141,0.0,toyota,clotplus,111.37762342589286,1,1,181.69067119695495,-10.200000000000003,-181.1,10.5,50.2,-195.9,-145.5,402.43508793344546,40,-377,-135,180.80525434842872,-7.400000000000006,-180.3,-11.300000000000011,190.4,-20.7,-246.7,374.7719306458263,183,-201,-258
142,0.0,toyota,clotplus,111.37762342589286,1,1,180.4724355684269,-10.200000000000003,-180.1,5.5,50.2,-195.9,-145.5,403.2071427938746,40,-376,-140,179.42669812488887,-2.4000000000000057,-179.3,-6.300000000000011,190.4,-20.7,-246.7,373.30014733455437,188,-200,-253
143,0.0,toyota,clotplus,111.37762342589286,1,1,179.25986723190442,-5.200000000000003,-179.1,5.5,50.2,-195.9,-145.5,402.8026812224566,45,-375,-140,179.38154866094786,-5.400000000000006,-179.3,-0.30000000000001137,190.4,-20.7,-246.7,367.7417572155765,185,-200,-247
144,0.0,toyota,clotplus,111.37762342589286,1,1,180.60813935147,-5.200000000000003,-180.1,12.5,50.2,-195.9,-145.5,401.3601873629222,45,-376,-133,178.6089023537181,-8.400000000000006,-178.3,-6.300000000000011,190.4,-20.7,-246.7,369.77560763252086,182,-199,-253
145,0.0,toyota,clotplus,111.37762342589286,1,1,181.54200615835444,-10.200000000000003,-181.1,7.5,50.2,-195.9,-145.5,403.4513601414674,40,-377,-138,179.76968598737665,-6.400000000000006,-179.3,-11.300000000000011,190.4,-20.7,-246.7,374.7265669791775,184,-200,-258
146,0.0,toyota,clotplus,111.37762342589286,1,1,181.38936021718584,-9.200000000000003,-181.1,4.5,50.2,-195.9,-145.5,404.58744419470065,41,-377,-141,179.41610852986418,-1.4000000000000057,-179.3,-6.300000000000011,190.4,-20.7,-246.7,373.80476187443094,189,-200,-253
147,0.0,toyota,clotplus,111.37762342589286,1,1,177.26900462291763,-4.200000000000003,-177.1,6.5,50.2,-195.9,-145.5,400.7068754089453,46,-373,-139,179.42892743367779,-6.400000000000006,-179.3,-2.3000000000000114,190.4,-20.7,-246.7,368.58784570302913,184,-200,-249
148,0.0,toyota,clotplus,111.37762342589286,1,1,180.63969663393482,-6.200000000000003,-180.1,12.5,50.2,-195.9,-145.5,401.2492990648083,44,-376,-133,179.68845260617056,-8.400000000000006,-179.3,-8.300000000000011,190.4,-20.7,-246.7,371.68400557462786,182,-200,-255
149,0.0,toyota,clotplus,111.37762342589286,1,1,181.59377742643053,-12.200000000000003,-181.1,5.5,50.2,-195.9,-145.5,403.9467786726365,38,-377,-140,179.50247909151562,-4.400000000000006,-179.3,-7.300000000000011,190.4,-20.7,-246.7,372.97721110008854,186,-200,-254
150,0.0,toyota,clotplus,111.37762342589286,1,1,179.34408270138158,-8.200000000000003,-179.1,4.5,50.2,-195.9,-145.5,402.8275065086792,42,-375,-141,180.34616713420888,-2.4000000000000057,-180.3,-3.3000000000000114,190.4,-20.7,-246.7,371.8131251045342,188,-201,-250
151,0.0,toyota,clotplus,111.37762342589286,1,1,179.40094760061888,-4.200000000000003,-179.1,9.5,50.2,-195.9,-145.5,401.54327288599916,46,-375,-136,180.45204349078455,-7.400000000000006,-180.3,-0.30000000000001137,190.4,-20.7,-246.7,367.285992109691,183,-201,-247
152,0.0,toyota,clotplus,111.37762342589286,1,1,181.82216586544115,-7.200000000000003,-181.1,14.5,50.2,-195.9,-145.5,401.42122514884534,43,-377,-131,179.8414301544558,-9.400000000000006,-179.3,-10.300000000000011,190.4,-20.7,-246.7,372.5721406654019,181,-200,-257
153,0.0,toyota,clotplus,111.37762342589286,1,1,181.52933647209753,-11.200000000000003,-181.1,5.5,50.2,-195.9,-145.5,404.04207701673846,39,-377,-140,180.54456513559194,-4.400000000000006,-180.3,-8.300000000000011,190.4,-20.7,-246.7,374.1951362591449,186,-201,-255
154,0.0,toyota,clotplus,111.37762342589286,1,1,178.26469083921245,-6.200000000000003,-178.1,4.5,50.2,-195.9,-145.5,402.1106812806643,44,-374,-141,179.34029106701038,-3.4000000000000057,-179.3,1.6999999999999886,190.4,-20.7,-246.7,367.41529636094356,187,-200,-245
155,0.0,toyota,clotplus,111.37762342589286,1,1,180.5920817754754,-8.200000000000003,-180.1,10.5,50.2,-195.9,-145.5,401.7026263294777,42,-376,-135,178.69678228776255,-9.400000000000006,-178.3,-7.300000000000011,190.4,-20.7,-246.7,369.97026907577316,181,-199,-254
156,0.0,toyota,clotplus,111.37762342589286,1,1,179.6716449526747,-12.200000000000003,-179.1,7.5,50.2,-195.9,-145.5,401.38883890810916,38,-375,-138,178.59658451381426,-4.400000000000006,-178.3,-9.300000000000011,190.4,-20.7,-246.7,373.8087746428647,186,-199,-256
157,0.0,toyota,clotplus,111.37762342589286,1,1,180.2501040221614,-7.200000000000003,-180.1,1.5,50.2,-195.9,-145.5,404.9209799454703,43,-376,-144,177.34694809891712,-2.4000000000000057,-177.3,-3.3000000000000114,190.4,-20.7,-246.7,370.1999459751446,188,-198,-250
158,0.0,toyota,clotplus,111.37762342589286,1,1,179.45668000941063,-4.200000000000003,-179.1,10.5,50.2,-195.9,-145.5,401.20568291089796,46,-375,-135,179.563192219341,-7.400000000000006,-179.3,-6.300000000000011,190.4,-20.7,-246.7,370.8072275455267,183,-200,-253
159,0.0,toyota,clotplus,111.37762342589286,1,1,181.8172159065252,-10.200000000000003,-181.1,12.5,50.2,-195.9,-145.5,401.7685901112729,40,-377,-133,179.85199470675883,-8.400000000000006,-179.3,-11.300000000000011,190.4,-20.7,-246.7,373.7485785926149,182,-200,-258
160,0.0,toyota,clotplus,111.37762342589286,1,1,180.42255956503888,-10.200000000000003,-180.1,3.5,50.2,-195.9,-145.5,403.9059296420393,40,-376,-142,178.4655148761239,-2.4000000000000057,-178.3,-7.300000000000011,190.4,-20.7,-246.7,373.4447750337391,188,-199,-254
161,0.0,toyota,clotplus,111.37762342589286,1,1,179.37697734101775,-5.200000000000003,-179.1,8.5,50.2,-195.9,-145.5,401.76983460683056,45,-375,-137,180.35392981579304,-4.400000000000006,-180.3,-0.30000000000001137,190.4,-20.7,-246.7,368.7899130941626,186,-201,-247
162,0.0,toyota,clotplus,111.37762342589286,1,1,180.63969663393482,-6.200000000000003,-180.1,12.5,50.2,-195.9,-145.5,401.2492990648083,44,-376,-133,180.69239054260146,-9.400000000000006,-180.3,-7.300000000000011,190.4,-20.7,-246.7,371.04986187842735,181,-201,-254
163,0.0,toyota,clotplus,111.37762342589286,1,1,181.56238597242546,-11.200000000000003,-181.1,6.5,50.2,-195.9,-145.5,403.69666830430987,39,-377,-139,179.8353135510376,-6.400000000000006,-179.3,-12.300000000000011,190.4,-20.7,-246.7,375.41576951428135,184,-200,-259
164,0.0,toyota,clotplus,111.37762342589286,1,1,180.40371393072814,-8.200000000000003,-180.1,6.5,50.2,-195.9,-145.5,403.06451096567656,42,-376,-139,179.39437003429066,-2.4000000000000057,-179.3,-5.300000000000011,190.4,-20.7,-246.7,372.6231340107589,188,-200,-252
165,0.0,toyota,clotplus,111.37762342589286,1,1,180.284497392316,-3.200000000000003,-180.1,7.5,50.2,-195.9,-145.5,403.27286048034523,47,-376,-138,180.4282128714908,-6.400000000000006,-180.3,-2.3000000000000114,190.4,-20.7,-246.7,369.13141291415445,184,-201,-249
166,0.0,toyota,clotplus,111.37762342589286,1,1,180.82615961193224,-7.200000000000003,-180.1,14.5,50.2,-195.9,-145.5,400.48220934268727,43,-376,-131,179.90147303454745,-9.400000000000006,-179.3,-11.300000000000011,190.4,-20.7,-246.7,373.2626421167808,181,-200,-258
167,0.0,toyota,clotplus,111.37762342589286,1,1,181.56238597242546,-11.200000000000003,-181.1,6.5,50.2,-195.9,-145.5,403.69666830430987,39,-377,-139,178.62961680527673,-3.4000000000000057,-178.3,-10.300000000000011,190.4,-20.7,-246.7,374.99199991466486,187,-199,-257
168,0.0,toyota,clotplus,111.37762342589286,1,1,175.30573293534925,-7.200000000000003,-175.1,-4.5,50.2,-195.9,-145.5,402.47981315837444,43,-371,-150,175.57944070989635,-3.4000000000000057,-175.3,-9.300000000000011,190.4,-20.7,-246.7,372.72107533650416,187,-196,-256
169,0.0,toyota,clotplus,111.37762342589286,1,1,182.70440607713869,-3.200000000000003,-182.1,14.5,50.2,-195.9,-145.5,402.80764640210094,47,-378,-131,180.51022131724287,-8.400000000000006,-180.3,-2.3000000000000114,190.4,-20.7,-246.7,368.1385608707678,182,-201,-249
170,0.0,toyota,clotplus,111.37762342589286,1,1,181.58606774750095,-10.200000000000003,-181.1,8.5,50.2,-195.9,-145.5,403.11040671260275,40,-377,-137,179.70959907584236,-6.400000000000006,-179.3,-10.300000000000011,190.4,-20.7,-246.7,374.03876804416944,184,-200,-257
171,0.0,toyota,clotplus,111.37762342589286,1,1,181.3193315672656,-8.200000000000003,-181.1,3.5,50.2,-195.9,-145.5,405.0395042461908,42,-377,-142,179.39437003429066,-2.4000000000000057,-179.3,-5.300000000000011,190.4,-20.7,-246.7,372.6231340107589,188,-200,-252
172,0.0,toyota,clotplus,111.37762342589286,1,1,182.3757111021092,-3.200000000000003,-182.1,9.5,50.2,-195.9,-145.5,404.46137021970344,47,-378,-136,180.4182363288146,-6.400000000000006,-180.3,-1.3000000000000114,190.4,-20.7,-246.7,368.45759593201495,184,-201,-248
173,0.0,toyota,clotplus,111.37762342589286,1,1,182.74162087493914,-7.200000000000003,-182.1,13.5,50.2,-195.9,-145.5,402.6872235370772,43,-378,-132,179.7919353030052,-8.400000000000006,-179.3,-10.300000000000011,190.4,-20.7,-246.7,373.0589765707294,182,-200,-257
174,0.0,toyota,clotplus,111.37762342589286,1,1,180.4724355684269,-10.200000000000003,-180.1,5.5,50.2,-195.9,-145.5,403.2071427938746,40,-376,-140,181.59168483165743,-4.400000000000006,-181.3,-9.300000000000011,190.4,-20.7,-246.7,375.4144376552399,186,-202,-256
175,0.0,toyota,clotplus,111.37762342589286,1,1,180.2240272549695,-6.200000000000003,-180.1,2.5,50.2,-195.9,-145.5,404.6739428231079,44,-376,-143,179.34642455315355,-2.4000000000000057,-179.3,-3.3000000000000114,190.4,-20.7,-246.7,371.27348410571955,188,-200,-250
176,0.0,toyota,clotplus,111.37762342589286,1,1,181.3976295324721,-4.200000000000003,-181.1,9.5,50.2,-195.9,-145.5,403.4117003756832,46,-377,-136,180.57336459179135,-8.400000000000006,-180.3,-5.300000000000011,190.4,-20.7,-246.7,370.1742832774854,182,-201,-252
177,0.0,toyota,clotplus,111.37762342589286,1,1,180.50567858103523,-10.200000000000003,-180.1,6.5,50.2,-195.9,-145.5,402.86101821844215,40,-376,-139,179.87367789646157,-7.400000000000006,-179.3,-12.300000000000011,190.4,-20.7,-246.7,374.9266594948937,183,-200,-259
178,0.0,toyota,clotplus,111.37762342589286,1,1,181.47038325853615,-10.200000000000003,-181.1,5.5,50.2,-195.9,-145.5,404.1398272875367,40,-377,-140,178.5092154483908,-2.4000000000000057,-178.3,-8.300000000000011,190.4,-20.7,-246.7,374.1256473432422,188,-199,-255
179,0.0,toyota,clotplus,111.37762342589286,1,1,181.55908129311516,-3.200000000000003,-181.1,12.5,50.2,-195.9,-145.5,402.5257755721986,47,-377,-133,182.32372308616343,-2.4000000000000057,-182.3,1.6999999999999886,190.4,-20.7,-246.7,369.56460869515087,188,-203,-245
180,0.0,toyota,clotplus,111.37762342589286,1,1,193.2363837376388,-4.200000000000003,-192.1,20.5,50.2,-195.9,-145.5,410.22554771735025,46,-388,-125,191.40830702976294,-6.400000000000006,-191.3,0.6999999999999886,190.4,-20.7,-246.7,373.2505860678587,184,-212,-246
181,0.0,toyota,clotplus,111.37762342589286,1,1,196.14662882649804,-8.200000000000003,-195.1,18.5,50.2,-195.9,-145.5,413.2481094935584,42,-391,-127,193.42321473907936,-5.400000000000006,-193.3,-4.300000000000011,190.4,-20.7,-246.7,378.1824956287639,185,-214,-251
182,0.0,toyota,clotplus,111.37762342589286,1,1,189.83229440745848,-8.200000000000003,-189.1,14.5,50.2,-195.9,-145.5,408.8398219351926,42,-385,-131,189.37354619904016,-2.4000000000000057,-189.3,4.699999999999989,190.4,-20.7,-246.7,371.4942799021272,188,-210,-242
183,0.0,toyota,clotplus,111.37762342589286,1,1,189.3713283472448,-4.200000000000003,-188.1,21.5,50.2,-195.9,-145.5,406.13790761267285,46,-384,-124,188.54585649119952,-8.400000000000006,-188.3,4.699999999999989,190.4,-20.7,-246.7,367.92526415020757,182,-209,-242
184,0.0,toyota,clotplus,111.37762342589286,1,1,189.3317194766899,-9.200000000000003,-188.1,19.5,50.2,-195.9,-145.5,406.21792181044896,41,-384,-126,186.56618128696317,-9.400000000000006,-186.3,-3.3000000000000114,190.4,-20.7,-246.7,371.6315379512347,181,-207,-250
185,0.0,toyota,clotplus,111.37762342589286,1,1,189.84177622430738,-12.200000000000003,-189.1,11.5,50.2,-195.9,-145.5,409.42032191868543,38,-385,-134,199.9318383849856,-2.4000000000000057,-199.3,15.699999999999989,190.4,-20.7,-246.7,370.2769233965303,188,-220,-231
186,0.0,toyota,clotplus,111.37762342589286,1,1,187.43132075509683,-7.200000000000003,-187.1,8.5,50.2,-195.9,-145.5,409.03178360611537,43,-383,-137,187.4106186959533,-4.400000000000006,-187.3,4.699999999999989,190.4,-20.7,-246.7,369.3561966449189,186,-208,-242
187,0.0,toyota,clotplus,111.37762342589286,1,1,189.31534538964348,-6.200000000000003,-188.1,20.5,50.2,-195.9,-145.5,406.2228452463007,44,-384,-125,188.5882817144268,-10.400000000000006,-188.3,0.6999999999999886,190.4,-20.7,-246.7,369.5903137258876,180,-209,-246
188,0.0,toyota,clotplus,111.37762342589286,1,1,191.2932304081877,-12.200000000000003,-190.1,17.5,50.2,-195.9,-145.5,408.44093820282023,38,-386,-128,191.43547215706917,-6.400000000000006,-191.3,-3.3000000000000114,190.4,-20.7,-246.7,375.89892258425004,184,-212,-250
189,0.0,toyota,clotplus,111.37762342589286,1,1,190.2243412394954,-5.200000000000003,-190.1,-4.5,50.2,-195.9,-145.5,416.5585192983094,45,-386,-150,191.1024332655134,2.5999999999999943,-190.3,-17.30000000000001,190.4,-20.7,-246.7,389.18633069520826,193,-211,-264
190,0.0,toyota,clotplus,111.37762342589286,1,1,202.15414910409334,-2.200000000000003,-201.1,-20.5,50.2,-195.9,-145.5,432.976904695851,48,-397,-166,205.66414369062977,-7.400000000000006,-202.3,-36.30000000000001,190.4,-20.7,-246.7,404.1126080685927,183,-223,-283
191,0.0,toyota,clotplus,111.37762342589286,1,1,222.75524685178573,-52.2,-214.1,-32.5,50.2,-195.9,-145.5,446.9765094498815,-2,-410,-178,219.6423001154377,-62.400000000000006,-206.3,-42.30000000000001,190.4,-20.7,-246.7,389.14521711052805,128,-227,-289
192,0.0,toyota,clotplus,111.37762342589286,1,1,166.31626498932687,-8.200000000000003,-163.1,31.5,50.2,-195.9,-145.5,379.0,42,-359,-114,159.82721920874428,57.599999999999994,-148.3,-15.300000000000011,190.4,-20.7,-246.7,398.382981564223,248,-169,-262
193,0.0,toyota,clotplus,222.75524685178573,2,1,103.81088574903886,-58.2,-81.1,-28.5,50.2,-195.9,-145.5,327.2139972556186,-8,-277,-174,77.08268288013852,-33.400000000000006,-64.3,-26.30000000000001,190.4,-20.7,-246.7,326.19472711863386,157,-85,-273
194,0.0,toyota,clotplus,222.75524685178573,2,1,58.98728676587863,-52.2,-27.099999999999994,4.5,50.2,-195.9,-145.5,263.8446512628217,-2,-223,-141,58.71575597742058,-48.400000000000006,-29.3,15.699999999999989,190.4,-20.7,-246.7,275.72631357924473,142,-50,-231
195,0.0,toyota,clotplus,0.0,0,1,35.466885964234294,-8.200000000000003,-22.099999999999994,26.5,50.2,-195.9,-145.5,251.890849377265,42,-218,-119,25.774793888603647,-2.4000000000000057,-22.3,12.699999999999989,190.4,-20.7,-246.7,303.2309350973281,188,-43,-234
196,0.0,toyota,clotplus,0.0,0,1,15.719414747375293,1.7999999999999972,-13.099999999999994,8.5,50.2,-195.9,-145.5,255.25281585126538,52,-209,-137,15.176956216580443,7.599999999999994,-11.3,6.699999999999989,190.4,-20.7,-246.7,312.7746792820672,198,-32,-240
197,0.0,toyota,clotplus,0.0,0,1,15.934239862635426,7.799999999999997,-9.099999999999994,10.5,50.2,-195.9,-145.5,252.2181595365409,58,-205,-135,10.636728820459789,3.5999999999999943,-9.3,3.6999999999999886,190.4,-20.7,-246.7,312.385979198811,194,-30,-243
198,0.0,toyota,clotplus,0.0,0,1,13.019216566291533,3.799999999999997,-9.099999999999994,8.5,50.2,-195.9,-145.5,252.4083992263332,54,-205,-137,9.041017641836572,0.5999999999999943,-7.300000000000001,-5.300000000000011,190.4,-20.7,-246.7,317.4413331625231,191,-28,-252
199,0.0,toyota,clotplus,0.0,0,1,6.236986451805065,-1.2000000000000028,-6.099999999999994,0.5,50.2,-195.9,-145.5,253.43638254994093,49,-202,-145,9.609370426828185,3.5999999999999943,-6.300000000000001,-6.300000000000011,190.4,-20.7,-246.7,319.9593724209372,194,-27,-253
200,0.0,toyota,clotplus,0.0,0,1,7.422937423958251,1.7999999999999972,-3.0999999999999943,-6.5,50.2,-195.9,-145.5,255.75183283800723,52,-199,-152,7.742092740338359,5.599999999999994,-5.300000000000001,0.6999999999999886,190.4,-20.7,-246.7,315.60735099170296,196,-26,-246
201,0.0,toyota,clotplus,0.0,0,1,7.436396977031277,4.799999999999997,-5.099999999999994,2.5,50.2,-195.9,-145.5,252.73503912200223,55,-201,-143,4.042276586281555,-0.4000000000000057,-3.3000000000000007,-2.3000000000000114,190.4,-20.7,-246.7,314.1289544120376,190,-24,-249
202,0.0,toyota,clotplus,0.0,0,1,4.370354676682426,-0.20000000000000284,-4.099999999999994,-1.5,50.2,-195.9,-145.5,253.1975513309716,50,-200,-147,10.823123393919163,-0.4000000000000057,-3.3000000000000007,-10.300000000000011,190.4,-20.7,-246.7,320.5074102107469,190,-24,-257
203,0.0,toyota,clotplus,0.0,0,1,7.77817459305202,-1.2000000000000028,-4.099999999999994,-6.5,50.2,-195.9,-145.5,255.9394459632981,49,-200,-152,5.669215113223348,4.599999999999994,-0.3000000000000007,-3.3000000000000114,190.4,-20.7,-246.7,317.7514752129406,195,-21,-250
204,0.0,toyota,clotplus,0.0,0,1,6.024948132556823,3.799999999999997,-3.0999999999999943,-3.5,50.2,-195.9,-145.5,254.39732702998276,54,-199,-149,4.768647607026548,1.5999999999999943,-4.300000000000001,-1.3000000000000114,190.4,-20.7,-246.7,314.63153052419904,192,-25,-248
205,0.0,toyota,clotplus,0.0,0,1,4.301162633521309,2.799999999999997,-2.0999999999999943,2.5,50.2,-195.9,-145.5,249.92398844448687,53,-198,-143,11.078808600206083,-2.4000000000000057,-3.3000000000000007,-10.300000000000011,190.4,-20.7,-246.7,319.3258523827972,188,-24,-257
206,0.0,toyota,clotplus,0.0,0,1,5.167204273105523,-2.200000000000003,-3.0999999999999943,-3.5,50.2,-195.9,-145.5,253.1916270337548,48,-199,-149,5.791372894228115,-0.4000000000000057,-2.3000000000000007,-5.300000000000011,190.4,-20.7,-246.7,316.43798760578665,190,-23,-252
207,0.0,toyota,clotplus,0.0,0,1,5.0299105359837135,0.7999999999999972,-2.0999999999999943,-4.5,50.2,-195.9,-145.5,253.58430550804994,51,-198,-150,4.46542271235322,3.5999999999999943,-2.3000000000000007,-1.3000000000000114,190.4,-20.7,-246.7,315.70397526797154,194,-23,-248
208,0.0,toyota,clotplus,0.0,0,1,4.593473631142336,3.799999999999997,-2.0999999999999943,1.5,50.2,-195.9,-145.5,250.71098898931416,54,-198,-144,2.6720778431774845,-0.4000000000000057,-2.3000000000000007,-1.3000000000000114,190.4,-20.7,-246.7,313.26187128343594,190,-23,-248
209,0.0,toyota,clotplus,0.0,0,1,3.271085446759222,-0.20000000000000284,-2.0999999999999943,2.5,50.2,-195.9,-145.5,249.3050340446418,50,-198,-143,8.940917178902856,-2.4000000000000057,-2.3000000000000007,-8.300000000000011,190.4,-20.7,-246.7,317.64445532702126,188,-23,-255
210,0.0,toyota,clotplus,0.0,0,1,9.59687449120806,-3.200000000000003,-3.0999999999999943,-8.5,50.2,-195.9,-145.5,255.9804680048851,47,-199,-154,6.110646446980878,4.599999999999994,-2.3000000000000007,-3.3000000000000114,190.4,-20.7,-246.7,317.88991805340413,195,-23,-250
211,0.0,toyota,clotplus,0.0,0,1,3.271085446759222,1.7999999999999972,-1.0999999999999943,-2.5,50.2,-195.9,-145.5,251.82732179015048,52,-197,-148,2.9899832775452033,2.5999999999999943,-1.3000000000000007,0.6999999999999886,190.4,-20.7,-246.7,313.4469652110226,193,-22,-246
212,0.0,toyota,clotplus,0.0,0,1,3.807886552931949,2.799999999999997,-2.0999999999999943,-1.5,50.2,-195.9,-145.5,252.2340183242538,53,-198,-147,5.927900134111583,-2.4000000000000057,-3.3000000000000007,-4.300000000000011,190.4,-20.7,-246.7,314.51709015568616,188,-24,-251
213,0.0,toyota,clotplus,0.0,0,1,6.877499545619758,-3.200000000000003,-4.099999999999994,-4.5,50.2,-195.9,-145.5,254.37963754986365,47,-200,-150,7.857480512225286,2.5999999999999943,-1.3000000000000007,-7.300000000000011,190.4,-20.7,-246.7,319.76397545689855,193,-22,-254
214,0.0,toyota,clotplus,0.0,0,1,4.460941604639088,1.7999999999999972,-2.0999999999999943,-3.5,50.2,-195.9,-145.5,253.1975513309716,52,-198,-149,4.9335585534175985,3.5999999999999943,-3.3000000000000007,0.6999999999999886,190.4,-20.7,-246.7,314.2101207790736,194,-24,-246
215,0.0,toyota,clotplus,0.0,0,1,3.478505426185215,-1.2000000000000028,-2.0999999999999943,-2.5,50.2,-195.9,-145.5,252.00992043965255,49,-198,-148,8.725823743349403,-1.4000000000000057,-2.3000000000000007,-8.300000000000011,190.4,-20.7,-246.7,318.23733281939127,189,-23,-255
216,0.0,toyota,clotplus,0.0,0,1,9.027735042633893,-2.200000000000003,-2.0999999999999943,-8.5,50.2,-195.9,-145.5,255.3898979991182,48,-198,-154,3.839270764090489,3.5999999999999943,-1.3000000000000007,-0.30000000000001137,190.4,-20.7,-246.7,314.8475821727078,194,-22,-247
217,0.0,toyota,clotplus,0.0,0,1,4.370354676682426,3.799999999999997,-2.0999999999999943,-0.5,50.2,-195.9,-145.5,251.86504322751898,54,-198,-146,3.6796738985948187,1.5999999999999943,-3.3000000000000007,-0.30000000000001137,190.4,-20.7,-246.7,313.765836253726,192,-24,-247
218,0.0,toyota,clotplus,0.0,0,1,5.128352561983228,1.7999999999999972,-4.099999999999994,2.5,50.2,-195.9,-145.5,251.30260643296162,52,-200,-143,8.363013810822041,-2.4000000000000057,-3.3000000000000007,-7.300000000000011,190.4,-20.7,-246.7,316.9163927599833,188,-24,-254
219,0.0,toyota,clotplus,0.0,0,1,4.701063709417261,-3.200000000000003,-3.0999999999999943,-1.5,50.2,-195.9,-145.5,251.8312927338459,47,-199,-147,8.422588675698236,0.5999999999999943,-1.3000000000000007,-8.300000000000011,190.4,-20.7,-246.7,319.3587324624144,191,-22,-255
220,0.0,toyota,clotplus,0.0,0,1,6.3166446789415,-0.20000000000000284,-3.0999999999999943,-5.5,50.2,-195.9,-145.5,254.75870937025883,50,-199,-151,4.46542271235322,3.5999999999999943,-2.3000000000000007,-1.3000000000000114,190.4,-20.7,-246.7,315.70397526797154,194,-23,-248
221,0.0,toyota,clotplus,0.0,0,1,6.024948132556823,3.799999999999997,-3.0999999999999943,3.5,50.2,-195.9,-145.5,250.36173829081793,54,-199,-142,6.398437309218568,-1.4000000000000057,-3.3000000000000007,-5.300000000000011,190.4,-20.7,-246.7,315.91296269700615,189,-24,-252
222,0.0,toyota,clotplus,0.0,0,1,1.7029386365926384,-1.2000000000000028,-1.0999999999999943,0.5,50.2,-195.9,-145.5,249.4694370058184,49,-197,-145,7.819207120929855,1.5999999999999943,-2.3000000000000007,-7.300000000000011,190.4,-20.7,-246.7,319.23189063751136,192,-23,-254
223,0.0,toyota,clotplus,0.0,0,1,6.877499545619758,0.7999999999999972,-2.0999999999999943,-6.5,50.2,-195.9,-145.5,254.77244748991205,51,-198,-152,3.8652296180175294,2.5999999999999943,-2.3000000000000007,1.6999999999999886,190.4,-20.7,-246.7,312.73471185655103,193,-23,-245
224,0.0,toyota,clotplus,0.0,0,1,5.009990019950135,3.799999999999997,-2.0999999999999943,2.5,50.2,-195.9,-145.5,250.13796193301008,54,-198,-143,7.505997601918094,-2.4000000000000057,-3.3000000000000007,-6.300000000000011,190.4,-20.7,-246.7,316.1154852265229,188,-24,-253
225,0.0,toyota,clotplus,0.0,0,1,4.086563348340507,-2.200000000000003,-3.0999999999999943,-1.5,50.2,-195.9,-145.5,252.01984048879962,48,-199,-147,9.681941953967717,-1.4000000000000057,-2.3000000000000007,-9.300000000000011,190.4,-20.7,-246.7,319.03918254659567,189,-23,-256
226,0.0,toyota,clotplus,0.0,0,1,9.027735042633893,-2.200000000000003,-2.0999999999999943,-8.5,50.2,-195.9,-145.5,255.3898979991182,48,-198,-154,5.756735185849707,3.5999999999999943,-1.3000000000000007,-4.300000000000011,190.4,-20.7,-246.7,317.99528298388327,194,-22,-251
227,0.0,toyota,clotplus,0.0,0,1,4.8682645778552285,2.799999999999997,-3.0999999999999943,2.5,50.2,-195.9,-145.5,250.7169719025818,53,-199,-143,6.688796603276269,-2.4000000000000057,-3.3000000000000007,-5.300000000000011,190.4,-20.7,-246.7,315.31571480026173,188,-24,-252
228,0.0,toyota,clotplus,0.0,0,1,3.3911649915626323,-2.200000000000003,-2.0999999999999943,1.5,50.2,-195.9,-145.5,249.48747463550148,48,-198,-144,8.725823743349403,-1.4000000000000057,-2.3000000000000007,-8.300000000000011,190.4,-20.7,-246.7,318.23733281939127,189,-23,-255
229,0.0,toyota,clotplus,0.0,0,1,6.284902544988266,-2.200000000000003,-2.0999999999999943,-5.5,50.2,-195.9,-145.5,253.59219230883272,48,-198,-151,5.398147830506313,3.5999999999999943,-3.3000000000000007,-2.3000000000000114,190.4,-20.7,-246.7,316.56436944166666,194,-24,-249
230,0.0,toyota,clotplus,0.0,0,1,4.20713679359252,2.799999999999997,-3.0999999999999943,-0.5,50.2,-195.9,-145.5,252.44009190300974,53,-199,-146,3.6796738985948187,1.5999999999999943,-3.3000000000000007,-0.30000000000001137,190.4,-20.7,-246.7,313.765836253726,192,-24,-247
231,0.0,toyota,clotplus,0.0,0,1,5.6833088953531234,1.7999999999999972,-4.099999999999994,3.5,50.2,-195.9,-145.5,250.73491978581683,52,-200,-142,7.882892870006555,-3.4000000000000057,-3.3000000000000007,-6.300000000000011,190.4,-20.7,-246.7,315.52179005577415,187,-24,-253
232,0.0,toyota,clotplus,0.0,0,1,6.3324560795950235,-3.200000000000003,-3.0999999999999943,-4.5,50.2,-195.9,-145.5,253.5941639707034,47,-199,-150,7.289718787443047,1.5999999999999943,-3.3000000000000007,-6.300000000000011,190.4,-20.7,-246.7,318.5105963700423,192,-24,-253
233,0.0,toyota,clotplus,0.0,0,1,8.757853618324525,-0.20000000000000284,-2.0999999999999943,-8.5,50.2,-195.9,-145.5,255.77333715616254,50,-198,-154,5.808614292583041,4.599999999999994,-3.3000000000000007,-1.3000000000000114,190.4,-20.7,-246.7,316.39374203672236,195,-24,-248
234,0.0,toyota,clotplus,0.0,0,1,5.128352561983228,3.799999999999997,-3.0999999999999943,-1.5,50.2,-195.9,-145.5,253.2311197305734,54,-199,-147,5.927900134111583,-2.4000000000000057,-3.3000000000000007,-4.300000000000011,190.4,-20.7,-246.7,314.51709015568616,188,-24,-251
235,0.0,toyota,clotplus,0.0,0,1,3.449637662132063,-0.20000000000000284,-3.0999999999999943,1.5,50.2,-195.9,-145.5,250.67309388923255,50,-199,-144,8.132650244538995,-1.4000000000000057,-3.3000000000000007,-7.300000000000011,190.4,-20.7,-246.7,317.5106297433206,189,-24,-254
236,0.0,toyota,clotplus,0.0,0,1,9.322016949137133,-3.200000000000003,-2.0999999999999943,-8.5,50.2,-195.9,-145.5,255.2038400965001,47,-198,-154,5.398147830506315,3.5999999999999943,-2.3000000000000007,-3.3000000000000114,190.4,-20.7,-246.7,317.2774810792597,194,-23,-250
237,0.0,toyota,clotplus,0.0,0,1,5.700877125495686,2.799999999999997,-2.0999999999999943,-4.5,50.2,-195.9,-145.5,253.99409441953566,53,-198,-150,3.2771939216347796,1.5999999999999943,-2.3000000000000007,1.6999999999999886,190.4,-20.7,-246.7,312.11856721444815,192,-23,-245
238,0.0,toyota,clotplus,0.0,0,1,7.328028384224504,-3.200000000000003,-1.0999999999999943,-6.5,50.2,-195.9,-145.5,253.2232216839522,47,-197,-152,6.011655346075661,2.5999999999999943,-3.3000000000000007,-4.300000000000011,190.4,-20.7,-246.7,317.5311008389572,193,-24,-251
239,0.0,toyota,clotplus,0.0,0,1,5.700877125495686,2.799999999999997,-2.0999999999999943,-4.5,50.2,-195.9,-145.5,253.99409441953566,53,-198,-150,4.641120554348906,1.5999999999999943,-2.3000000000000007,3.6999999999999886,190.4,-20.7,-246.7,310.55112300553674,192,-23,-243
240,0.0,toyota,clotplus,0.0,0,1,3.807886552931949,2.799999999999997,-2.0999999999999943,-1.5,50.2,-195.9,-145.5,252.2340183242538,53,-198,-147,7.519308478842996,-3.4000000000000057,-2.3000000000000007,-6.300000000000011,190.4,-20.7,-246.7,315.4473014625422,187,-23,-253
241,0.0,toyota,clotplus,0.0,0,1,4.086563348340507,-2.200000000000003,-3.0999999999999943,-1.5,50.2,-195.9,-145.5,252.01984048879962,48,-199,-147,8.62206471791996,-0.4000000000000057,-2.3000000000000007,-8.300000000000011,190.4,-20.7,-246.7,318.832244291571,190,-23,-255
242,0.0,toyota,clotplus,0.0,0,1,4.785394445602159,-1.2000000000000028,-1.0999999999999943,-4.5,50.2,-195.9,-145.5,252.4083992263332,49,-197,-150,5.304714883949938,4.599999999999994,-1.3000000000000007,-2.3000000000000114,190.4,-20.7,-246.7,317.0331212980751,195,-22,-249
243,0.0,toyota,clotplus,0.0,0,1,4.230839160261232,3.799999999999997,-1.0999999999999943,-1.5,50.2,-195.9,-145.5,251.6624723712298,54,-197,-147,1.5937377450509163,0.5999999999999943,-1.3000000000000007,0.6999999999999886,190.4,-20.7,-246.7,312.21947408834063,191,-22,-246
244,0.0,toyota,clotplus,0.0,0,1,5.6833088953531234,1.7999999999999972,-4.099999999999994,3.5,50.2,-195.9,-145.5,250.73491978581683,52,-200,-142,9.557196241576303,-3.4000000000000057,-3.3000000000000007,-8.300000000000011,190.4,-20.7,-246.7,317.1277345171816,187,-24,-255
245,0.0,toyota,clotplus,0.0,0,1,5.6302753041037,-3.200000000000003,-1.0999999999999943,-4.5,50.2,-195.9,-145.5,252.02777624698433,47,-197,-150,8.422588675698236,0.5999999999999943,-1.3000000000000007,-8.300000000000011,190.4,-20.7,-246.7,319.3587324624144,191,-22,-255
246,0.0,toyota,clotplus,0.0,0,1,6.595452979136459,-0.20000000000000284,-1.0999999999999943,-6.5,50.2,-195.9,-145.5,253.7971631047124,50,-197,-152,3.8910152916687366,3.5999999999999943,-1.3000000000000007,0.6999999999999886,190.4,-20.7,-246.7,314.06368780869906,194,-22,-246
247,0.0,toyota,clotplus,0.0,0,1,5.128352561983228,3.799999999999997,-3.0999999999999943,1.5,50.2,-195.9,-145.5,251.501491049258,54,-199,-144,6.688796603276269,-2.4000000000000057,-3.3000000000000007,-5.300000000000011,190.4,-20.7,-246.7,315.31571480026173,188,-24,-252
248,0.0,toyota,clotplus,0.0,0,1,4.527692569068704,-1.2000000000000028,-4.099999999999994,1.5,50.2,-195.9,-145.5,251.27077028576164,49,-200,-144,7.793587107359499,-2.4000000000000057,-1.3000000000000007,-7.300000000000011,190.4,-20.7,-246.7,316.77121081310406,188,-22,-254
249,0.0,toyota,clotplus,0.0,0,1,9.126883367283707,-3.200000000000003,-4.099999999999994,-7.5,50.2,-195.9,-145.5,256.1601061836132,47,-200,-153,4.8518037882832825,3.5999999999999943,-2.3000000000000007,-2.3000000000000114,190.4,-20.7,-246.7,316.4901262282917,194,-23,-249
250,0.0,toyota,clotplus,0.0,0,1,5.412947441089741,2.799999999999997,-1.0999999999999943,-4.5,50.2,-195.9,-145.5,253.2153233909828,53,-197,-150,3.3674916480965376,2.5999999999999943,-1.3000000000000007,1.6999999999999886,190.4,-20.7,-246.7,312.6627576159335,193,-22,-245
251,0.0,toyota,clotplus,0.0,0,1,3.271085446759222,1.7999999999999972,-1.0999999999999943,2.5,50.2,-195.9,-145.5,248.9216744279212,52,-197,-143,5.927900134111583,-2.4000000000000057,-3.3000000000000007,-4.300000000000011,190.4,-20.7,-246.7,314.51709015568616,188,-24,-251
252,0.0,toyota,clotplus,0.0,0,1,3.5071355833500366,-2.200000000000003,-1.0999999999999943,-2.5,50.2,-195.9,-145.5,251.03187048659777,48,-197,-148,8.315046602394974,-0.4000000000000057,-0.3000000000000007,-8.300000000000011,190.4,-20.7,-246.7,318.69421080402446,190,-21,-255
253,0.0,toyota,clotplus,0.0,0,1,4.969909455915669,-0.20000000000000284,-2.0999999999999943,-4.5,50.2,-195.9,-145.5,253.3850824338323,50,-198,-150,6.27216071222668,4.599999999999994,-3.3000000000000007,2.6999999999999886,190.4,-20.7,-246.7,313.2682556532021,195,-24,-244
254,0.0,toyota,clotplus,0.0,0,1,4.370354676682426,3.799999999999997,-2.0999999999999943,0.5,50.2,-195.9,-145.5,251.2866888635369,54,-198,-145,3.541186241925165,-1.4000000000000057,-2.3000000000000007,-2.3000000000000114,190.4,-20.7,-246.7,313.45015552715876,189,-23,-249
255,0.0,toyota,clotplus,0.0,0,1,2.1679483388678746,-0.20000000000000284,-2.0999999999999943,-0.5,50.2,-195.9,-145.5,251.0378457523885,50,-198,-146,10.155786527886466,-2.4000000000000057,-3.3000000000000007,-9.300000000000011,190.4,-20.7,-246.7,318.5215848258953,188,-24,-256
256,0.0,toyota,clotplus,0.0,0,1,6.284902544988266,-4.200000000000003,-3.0999999999999943,-3.5,50.2,-195.9,-145.5,252.82009413810445,46,-199,-149,6.011655346075661,2.5999999999999943,-3.3000000000000007,-4.300000000000011,190.4,-20.7,-246.7,317.5311008389572,193,-24,-251
257,0.0,toyota,clotplus,0.0,0,1,5.282045058497699,1.7999999999999972,-2.0999999999999943,-4.5,50.2,-195.9,-145.5,253.78731252763603,52,-198,-150,3.541186241925149,2.5999999999999943,-2.3000000000000007,0.6999999999999886,190.4,-20.7,-246.7,313.5187394718217,193,-23,-246
258,0.0,toyota,clotplus,0.0,0,1,4.593473631142336,3.799999999999997,-2.0999999999999943,1.5,50.2,-195.9,-145.5,250.71098898931416,54,-198,-144,5.073460357586336,-1.4000000000000057,-4.300000000000001,-2.3000000000000114,190.4,-20.7,-246.7,313.6032525341534,189,-25,-249
259,0.0,toyota,clotplus,0.0,0,1,4.301162633521309,-1.2000000000000028,-4.099999999999994,0.5,50.2,-195.9,-145.5,251.84519054371478,49,-200,-145,8.410707461325723,-0.4000000000000057,-1.3000000000000007,-8.300000000000011,190.4,-20.7,-246.7,318.76166645316687,190,-22,-255
260,0.0,toyota,clotplus,0.0,0,1,4.785394445602159,-1.2000000000000028,-1.0999999999999943,-4.5,50.2,-195.9,-145.5,252.4083992263332,49,-197,-150,5.398147830506313,3.5999999999999943,-3.3000000000000007,-2.3000000000000114,190.4,-20.7,-246.7,316.56436944166666,194,-24,-249
261,0.0,toyota,clotplus,0.0,0,1,5.44977063737548,2.799999999999997,-3.0999999999999943,-3.5,50.2,-195.9,-145.5,254.18693908224316,53,-199,-149,2.437211521390791,1.5999999999999943,-1.3000000000000007,-1.3000000000000114,190.4,-20.7,-246.7,314.40737904826597,192,-22,-248
262,0.0,toyota,clotplus,0.0,0,1,5.753259945457006,1.7999999999999972,-3.0999999999999943,4.5,50.2,-195.9,-145.5,249.37120924437127,52,-199,-141,6.70373030483776,-3.4000000000000057,-2.3000000000000007,-5.300000000000011,190.4,-20.7,-246.7,314.6458326436249,187,-23,-252
263,0.0,toyota,clotplus,0.0,0,1,5.167204273105523,-2.200000000000003,-3.0999999999999943,-3.5,50.2,-195.9,-145.5,253.1916270337548,48,-199,-149,7.677239087067704,0.5999999999999943,-2.3000000000000007,-7.300000000000011,190.4,-20.7,-246.7,318.63144854204205,191,-23,-254
264,0.0,toyota,clotplus,0.0,0,1,7.204165461731148,-0.20000000000000284,-3.0999999999999943,-6.5,50.2,-195.9,-145.5,255.35269726399994,50,-199,-152,3.839270764090489,3.5999999999999943,-1.3000000000000007,-0.30000000000001137,190.4,-20.7,-246.7,314.8475821727078,194,-22,-247
265,0.0,toyota,clotplus,0.0,0,1,5.147815070493496,4.799999999999997,-1.0999999999999943,-1.5,50.2,-195.9,-145.5,251.87893917515217,55,-197,-147,3.541186241925165,-1.4000000000000057,-2.3000000000000007,-2.3000000000000114,190.4,-20.7,-246.7,313.45015552715876,189,-23,-249
266,0.0,toyota,clotplus,0.0,0,1,3.9874804074753727,-0.20000000000000284,-3.0999999999999943,2.5,50.2,-195.9,-145.5,250.099980007996,50,-199,-143,11.778794505381283,-2.4000000000000057,-2.3000000000000007,-11.300000000000011,190.4,-20.7,-246.7,320.0578072786227,188,-23,-258
267,0.0,toyota,clotplus,0.0,0,1,6.700746227100381,-3.200000000000003,-2.0999999999999943,-5.5,50.2,-195.9,-145.5,253.40481447675774,47,-198,-151,7.289718787443047,1.5999999999999943,-3.3000000000000007,-6.300000000000011,190.4,-20.7,-246.7,318.5105963700423,192,-24,-253
268,0.0,toyota,clotplus,0.0,0,1,5.522680508593626,0.7999999999999972,-3.0999999999999943,-4.5,50.2,-195.9,-145.5,254.3658782148266,51,-199,-150,5.053711507397301,3.5999999999999943,-2.3000000000000007,2.6999999999999886,190.4,-20.7,-246.7,312.5715917993828,194,-23,-244
269,0.0,toyota,clotplus,0.0,0,1,6.024948132556823,3.799999999999997,-3.0999999999999943,3.5,50.2,-195.9,-145.5,250.36173829081793,54,-199,-142,4.259107887809379,-1.4000000000000057,-3.3000000000000007,-2.3000000000000114,190.4,-20.7,-246.7,313.52511861093365,189,-24,-249
270,0.0,toyota,clotplus,0.0,0,1,3.3911649915626323,-2.200000000000003,-2.0999999999999943,-1.5,50.2,-195.9,-145.5,251.23096942853203,48,-198,-147,9.96694536957037,-1.4000000000000057,-3.3000000000000007,-9.300000000000011,190.4,-20.7,-246.7,319.11283270968596,189,-24,-256
271,0.0,toyota,clotplus,0.0,0,1,6.426507605223849,-1.2000000000000028,-3.0999999999999943,-5.5,50.2,-195.9,-145.5,254.56433371546768,49,-199,-151,4.46542271235322,3.5999999999999943,-2.3000000000000007,-1.3000000000000114,190.4,-20.7,-246.7,315.70397526797154,194,-23,-248
272,0.0,toyota,clotplus,0.0,0,1,5.009990019950135,3.799999999999997,-2.0999999999999943,-2.5,50.2,-195.9,-145.5,253.02964253225352,54,-198,-148,2.922327839240488,2.5999999999999943,-1.3000000000000007,-0.30000000000001137,190.4,-20.7,-246.7,314.23239807505524,193,-22,-247
273,0.0,toyota,clotplus,0.0,0,1,5.44977063737548,2.799999999999997,-3.0999999999999943,3.5,50.2,-195.9,-145.5,250.14795621791515,53,-199,-142,7.123201527403262,-2.4000000000000057,-2.3000000000000007,-6.300000000000011,190.4,-20.7,-246.7,316.0411365629481,188,-23,-253
274,0.0,toyota,clotplus,0.0,0,1,5.6302753041037,-3.200000000000003,-1.0999999999999943,-4.5,50.2,-195.9,-145.5,252.02777624698433,47,-197,-150,4.532107677449874,0.5999999999999943,-1.3000000000000007,-4.300000000000011,190.4,-20.7,-246.7,316.1740027263469,191,-22,-251
275,0.0,toyota,clotplus,0.0,0,1,6.935416353759879,-1.2000000000000028,-2.0999999999999943,-6.5,50.2,-195.9,-145.5,254.37963754986365,49,-198,-152,5.190375708944385,4.599999999999994,-2.3000000000000007,0.6999999999999886,190.4,-20.7,-246.7,314.7538720969132,195,-23,-246
276,0.0,toyota,clotplus,0.0,0,1,4.20713679359252,2.799999999999997,-3.0999999999999943,0.5,50.2,-195.9,-145.5,251.863058029557,53,-199,-145,4.042276586281555,-0.4000000000000057,-3.3000000000000007,-2.3000000000000114,190.4,-20.7,-246.7,314.1289544120376,190,-24,-249
277,0.0,toyota,clotplus,0.0,0,1,3.240370349203924,0.7999999999999972,-3.0999999999999943,0.5,50.2,-195.9,-145.5,251.44979618206096,51,-199,-145,8.363013810822041,-2.4000000000000057,-3.3000000000000007,-7.300000000000011,190.4,-20.7,-246.7,316.9163927599833,188,-24,-254
278,0.0,toyota,clotplus,0.0,0,1,7.078135347674554,-3.200000000000003,-3.0999999999999943,-5.5,50.2,-195.9,-145.5,254.18693908224316,47,-199,-151,5.526300751859246,2.5999999999999943,-2.3000000000000007,-4.300000000000011,190.4,-20.7,-246.7,317.45708371368875,193,-23,-251
279,0.0,toyota,clotplus,0.0,0,1,5.700877125495686,2.799999999999997,-2.0999999999999943,-4.5,50.2,-195.9,-145.5,253.99409441953566,53,-198,-150,4.3977266854592045,2.5999999999999943,-3.3000000000000007,-1.3000000000000114,190.4,-20.7,-246.7,315.16503613186535,193,-24,-248
280,0.0,toyota,clotplus,0.0,0,1,3.9115214431215857,2.799999999999997,-1.0999999999999943,2.5,50.2,-195.9,-145.5,249.1324948696978,53,-197,-143,5.927900134111583,-2.4000000000000057,-3.3000000000000007,-4.300000000000011,190.4,-20.7,-246.7,314.51709015568616,188,-24,-251
281,0.0,toyota,clotplus,0.0,0,1,5.108815909777919,-3.200000000000003,-3.0999999999999943,-2.5,50.2,-195.9,-145.5,252.4163227685563,47,-199,-148,4.892851929090038,-0.4000000000000057,-2.3000000000000007,-4.300000000000011,190.4,-20.7,-246.7,315.6422025015033,190,-23,-251
282,0.0,toyota,clotplus,0.0,0,1,7.5960516059331775,-1.2000000000000028,-0.09999999999999432,-7.5,50.2,-195.9,-145.5,253.4284909002932,49,-196,-153,4.465422712353223,3.5999999999999943,-1.3000000000000007,-2.3000000000000114,190.4,-20.7,-246.7,316.4190259766312,194,-22,-249
283,0.0,toyota,clotplus,0.0,0,1,5.412947441089741,2.799999999999997,-1.0999999999999943,-4.5,50.2,-195.9,-145.5,253.2153233909828,53,-197,-150,4.9939963956735,0.5999999999999943,-3.3000000000000007,3.6999999999999886,190.4,-20.7,-246.7,310.0096772683072,191,-24,-243
284,0.0,toyota,clotplus,0.0,0,1,2.701851217221254,0.7999999999999972,-2.0999999999999943,-1.5,50.2,-195.9,-145.5,251.82136525719974,51,-198,-147,7.882892870006555,-3.4000000000000057,-3.3000000000000007,-6.300000000000011,190.4,-20.7,-246.7,315.52179005577415,187,-24,-253
285,0.0,toyota,clotplus,0.0,0,1,6.3324560795950235,-3.200000000000003,-3.0999999999999943,-4.5,50.2,-195.9,-145.5,253.5941639707034,47,-199,-150,6.460650122085249,0.5999999999999943,-1.3000000000000007,-6.300000000000011,190.4,-20.7,-246.7,317.7640634181279,191,-22,-253
286,0.0,toyota,clotplus,0.0,0,1,4.969909455915669,-0.20000000000000284,-2.0999999999999943,-4.5,50.2,-195.9,-145.5,253.3850824338323,50,-198,-150,5.171073389539151,3.5999999999999943,-3.3000000000000007,1.6999999999999886,190.4,-20.7,-246.7,313.4278226322609,194,-24,-245
287,0.0,toyota,clotplus,0.0,0,1,4.593473631142336,3.799999999999997,-2.0999999999999943,1.5,50.2,-195.9,-145.5,250.71098898931416,54,-198,-144,3.541186241925165,-1.4000000000000057,-2.3000000000000007,-2.3000000000000114,190.4,-20.7,-246.7,313.45015552715876,189,-23,-249
